Position Title,Date,Apply,Work Model,Location,Company,Hire Time,Graduate Time,Company Industry,Company Size,Salary,Qualifications
Software Developer Intern - Summer 2026,2025-08-26,https://jobright.ai/jobs/info/68ae63d6daf1431824ca2b76?utm_source=1099&utm_campaign=Software Engineer,On Site,"Denver, CO",AtkinsRéalis,2026-Summer,,"Civil Engineering,Construction",10000+,$23-$29 /hr,"1. Must have completed 60 hours towards a Bachelor’s degree in Computer Science or be enrolled in a Master’s program in Information Systems from an accredited college/university by the start of the internship (Summer 2026).
2. Experience with C#, .NET platform, JavaScript, Typescript, SQL server database, and HTML.
3. Ability to use API-based integration with LLMs.
..."
Information Technology Internship -Summer 2026,2025-08-26,https://jobright.ai/jobs/info/68ae61e4758f2e4ac30132b3?utm_source=1099&utm_campaign=Software Engineer,On Site,"Michael Owens Way, Perrysburg, OH 43551, USA",O-I,2026-Summer,2025-December / 2026-December,"Food Processing,Manufacturing",10000+,,"1. You care about sustainability and the planet
2. You’re an innovator
3. You’re a good communicator
..."
Backend Software Engineering Intern 2026,2025-08-26,https://jobright.ai/jobs/info/68ae5f24daf1431824ca2a0d?utm_source=1099&utm_campaign=Software Engineer,On Site,"Multi Location
San Mateo, CA
San Mateo, CA United States",Verkada,2026-Winter,2027-June,"Enterprise Software,Internet of Things",1001-5000,$55-$65 /hr,"1. Ability to work at Verkada HQ during winter or summer 2026
2. Actively pursuing a Bachelor's or Master's degree in Computer Science or similar technical field of study and graduating by June 2027
3. Prior internship experience developing and launching products
..."
Engine Software Engineer Intern,2025-08-26,https://jobright.ai/jobs/info/68ae5ee4daf1431824ca29e8?utm_source=1099&utm_campaign=Software Engineer,On Site,"Multi Location
Cary, NC
Cary,North Carolina,United States",Epic Games,2026,,"Developer Platform,Gaming",1001-5000,,"1. Experience working on game features or technology with C#
2. Familiarity or willingness to learn C++
3. A passion for maximizing developer efficiency and product quality through automation
..."
Embedded Software Engineering Intern 2026,2025-08-26,https://jobright.ai/jobs/info/68ae5e01d627244576e53714?utm_source=1099&utm_campaign=Software Engineer,On Site,"Multi Location
San Mateo, CA
San Mateo, CA United States",Verkada,2026-Winter or Summer,2027-June,"Enterprise Software,Internet of Things",1001-5000,$55-$65 /hr,"1. Ability to work at Verkada HQ during winter or summer 2026
2. Actively pursuing a Bachelor's or Master's degree in Computer Science or similar technical field of study and graduating by June 2027
3. Internship experience developing and launching products
..."
Frontend Software Engineering Intern 2026,2025-08-26,https://jobright.ai/jobs/info/68ae5dfadaf1431824ca2966?utm_source=1099&utm_campaign=Software Engineer,On Site,"Multi Location
San Mateo, CA
San Mateo, CA United States",Verkada,2026-Winter,2027-June,"Enterprise Software,Internet of Things",1001-5000,$55-$65 /hr,"1. Ability to work at Verkada HQ during winter or summer 2026
2. Actively pursuing a Bachelor's or Master's degree in Computer Science or similar technical field of study and graduating by June 2027
3. Internship experience developing and launching products
..."
SaaS Co-Op,2025-08-26,https://jobright.ai/jobs/info/68ae5b85758f2e4ac30130e0?utm_source=1099&utm_campaign=Software Engineer,On Site,"520 Almanor Avenue, Sunnyvale, California, 94085, US",Nokia,2026-January,,"Electronics,Enterprise Software",10000+,$29.65-$47.20 /hr,"1. Pursuing a Master's degree in Computer Science
2. Pursuing a Master's degree in Electrical/Computer Engineering
3. Pursuing a Master's degree in Data Science
..."
Asc IT Software Engineer (Intern/Co-op Conversion) IANNI,2025-08-26,https://jobright.ai/jobs/info/68ae57acd627244576e53438?utm_source=1099&utm_campaign=Software Engineer,Hybrid,"Charlotte, NC",Duke Energy Corporation,,2025,"Clean Energy,Energy",10000+,,"1. Must have obtained bachelor's degree in computer science or related field from an ABET accredited program by official start date.
2. Only previous Duke Energy interns/co-ops may be considered.
3. Experience building software solutions both independently and as part of a team (could be through independent projects, internships, advanced education).
..."
Full Stack Intern,2025-08-26,https://jobright.ai/jobs/info/68ae55bf758f2e4ac3012def?utm_source=1099&utm_campaign=Software Engineer,On Site,"Multi Location
Colorado Springs, Colorado
Colorado Springs, CO",Keysight Technologies,2025-Summer,2027-Spring/Winter,"Analytics,Cloud Security",10000+,$25-$45 /hr,"1. Undergraduate student pursuing a bachelor degree in: Computer Science, Information Systems, Software Engineering, Applied Mathematics, Systems Engineering or related major.
2. Spring/Winter 2027 Expected Graduation
3. Proficient in at least two of the following areas: Database: SQL; Front-End: React, Vue, Angular; Responsive design frameworks; Back-End: Django, Flask, ExpressJS; AWS: EC2, S3, Lambda, Glue, DynamoDB; DevOps and CI/CD; e.g. Jenkins, Building and calling API’s; Test-Automation Suites; Programming languages: Python, JavaScript, TypeScript, Java, C++; Version Control (GIT); Integrated Development Environment(IDE): VSCode, PyCharm
..."
Software Developer Intern (Summer Internship Program),2025-08-26,https://jobright.ai/jobs/info/68ae4cc7daf1431824ca2220?utm_source=1099&utm_campaign=Software Engineer,Hybrid,"Multi Location
St Louis, MO
Chicago, IL
Westerville, OH
Pittsburgh, PA",CGI,2025-Summer,,"Analytics,Application Performance Management",5001-10000,$20-$28 /hr,"1. Currently enrolled as a Junior in credits at an accredited college or university in Computer Science, Computer Engineering, or a related field with significant technical coursework.
2. Strong problem-solving skills and the ability to think critically about technology solutions.
3. Eagerness to learn new tools, frameworks, and methodologies quickly.
..."
Highly Skilled WordPress Intern/Team Lead (UNPAID),2025-08-26,https://jobright.ai/jobs/info/68ae4c8a758f2e4ac3012974?utm_source=1099&utm_campaign=Software Engineer,On Site,"Los Angeles, CA",Our National Conversation (ONC),Summer,2025-December,"Association,Charity",51-100,,"1. Current student working towards a degree in Computer Science, Computer Engineering, Information Technology, and/or related fields.
2. Excellent written and verbal communication skills (English) are required.
3. Willing to learn general programming principles and skills as well as specific frameworks and methodologies on the job.
..."
Asc IT Software Engineer (Intern/Co-op Conversion) JAMES,2025-08-26,https://jobright.ai/jobs/info/68ae45f5d627244576e52cce?utm_source=1099&utm_campaign=Software Engineer,Hybrid,"Charlotte, NC",Duke Energy Corporation,,,"Clean Energy,Energy",10000+,,"1. Obtained bachelor's degree in computer science or related degree
2. Only previous Duke Energy interns/co-ops may be considered
3. Experience building software solutions both independently and as part of a team (could be through independent projects, internships, advanced education)
..."
Dell Summer Internship – Software Engineering,2025-08-26,https://jobright.ai/jobs/info/68ae45ae758f2e4ac301284b?utm_source=1099&utm_campaign=Software Engineer,On Site,"Round Rock, Texas, United States",Dell Technologies,2026-Summer,2027-Spring / 2028,"Data Management,Information and Communications Technology (ICT)",10000+,$27.70-$30.75 /hr,"1. Pursuing a bachelor’s degree in computer science, Computer Engineering, or similar field with a target graduation date of Spring 2027 or 2028
2. Strong Object-Oriented Analysis and Design skill or strong adherence to SOLID software design principles
3. Basic knowledge of object-oriented programming languages; operating systems; device drivers; databases; system, network, operating system, and application administration; embedded software/firmware; tools and utilities, as applicable
..."
Software Engineering Internship (Summer 2026),2025-08-26,https://jobright.ai/jobs/info/68ae4459758f2e4ac301272c?utm_source=1099&utm_campaign=Software Engineer,On Site,"San Francisco, CA",Mainflow,2026-Summer,,FinTech,1-10,$100000-$100000 /yr,"1. Currently enrolled in something (college, bootcamp, community college, etc...)
2. Can write some code in any language.
3. Available Summer 2026.
..."
Back End Developer Intern 2026,2025-08-26,https://jobright.ai/jobs/info/68ae43ff758f2e4ac30126ea?utm_source=1099&utm_campaign=Software Engineer,Hybrid,"Multi Location
Lowell, MA
Poughkeepsie, NY
Tucson, AZ
Sandy Springs, GA
Durham, NC
Rochester, MN",IBM,2026,,"Business Development,Business Information Systems",10000+,,"1. Must have basic knowledge in one or more of the following technology areas: Understanding of software development concepts
2. C++, C, Java, Golang, Ruby, Python, Perl, SQL
3. Working knowledge of servers, applications, devOps tools (Git, Jenkins), and databases
..."
Front-End Engineer Internship – 2026 (US),2025-08-26,https://jobright.ai/jobs/info/68ae433b758f2e4ac301266e?utm_source=1099&utm_campaign=Software Engineer,On Site,"Multi Location
Seattle, WA
Seattle, Washington, USA",Amazon,2026-Winter,2026-October / 2027 / 2028 / 2029,"Delivery,E-Commerce",10000+,$47.84-$100.48 /hr,"1. Are 18 years of age or older
2. Work 40 hours/week minimum and commit to 12 week internship maximum
3. Are enrolled in a academic program that is physically located in the United States
..."
2026 Summer Intern: Associate Software Developer,2025-08-26,https://jobright.ai/jobs/info/68ae428ddaf1431824ca1dd2?utm_source=1099&utm_campaign=Software Engineer,On Site,"Maryland Heights, MO",Spectrum,2026-May,2026-December / 2027-June,"Digital Entertainment,Internet",10000+,,"1. Must be currently enrolled in an accredited College or University completing a bachelor’s degree in a STEM related major (Science, Technology, Engineering, or Math)
2. Must have at least a 3.0 GPA or greater in current program
3. Must have an expected graduation date between December 2026 and June 2027
..."
Software Quality Engineer Intern: Internship Opportunities - Redmond,2025-08-26,https://jobright.ai/jobs/info/68ae34bddaf1431824ca18bf?utm_source=1099&utm_campaign=Software Engineer,Hybrid,"Redmond, Washington, United States",Microsoft,,,"Artificial Intelligence (AI),Data Management",10000+,$5610-$11010 /mon,"1. Currently pursuing Bachelor’s or Master’s degree in Electrical Engineering, Optical Engineering, Computer Science, Engineering, Information Technology, or related field
2. Must have at least 1 semester/term remaining following the completion of the internship
3. Candidate must be enrolled in a full time bachelor's, masters, MBA, or PhD program in area relevant for the role during the academic term immediately before their internship"
"Internship, Embedded System Software Engineer, Energy Engineering (Winter/Spring 2026)",2025-08-26,https://jobright.ai/jobs/info/68ae2ed3d627244576e5244c?utm_source=1099&utm_campaign=Software Engineer,On Site,"Palo Alto, CA",Tesla,2026-January,2026-Winter / 2026-Spring,"Automotive,Electric Vehicle",10000+,$20-$50 /hr,"1. Currently pursuing a degree in Computer Science or a related field
2. Development and debug of firmware such as u-boot or coreboot
3. Security features such as SELinux, TLS, verified boot and trusted execution environments
..."
"Internship, Mobile Application Software Engineer, Energy Engineering (Winter/Spring 2026)",2025-08-26,https://jobright.ai/jobs/info/68ae2baf758f2e4ac3011e5e?utm_source=1099&utm_campaign=Software Engineer,On Site,"Palo Alto, CA",Tesla,2026-January,,"Automotive,Electric Vehicle",10000+,$20-$50 /hr,"1. Currently pursuing a degree in Computer Science, Computer Engineering, a similar degree program with an emphasis in Mobile App development, or a related field
2. Excellent communication skills, an ability to learn quickly, and a passion for moving fast and building great things with great visual polish
3. High standards for code quality, maintainability, and performance
..."
Quality Assurance Intern,2025-08-26,https://jobright.ai/jobs/info/68ae1b03758f2e4ac30114c7?utm_source=1099&utm_campaign=Software Engineer,On Site,"Texas, United States",X-Bow Systems,,,"Aerospace,Industrial",101-250,,"1. Strong written and verbal communication skills for preparing reports, documenting processes, and presenting findings.
2. Comfortable working in cross-functional teams, including engineering, manufacturing, and supply chain.
3. Ability to collaborate with suppliers and customers.
..."
"Software Engineer Spring 2026 Intern (Greenville, TX)",2025-08-26,https://jobright.ai/jobs/info/68ae1890d627244576e51902?utm_source=1099&utm_campaign=Software Engineer,On Site,"Greenville, TX",L3Harris Technologies,2026-January,2026-January,"Commercial,Information Technology",10000+,,"1. Pursuing bachelor’s degree in Computer Science, Computer Engineering, Software Engineering, Electrical Engineering, Wireless Engineering, Information Security, Mathematics, Digital Arts & Sciences or related field."
"Application Developer Intern (Melbourne, FL)",2025-08-26,https://jobright.ai/jobs/info/68ae168c758f2e4ac30113f9?utm_source=1099&utm_campaign=Software Engineer,On Site,"Melbourne, FL",L3Harris Technologies,,,"Commercial,Information Technology",10000+,$59280-$109200 /yr,"1. Pursuing Bachelor’s degree in Information Technology, Computer Engineering, Computer Science or related field"
"Software Engineering Internship (Rochester, NY)",2025-08-26,https://jobright.ai/jobs/info/68ae1602758f2e4ac301137e?utm_source=1099&utm_campaign=Software Engineer,On Site,"Rochester, NY",L3Harris Technologies,,,"Commercial,Information Technology",10000+,$24-$46 /hr,"1. Bachelor's degree in computer science, Computer Engineering, Software Engineering, Electrical Engineering, Wireless Engineering, Information Security, Mathematics, Digital Arts & Sciences or related field"
Web Development Intern,2025-08-26,https://jobright.ai/jobs/info/68ae12e4daf1431824ca098f?utm_source=1099&utm_campaign=Software Engineer,Remote,United States,Eastman Kodak Company,,,"Digital Media,Enterprise Software",1001-5000,$19-$28 /hr,"1. Participating in or a graduate of a Digital Marketing, New Media Design/Development, Computer Science or related program
2. Experience with HTML, CSS and JavaScript
3. Familiar with modern web frameworks (Vue JS, React, Angular, etc.)
..."
Software Engineer Intern (Unpaid),2025-08-26,https://jobright.ai/jobs/info/68ae1247d627244576e5163b?utm_source=1099&utm_campaign=Software Engineer,Hybrid,"West Hollywood, CA",Prox Shopping,,,,1-10,,"1. Familiarity with JavaScript/TypeScript and front-end frameworks (React, React Native, Expo)
2. Interest in backend technologies (APIs, databases, scraping tools)
3. Problem-solving mindset and willingness to learn quickly
..."
Software Engineer Xtern,2025-08-26,https://jobright.ai/jobs/info/68ae0e2d758f2e4ac3010e2c?utm_source=1099&utm_campaign=Software Engineer,On Site,"Indianapolis, IN",Tenon,2026-Summer,,"Enterprise,Marketing",1-10,,"1. College student majoring in a technical field (IT, CS)
2. Excellent written and verbal communication and collaboration skills
3. Experience writing applications with Javascript, CSS, HTML, node.js, React, and XML
..."
IT Intern - TechTrek Program,2025-08-26,https://jobright.ai/jobs/info/68ae0a5c758f2e4ac3010c66?utm_source=1099&utm_campaign=Software Engineer,Hybrid,"Lincoln, NE",Ameritas,2026-May,,"Financial Services,Insurance",1001-5000,,"1. Pursuing a Bachelor's or Technical Degree in Information Systems, Computer Science or another related field.
2. Able to fulfill a year-round commitment - part-time during the academic school year and full-time during the summer.
3. PT includes 10-20 hours a week.
..."
Software Engineer Intern (Summer 2026)(Onsite),2025-08-26,https://jobright.ai/jobs/info/68ae0640758f2e4ac3010712?utm_source=1099&utm_campaign=Software Engineer,On Site,"HNC32: US096-Winston-Salem (Oak Plaza 190 Oak Plaza Boulevard  , Winston-Salem, NC, 27105 USA",RTX,2026-Summer,,"Aerospace,Manufacturing",10000+,"$37,000-$82,000 /yr","1. Requires a High School Diploma or equivalent and student must be pursuing a Bachelor’s or advanced degree in an applicable discipline.
2. Must be authorized to work in the U.S. without sponsorship now or in the future. RTX will not offer sponsorship for this position."
Summer 2026: Software Engineering Intern,2025-08-26,https://jobright.ai/jobs/info/68ae04e0d627244576e50cf0?utm_source=1099&utm_campaign=Software Engineer,On Site,"San Francisco, CA, US",FleetWorks,2026-Summer,,,,,"1. Skills: JavaScript
2. Skills: Node.js
3. Skills: TypeScript"
Software Engineer Intern,2025-08-26,https://jobright.ai/jobs/info/68adff09daf1431824c9f95b?utm_source=1099&utm_campaign=Software Engineer,Hybrid,"Miamisburg, OH","Caesar Creek Software, Inc.",2026-Summer,,"Cyber Security,Information Technology",11-50,$30-$30 /hr,"1. US Citizenship Required
2. C or Python programming experience
3. Pursuing a Bachelor’s Degree in Computer Science, Computer Engineering, or Electrical Engineering. Other majors or those without a college degree will be considered for the candidate with the desired skill set.
..."
eCommerce QA Temp,2025-08-26,https://jobright.ai/jobs/info/68adfc56daf1431824c9f6f2?utm_source=1099&utm_campaign=Software Engineer,On Site,"Anaheim, CA",PACSUN,,,"Fashion,Sports",10000+,$20-$20 /hr,"1. Pursuing or recently graduated with a bachelor’s degree in computer science, Information Systems, Engineering, Business Management, or related discipline.
2. Able to identify patterns and anomalies in test results and think critically.
3. Clear verbal and written communication in English for documenting defects and collaborating with the team.
..."
Software Engineer Intern (Engineering Intern 3) - 25216,2025-08-26,https://jobright.ai/jobs/info/68adf775d627244576e503d5?utm_source=1099&utm_campaign=Software Engineer,On Site,"Hanover, MD","Mission Technologies, a division of HII",,,,5001-10000,$$32.76-$$32.76 /hr,"1. Currently pursuing a bachelor's degree in a relevant field (e.g., Software Engineering, Electrical Engineering, Computer Engineering) with between 40% - 60% of your credits completed.
2. Experience with software development in a Linux environment.
3. Proficiency in languages such as C++, Java, or JavaScript.
..."
Software Engineer Intern (Engineering Intern 4) - 25217,2025-08-26,https://jobright.ai/jobs/info/68adf64cd627244576e502bf?utm_source=1099&utm_campaign=Software Engineer,On Site,"Hanover, MD","Mission Technologies, a division of HII",,,,5001-10000,$$37.13-$$37.13 /hr,"1. Currently pursuing a bachelor's degree in a relevant field (e.g., Software Engineering, Electrical Engineering, Computer Engineering) with at least 60% of your credits completed.
2. Experience with software development in a Linux environment.
3. Proficiency in languages such as C++, Java, or JavaScript.
..."
Infiniterns (2026 Technology Internship),2025-08-26,https://jobright.ai/jobs/info/68adf02fdaf1431824c9f04e?utm_source=1099&utm_campaign=Software Engineer,Hybrid,"Ashburn, VA",Infinitive,2025-July,2027,"Advertising,Information Technology",101-250,,"1. Three (3) years of college in a technical discipline such as computer science, engineering, science, etc.
2. Enrolled/Completed coursework in an Analytics, Data Science, Cyber Security or other related engineering major at an accredited university.
3. Have a Kick-Ass Attitude
..."
Summer Intern - Technology,2025-08-26,https://jobright.ai/jobs/info/68aded18d627244576e4fec5?utm_source=1099&utm_campaign=Software Engineer,Hybrid,"Omaha, NE",Union Pacific Railroad,Summer,,"Information Technology,Logistics",10000+,$20-$26 /hr,"1. College credits equivalent to one (1) year or more toward an undergraduate degree in Computer Science, Computer Engineering, MIS, or similar
2. Basic organization AND prioritization skills
3. Basic time and project management skills
..."
Software Engineering Intern,2025-08-26,https://jobright.ai/jobs/info/68adec6c758f2e4ac300f95c?utm_source=1099&utm_campaign=Software Engineer,On Site,"Woodbridge, NJ",Bessemer Trust,Summer,,"Financial Services,Wealth Management",1001-5000,$35-$40 /hr,"1. Currently pursuing a degree in Computer Science, Software Engineering, or a related field.
2. Proficiency in at least one programming language such as Python, Java, C#, or JavaScript.
3. Basic understanding of software development principles, data structures, algorithms, and object-oriented programming.
..."
2026 Summer Intern: Associate Dev Ops Engineer,2025-08-26,https://jobright.ai/jobs/info/68adebaad627244576e4fd68?utm_source=1099&utm_campaign=Software Engineer,On Site,"Multi Location
Maryland Heights, MO
Charlotte, NC",Spectrum,2026-May,2026-December / 2027-June,"Digital Entertainment,Internet",10000+,,"1. Must be currently enrolled in an accredited College or University completing a bachelor’s degree in a STEM related major (Science, Technology, Engineering, or Math)
2. Must have at least a 3.0 GPA or greater in current program
3. Must have an expected graduation date between December 2026 and June 2027
..."
Intern - Risk,2025-08-26,https://jobright.ai/jobs/info/68ade77a758f2e4ac300f6a8?utm_source=1099&utm_campaign=Software Engineer,On Site,"717 N Harwood St, Dallas, TX, 75201, US",Hilltop Holdings,2026-Summer,,"Banking,Financial Services",1001-5000,,"1. Currently enrolled student
2. Interest in financial services industry
3. Ability to work in a team environment
..."
"Hormel Foods - IT Application Development Analyst Intern - Summer 2026 (Austin, MN)",2025-08-26,https://jobright.ai/jobs/info/68ade707d627244576e4fb7a?utm_source=1099&utm_campaign=Software Engineer,On Site,"1101 North Main Street, Austin, MN, 55912, US",Hormel Foods,2026-Summer,2026-August / 2026-December / 2027-May,"Food Processing,Manufacturing",10000+,$26-$26 /hr,"1. Must graduate in August 2026, December 2026, May 2027 and major in a Computer Science, MIS (or related field) major with a minimum 3.0 cumulative GPA preferred
2. Possess strong analytical and communication skills
3. Demonstrated leadership and persuasive skills are necessary for success in this position
..."
"Software Engineer Intern, Backend",2025-08-26,https://jobright.ai/jobs/info/68828b81b54cac0f1e730a8f?utm_source=1099&utm_campaign=Software Engineer,On Site,"Multi Location
Presidio, CA
San Francisco, CA",Arcade,Fall,,,11-50,,"1. Currently in school with a background in Computer Science, Engineering, Physics, Mathematics, or a similar field
2. Experience building and scaling backend systems in production
3. Proficiency with Python and backend frameworks such as Django or FastAPI
..."
"Hormel Foods - IT Infrastructure Intern - Summer 2026 (Austin, MN)",2025-08-26,https://jobright.ai/jobs/info/68ade2b4d627244576e4f981?utm_source=1099&utm_campaign=Software Engineer,On Site,"Austin, MN, United States",Hormel Foods,2026-May,2026-August / 2026-December / 2027-May,"Food Processing,Manufacturing",10000+,$26-$26 /hr,"1. Must graduate in August 2026, December 2026, or May 2027 and major in an MIS (or related field) major with a minimum 3.0 cumulative GPA preferred
2. Possess strong analytical and communication skills
3. Demonstrated leadership and persuasive skills are necessary for success in this position
..."
Computer Engineering Co-Op,2025-08-26,https://jobright.ai/jobs/info/68add5d2d627244576e4f35e?utm_source=1099&utm_campaign=Software Engineer,On Site,"Raymond, MS",Hunter Engineering Company,2026-January,,"Automotive,Consulting",1001-5000,,"1. Sophomore, Junior, or Senior interested in computer engineering
2. 3.0 GPA or greater
3. Experience with C#, Azure, Java, Python
..."
Software Development Intern - Spring 2026,2025-08-26,https://jobright.ai/jobs/info/68add023d627244576e4f13a?utm_source=1099&utm_campaign=Software Engineer,On Site,"Fort Wayne, IN","DMA - DuCharme, McMillen & Associates, Inc.",2026-Spring,,Accounting,501-1000,,"1. Pursuing a Bachelor’s degree in Computer Science, Software Engineering, Information Systems, or related field
2. Minimum 3.0 Cumulative GPA
3. Experience with an object-oriented programming language, such a C# or Java.
..."
Software Development Intern - Summer 2026,2025-08-26,https://jobright.ai/jobs/info/68adcf78daf1431824c9e2b4?utm_source=1099&utm_campaign=Software Engineer,On Site,"Fort Wayne, IN","DMA - DuCharme, McMillen & Associates, Inc.",2026-Summer,,Accounting,501-1000,,
"WDW Computer Science / Computer Engineering Interns, Spring 2026",2025-08-26,https://jobright.ai/jobs/info/68adcf23daf1431824c9e272?utm_source=1099&utm_campaign=Software Engineer,On Site,"Lake Buena Vista, FL",Walt Disney World,2026-January,2026-June,"Hospitality,Leisure",10000+,$30-$35 /hr,"1. Computer proficiency in Microsoft Office skills (esp. Word, Excel, PowerPoint and Outlook)
2. Availability to work various shifts commensurate with project requirements
3. Experience in Object Oriented Programming (OOP)
..."
Software Development Intern,2025-08-26,https://jobright.ai/jobs/info/68adcb97d627244576e4f04e?utm_source=1099&utm_campaign=Software Engineer,On Site,"Hammond, IN",Altom Transport,2025-Fall,,"Automotive,Logistics",251-500,,"1. Current student or recent graduate in Computer Science, Software Engineering, or a related field
2. Experience with JavaScript, Python, or other programming languages
3. Knowledge of database management (SQL, PostgreSQL, or MongoDB)
..."
Fall Software Development Intern,2025-08-26,https://jobright.ai/jobs/info/68adcaf9daf1431824c9e1e5?utm_source=1099&utm_campaign=Software Engineer,On Site,"Hammond, IN",Altom Transport,2025-Fall,,"Automotive,Logistics",251-500,,"1. Current student or recent graduate in Computer Science, Software Engineering, or a related field
2. Experience with JavaScript, Python, or other programming languages
3. Knowledge of database management (SQL, PostgreSQL, or MongoDB)
..."
Quality Assurance Intern - ON SITE,2025-08-26,https://jobright.ai/jobs/info/68adc9ef758f2e4ac300ea97?utm_source=1099&utm_campaign=Software Engineer,Hybrid,"Norfolk, VA",IPConfigure Inc.,,,"Security,Software",11-50,$15-$15 /hr,"1. Pursuing Bachelor's degree in Computer Science, Engineering, or a related field.
2. Understanding of software testing principles and methodologies, including manual testing techniques and test case design.
3. Ability to execute test cases, report defects, and assist in regression testing activities under the guidance of senior team members.
..."
"Spring 2026: System Quality Assurance Co-op, Robots (January through June)",2025-08-26,https://jobright.ai/jobs/info/68adc512d627244576e4ed9a?utm_source=1099&utm_campaign=Software Engineer,On Site,"Needham, MA, United States",SharkNinja,2026-January,,"Consumer Electronics,Hardware",1001-5000,$26-$35 /hr,"1. Must be currently enrolled in an associate’s or bachelor’s program
2. Must be able to come into the office 5 days per week
3. Coursework in relevant topics (e.g. electrical/mechanical engineering, computer science, robotics)
..."
Spring 2026: Software Engineering Co-op (January through June),2025-08-26,https://jobright.ai/jobs/info/68adc396d627244576e4ebee?utm_source=1099&utm_campaign=Software Engineer,On Site,"Madison, Tennessee, United States",SharkNinja,2026-January,,"Consumer Electronics,Hardware",1001-5000,$25-$34 /hr,"1. Must be currently enrolled in an associate’s, bachelor’s, master’s, or doctoral program, or have graduated within the past year
2. Must be able to work a full-time, 40-hour-per-week schedule with 5 days per week onsite in Madison, TN
3. A natural communicator with the ability to explain complex technical topics clearly to both technical and non-technical stakeholders.
..."
Software Engineering Intern,2025-08-26,https://jobright.ai/jobs/info/68adc2b0daf1431824c9dddd?utm_source=1099&utm_campaign=Software Engineer,On Site,"Multi Location
Dallas, TX
Dallas, TX - Headquarters",Copart,,,"Automotive,E-Commerce",5001-10000,,"1. Bachelor's degree or higher in computer science, Engineering or similar
2. Strong experience with Spring Boot, MVC and other Spring modules.
3. Experience with Core Java and multithreaded programming.
..."
Information Technology Intern - Quality Assurance,2025-08-26,https://jobright.ai/jobs/info/68a32e2a1ab5f8579e8a38dc?utm_source=1099&utm_campaign=Software Engineer,On Site,"Bonita Springs, FL",Herc Rentals,,,"Construction,Rental",5001-10000,$20-$20 /hr,"1. Strong analytical mindset and ability to see the big picture and work collaboratively.
2. Interest in software testing, the software development life cycle, and continuous improvement.
3. Must be at a commutable distance to the Bonita Springs, FL area.
..."
Co-Op - Bachelors Software Eng (Fall 2025),2025-08-26,https://jobright.ai/jobs/info/6880c03816ea5743a3732839?utm_source=1099&utm_campaign=Software Engineer,On Site,"Mason, OH",Honeywell,2025-Fall,2025,"Aerospace,Electronics",10000+,,"1. Enrollment in a Bachelor's program in Software Engineering, Electrical Engineering, or related field
2. Basic understanding of software development principles
3. PLC experience or controls systems experience"
2026 Campus Recruiting: Software Engineer Intern,2025-08-26,https://jobright.ai/jobs/info/6875c2ad5cebcd1dd51c337b?utm_source=1099&utm_campaign=Software Engineer,On Site,"Multi Location
San Jose, CA
Draper, UT",BILL,2026-Summer,2026-December / 2027-July,"Apps,Billing",1001-5000,$41-$48 /hr,"1. Must be currently enrolled at an accredited university in the US
2. Graduating with a Bachelor's in Computer Science or a related field between December 2026 and July 2027
3. A strong foundation of coding skills
..."
Firmware Engineering Intern,2025-08-26,https://jobright.ai/jobs/info/68adb568daf1431824c9d8af?utm_source=1099&utm_campaign=Software Engineer,On Site,"Waukesha, WI",Generac Power Systems Inc.,,,,51-100,,"1. Enrolled in a Bachelor's Degree program
2. Comfortable playing with electronics
3. General interest in software development
..."
Working Student (d/f/m) for A320 Chief Engineering Digitalization Team,2025-08-26,https://jobright.ai/jobs/info/68adaf15daf1431824c9d6c8?utm_source=1099&utm_campaign=Software Engineer,Hybrid,Hamburg Area,Airbus,as soon as possible,,"Aerospace,Commercial",10000+,€€18.53-€€18.53 /hr,"1. Enrolled full-time student (d/f/m) in the area of (Industrial) Engineering, Computer Science or an equivalent field of study.
2. Knowledge/interest in Digital transformation and data analysis fundamentals.
3. A problem-solving attitude and flexible mindset.
..."
Spring 2026: Mobile App Developer Co-op (January through June),2025-08-26,https://jobright.ai/jobs/info/68adae65daf1431824c9d616?utm_source=1099&utm_campaign=Software Engineer,On Site,"Needham, MA, United States",SharkNinja,2026-January,,"Consumer Electronics,Hardware",1001-5000,$28-$37 /hr,"1. Current student in a related bachelor's or master’s program
2. Must be able to work a full-time, 40-hour-per-week schedule with a minimum of 3 days per week onsite in Needham, MA
3. Must have prior mobile app development or testing experience, either through classroom projects or during a prior internship or co-op experience
..."
Software Engineer Co-Op (January 2025 - May 2025),2025-08-26,https://jobright.ai/jobs/info/67931ba44d70ea733cd3a3a5?utm_source=1099&utm_campaign=Software Engineer,On Site,"Multi Location
San Francisco, CA
San Francisco",LiveRamp,2025-January,2024,"Advertising,Advertising Platforms",1001-5000,,"1. Pursuing a degree in Computer Science or other STEM degrees
2. Possess strong coding skills that you are ready to turn into industry-ready coding skills
3. Excited to learn new languages and technologies
..."
"Software Engineer Intern, Front-End, PMS",2025-08-26,https://jobright.ai/jobs/info/689587bc8c6d6b442677abb9?utm_source=1099&utm_campaign=Software Engineer,On Site,"New York, United States",Talos,,2027,"Cryptocurrency,Financial Services",51-100,,"1. Class of 2027 pursuing a degree in Computer Science or related field
2. Experience in React, Angular, or Vue.js, with a solid understanding of web-based frameworks. At Talos, we use React.
3. Demonstrated development experience (applicable coursework, projects, internships, etc.)
..."
"Co-op: Software Engineer, Product Development (Spring 2026)",2025-08-26,https://jobright.ai/jobs/info/6890eb6af5ee707a15dbaac0?utm_source=1099&utm_campaign=Software Engineer,On Site,"Multi Location
Cranberry, PA
Cranberry Twp, Pennsylvania",MSA - The Safety Company,2026-Spring,,,,,"1. Enrolled in ABET-accredited program with major in Electrical/Computer/Software Engineering, Computer Science or related
2. Possess a proactive and inquisitive approach to problem-solving
3. Awareness of the software lifecycle and the challenges and complexities that can arise during a typical hardware/software development
..."
"Assurance Intern, Information Systems Assurance - Summer 2026 (Dallas)",2025-08-26,https://jobright.ai/jobs/info/68918c444c7e851b90acfda7?utm_source=1099&utm_campaign=Software Engineer,Hybrid,"Dallas, TX",BDO USA,2026-Summer,,"Accounting,Consulting",10000+,$30-$41 /hr,"1. Pursuing a degree in Accounting, Computer Science, or Information Systems, required"
Software Engineer Intern (Summer 2026),2025-08-26,https://jobright.ai/jobs/info/68ad35f4758f2e4ac300bc4f?utm_source=1099&utm_campaign=Software Engineer,Remote,Remote - US: All locations,Dropbox,2026-Summer,2026-Fall / 2026-Winter / 2027-Spring,"Collaboration,Enterprise Software",1001-5000,$8000-$9500 /yr,"1. Currently pursuing a BS or MS in Computer Science or related technical field involving coding (e.g., physics or mathematics), graduating in Fall/Winter 2026 or Spring 2027. This should be your final internship before graduating.
2. Experience writing or shipping software as part of coursework, personal projects, internships, coding competitions or research
3. Experience coding in programming languages, such as Python, Go, JavaScript, or similar languages.
..."
Full-Stack Engineer Intern,2025-08-26,https://jobright.ai/jobs/info/68ad64d8758f2e4ac300d50b?utm_source=1099&utm_campaign=Software Engineer,On Site,"New York, NY, US",CrowdVolt,2025-Winter,,"Marketplace,Media and Entertainment",1-10,,"1. Can work at least 25 hours a week out of our office in NYC (Flatiron)
2. Intensely curious about software engineering - you should be EAGER to work across the entire stack and seek to understand how every component of the system works
3. Has experience building their own projects or owning large sections of a code base
..."
Frontend Software Engineer Intern (Web and Client) - Global Payment - 2026 Summer(BS/MS),2025-08-25,https://jobright.ai/jobs/info/68ad812e758f2e4ac300da2f?utm_source=1099&utm_campaign=Software Engineer,On Site,"San Jose, CA",ByteDance,2026-Summer,,"Content,Data Mining",10000+,$45-$60 /hr,"1. Currently pursuing an Undergraduate/Graduate/Master in Software Engineering, Computer Science, IT, or a related technical discipline.
2. Proficient in JavaScript, HTML5, CSS3, and modern JavaScript frameworks such as React.js;
3. Familiar with state management libraries (e.g., Redux) and front-end tooling (e.g., Webpack, Babel);
..."
"2026 Summer Internship (US) - Software Engineering, Handheld Mobile Computer",2025-08-25,https://jobright.ai/jobs/info/68ad535ad627244576e4ced6?utm_source=1099&utm_campaign=Software Engineer,On Site,"Multi Location
Holtsville, NY
Holtsville, New York, United States",Zebra Technologies,2026-Summer,2026 / 2027 / 2028 / 2029,"Information Technology,Manufacturing",5001-10000,$23-$31 /hr,"1. Current enrollment in an undergraduate degree program in Computer Science or Computer Engineering
2. Must have an anticipated graduation date between 2026 - 2029
3. Must be authorized to work in the US without requiring sponsorship now or in the future"
Software Engineering Intern,2025-08-25,https://jobright.ai/jobs/info/68acf57cd627244576e4a295?utm_source=1099&utm_campaign=Software Engineer,Remote,United States,Core4ce,2025-Fall,2025-Fall,Information Services,251-500,,"1. Currently pursuing a Bachelor's degree in Engineering, Computer Science, or related field
2. Proficiency in Python and MATLAB
3. Experience with Excel and data analysis tools
..."
Software Engineer Intern (Summer 2026),2025-08-25,https://jobright.ai/jobs/info/68ad4479758f2e4ac300c79a?utm_source=1099&utm_campaign=Software Engineer,Remote,United States,Dropbox,2026-Summer,2026-Fall / 2026-Winter / 2027-Spring,"Collaboration,Enterprise Software",1001-5000,$8000-$9500 /mon,"1. Currently pursuing a BS or MS in Computer Science or related technical field involving coding (e.g., physics or mathematics), graduating in Fall/Winter 2026 or Spring 2027. This should be your final internship before graduating.
2. Experience writing or shipping software as part of coursework, personal projects, internships, coding competitions or research
3. Experience coding in programming languages, such as Python, Go, JavaScript, or similar languages.
..."
Technology Summer Intern,2025-08-25,https://jobright.ai/jobs/info/68ad5c52daf1431824c9c4dc?utm_source=1099&utm_campaign=Software Engineer,On Site,"Multi Location
Pittsburgh, PA
PA - Pittsburgh (15222)",PNC,2025-Summer,,"Banking,Finance",10000+,$18-$35 /hr,"1. Working toward bachelor’s degree, technology relevant majors preferred (e.g. Computer Science, Computer Engineering, Electrical Engineering, General Engineering, Software Developer, Cybersecurity, Security, Data Analytics, Data Science), sophomore or junior status, Minimum GPA 3.0.
2. Participates as an intern in the PNC summer internship program.
3. Performs or assists with the core activities of the group by applying knowledge learned to drive business results (e.g. deal, sales, or process support, internal or external customer interaction, or supporting internal projects). Works under supervision and may have limited approval and/or exception authority.
..."
Internship QA Analyst,2025-08-25,https://jobright.ai/jobs/info/68ad3ace758f2e4ac300be41?utm_source=1099&utm_campaign=Software Engineer,On Site,NYC Metro Area,TransPerfect,,,"Language Learning,Service Industry",5001-10000,$18-$21 /hr,"1. Working towards a bachelor's or master's degree in computer science, engineering, or any other technical field
2. Familiarity with the software development process
3. Have a passion for testing and a problem-solving mindset
..."
Full Stack Software Engineering Intern,2025-08-25,https://jobright.ai/jobs/info/68ad27e9daf1431824c9ac88?utm_source=1099&utm_campaign=Software Engineer,On Site,"San Francisco, CA",RetailReady,,,"Apps,Logistics",1-10,$7K-$10K /yr,"1. Strong foundation in computer science and modern web development (school projects, internships, or personal projects all count)
2. Curiosity and eagerness to learn — you don’t need to know everything on day one
3. Comfort working across the stack (frontend + backend)
..."
Intern - Application Engineer,2025-08-25,https://jobright.ai/jobs/info/68ad2527758f2e4ac300b462?utm_source=1099&utm_campaign=Software Engineer,On Site,"Worcester, MA",The Hanover Insurance Group,2024-Summer,,Insurance,5001-10000,,"1. Ability to commit to a full time 10-week internship program
2. Ability to work in the U.S. without requiring sponsorship now or in the future
3. 0-2 years of professional working experience
..."
2026 Mobile Software Engineer paid intern (Jan and May hires),2025-08-25,https://jobright.ai/jobs/info/68ad2505daf1431824c9ac27?utm_source=1099&utm_campaign=Software Engineer,Hybrid,"Riverton, UT",A Igreja de Jesus Cristo dos Santos dos Últimos Dias,2026-January,,,,,"1. You should be currently enrolled in or recently graduated from an accredited college or university
2. Internships are for current temple worthy members of the Church of Jesus Christ of Latter-day Saints
3. Should be working toward a degree in the area of engineering, computer science or information technology
..."
Intern - Associate Solutions Developer,2025-08-25,https://jobright.ai/jobs/info/68ad2114d627244576e4b652?utm_source=1099&utm_campaign=Software Engineer,On Site,"Worcester, MA",The Hanover Insurance Group,2024-Summer,,Insurance,5001-10000,,"1. Cumulative GPA of 3.0 or higher preferred
2. Ability to commit to a full time 10 week internship program
3. Ability to work in the U.S. without requiring sponsorship now or in the future
..."
Community Architect Intern,2025-08-25,https://jobright.ai/jobs/info/68ad1c47d627244576e4b3ed?utm_source=1099&utm_campaign=Software Engineer,On Site,"Palo Alto, CA",Turing Labs Inc. ,,,"Product Design,Product Management",51-100,$4K-$8K /yr,"1. Someone who can make a tenured professor feel FOMO
2. A natural debater who turns skeptics into evangelists
3. Equal comfort discussing CRISPR and sourdough starters
..."
Game Development Intern,2025-08-25,https://jobright.ai/jobs/info/68ad15cadaf1431824c9a589?utm_source=1099&utm_campaign=Software Engineer,On Site,"Manhattan, NY",Enver,,,"Advertising,Augmented Reality",11-50,,"1. Programming and Object-Oriented Programming (OOP) skills (unity)
2. Experience in Game Programming and Gameplay Programming
3. Understanding of Game Design principles
..."
Power Platform Business Solutions Intern,2025-08-25,https://jobright.ai/jobs/info/68ad0be9daf1431824c9a187?utm_source=1099&utm_campaign=Software Engineer,On Site,"Multi Location
San Francisco, CA
Sacramento, CA
Chicago, IL
Chicago IL USA
San Francisco CA USA
Sacramento CA USA",Crowe,,,"Accounting,Advice",10000+,$27-$42 /hr,"1. Basic Requirements Gathering & Documentation (Assists in collecting and documenting client business processes, functional needs, and data requirements for Power Platform solutions and performs standard process mapping or gap analysis under senior team guidance)
2. Power Platform Configuration & Setup (Applies basic configuration within Power Apps (Canvas, Model-driven) or Power Automate, following predefined templates and Implements out-of-the-box solutions (e.g., standard templates, connectors) for low-complexity scenarios)
3. Execute Test Scenarios & Data Validation (Supports testing of solution prototypes, confirming that features operate as intended (e.g., data flow, forms, simple automation) and Flags issues or errors discovered during test execution and updates test logs)
..."
Intern Software Engineer - Embedded,2025-08-25,https://jobright.ai/jobs/info/68ad0b9e758f2e4ac300a96c?utm_source=1099&utm_campaign=Software Engineer,Hybrid,"Orlando, FL",General Dynamics Mission Systems,,,"Aerospace,Business Information Systems",10000+,$29-$29 /hr,"1. Candidates should demonstrate a thorough understanding of engineering technology.
2. Engineering Interns must be enrolled in an accredited degree program in Computer Engineering, Systems Engineering, Software Engineering, Electrical Engineering, Mechanical Engineering or other related scientific or technical discipline with a preference for a standing of a sophomore or higher.
3. Due to the nature of work performed within our facilities, U.S. citizenship is required."
Full Stack Software Engineering Intern,2025-08-25,https://jobright.ai/jobs/info/68ad05a0d627244576e4a8b7?utm_source=1099&utm_campaign=Software Engineer,On Site,"San Francisco, CA, US",RetailReady,2025,,"Apps,Logistics",1-10,,"1. Strong foundation in computer science and modern web development (school projects, internships, or personal projects all count)
2. Curiosity and eagerness to learn — you don’t need to know everything on day one
3. Comfort working across the stack (frontend + backend)
..."
Advanced Software Engineering Intern,2025-08-25,https://jobright.ai/jobs/info/68ae100cdaf1431824ca0651?utm_source=1099&utm_campaign=Software Engineer,On Site,"Fort Myers, FL",Kingland,,,"Data Mining,Enterprise Software",51-100,,"1. Currently enrolled in a four-year institution, in a related program
2. Experience writing Java, GO or other OO language.
3. Major GPA of 3.0 or higher on a 4.0 scale preferred."
Software Engineering Internship,2025-08-25,https://jobright.ai/jobs/info/68ae218adaf1431824ca1101?utm_source=1099&utm_campaign=Software Engineer,Remote,United States,Core4ce,2025-Fall,,Information Services,251-500,,"1. Currently pursuing a Bachelor's degree in Engineering, Computer Science, or related field
2. Proficiency in Python and MATLAB
3. Experience with Excel and data analysis tools
..."
"Intern, Software Engineer",2025-08-25,https://jobright.ai/jobs/info/68acf890daf1431824c996fc?utm_source=1099&utm_campaign=Software Engineer,On Site,"Fort Smith, AR",ArcBest,2026-Summer,,"Automotive,Information Technology",10000+,,"1. Applicants must be currently authorized to work in the United States and the employer will not sponsor applicants for work visas for this particular role.
2. Pursuing Bachelor's Degree in IT or a related field, required
3. less than 1 year Prior programming experience, preferred
..."
Student Applications Developer,2025-08-25,https://jobright.ai/jobs/info/68acf723d627244576e4a409?utm_source=1099&utm_campaign=Software Engineer,On Site,"Richmond, VA",Virginia's Community College System,,,"E-Learning,Education",251-500,$85K-$93K /yr,"1. Comprehensive knowledge: Demonstrated experience is required applying analytical skills involving large scale applications with distributed representation, application, and database servers and clients.
2. Considerable Knowledge: Experience in applying, HTML, XML, CSS, Java, JavaScript, SQL, PL/SQL, JDBC, REST and SOAP APIs, caching solutions, Tomcat, Linux shell scripting and other open source technology to large scale applications.
3. Considerable Knowledge: Experience, with the following tools; Eclipse, SQL Developer / TOAD and Boomi
..."
Test Engineering Internship (Summer 2026),2025-08-25,https://jobright.ai/jobs/info/68acf587daf1431824c99692?utm_source=1099&utm_campaign=Software Engineer,On Site,"Multi Location
Huntsville, AL
Fort Lauderdale, FL
Delaware, OH
Delaware, OH, United States",Vertiv,2026-Summer,,"Data Center,Information Technology",10000+,,"1. Must be pursuing a degree in Computer Engineering, Computer Science, or a related field.
2. Excellent written and verbal communication skills
3. Demonstrated work ethic and detail-orientation
..."
AI Mobile Application Developer,2025-08-25,https://jobright.ai/jobs/info/68adb0e5d627244576e4e5f4?utm_source=1099&utm_campaign=Software Engineer,On Site,"New York, United States",The New York School of Advertising™,,,,,,"1. A portfolio showcasing App Development experience such as functional mobile apps you've created in either a course or for the real world. (Beta is fine)
2. Experience in iOS Development. iPhone will be the focus
3. Strong problem-solving and analytical skills"
Software Engineer Internship | Backend,2025-08-25,https://jobright.ai/jobs/info/68acf0ead627244576e4a04c?utm_source=1099&utm_campaign=Software Engineer,Hybrid,"Multi Location
Queens County, NY
New York",Ramp,2026-Summer,2026-December / 2027 / 2028,"Finance,Financial Services",1001-5000,$11000-$11000 /mon,"1. Currently pursuing a B.S. (or higher) in Computer Science or a related technical field, with an expected graduation date between Dec 2026 - 2028
2. Track record of shipping high quality products and features or a portfolio of side projects
3. Ability to turn business and product ideas into engineering solutions
..."
Design Engineering Internship (Summer 2026),2025-08-25,https://jobright.ai/jobs/info/68acf031d627244576e49fc8?utm_source=1099&utm_campaign=Software Engineer,On Site,"Multi Location
Fort Lauderdale, FL
Delaware, OH
Huntsville, AL
Delaware, OH, United States",Vertiv,2026-Summer,,"Data Center,Information Technology",10000+,,"1. Must be pursuing a degree in Computer Engineering, Computer Science, or a related field.
2. Excellent written and verbal communication skills
3. Demonstrated work ethic and detail-orientation
..."
NetSuite Implementation Intern,2025-08-25,https://jobright.ai/jobs/info/68acee86daf1431824c9929f?utm_source=1099&utm_campaign=Software Engineer,On Site,"Multi Location
Chicago, IL
Chicago IL USA",Crowe,,,"Accounting,Advice",10000+,$27-$42 /hr,"1. Currently pursuing a bachelor’s or master’s degree in: Business Administration, Accounting, Finance, Economics, Operations Management, Healthcare Administration, Public Finance, Public & Environmental Affairs, Supply Chain, Public Policy, Economics, Industrial Engineering, Systems Engineering, Information Technology, Management Information Systems, or comparable major.
2. Basic understanding of the NetSuite ERP platform and its capabilities.
3. Proficiency in SuiteScript for customizing and extending NetSuite functionality.
..."
Software Engineer Internship | Frontend,2025-08-25,https://jobright.ai/jobs/info/68acee2adaf1431824c9925a?utm_source=1099&utm_campaign=Software Engineer,Hybrid,"Multi Location
Queens County, NY
New York",Ramp,2026-Summer,2026 / 2027 / 2028,"Finance,Financial Services",1001-5000,$11000-$11000 /mon,"1. Currently pursuing a B.S. (or higher) in Computer Science or a related technical field, with an expected graduation date between 2026 - 2028
2. Proficiency in JavaScript, with a knack for getting the visuals right
3. Experience with one or more object-oriented programming languages
..."
Campus – Technology Program Intern ,2025-08-25,https://jobright.ai/jobs/info/68acdabfdaf1431824c98cc0?utm_source=1099&utm_campaign=Software Engineer,Hybrid,"Multi Location
Granite Park VII
Reston Town Center",Fannie Mae,2026-June,2027,"Credit,Financial Services",5001-10000,$41.50-$41.50 /hr,"1. Authorization to work in the U.S. without sponsorship
2. Academic achievement (preferred GPA of 3.0 or higher)
3. Bachelor's Level Degree"
"Research Aide - MCS - Feder, Brandon - 8.25.25.",2025-08-25,https://jobright.ai/jobs/info/68acd979d627244576e4985e?utm_source=1099&utm_campaign=Software Engineer,On Site,"Lemont, IL USA",Argonne National Laboratory,2025-August,,"Energy,Security",1001-5000,$18.96-$23.70 /hr,"1. Must be currently enrolled full-time at an accredited institution and have completed at least one semester of schooling by the start of the program.
2. Must be 18 years or older at the time the appointment begins.
3. Must possess a cumulative GPA of 3.0 on a 4.0 scale.
..."
Information Technology Intern - Digital Platforms,2025-08-25,https://jobright.ai/jobs/info/689f8c05faa4e875e8289a20?utm_source=1099&utm_campaign=Software Engineer,On Site,"Bonita Springs, FL",Herc Rentals,,,"Construction,Rental",5001-10000,$20-$20 /hr,"1. Applicants must be located within commutable distance to the Bonita Springs, FL HQ to allow for work while attending school.
2. Able to work minimum 20 hours per week.
3. Candidates must be currently residing in the Bonita Springs, FL area for this onsite/in-office position.
..."
2026 Summer Intern: Technology Software Development & Engineering,2025-08-25,https://jobright.ai/jobs/info/68acc211758f2e4ac3008826?utm_source=1099&utm_campaign=Software Engineer,On Site,"Plano, TX",PepsiCo,2026-Summer,2027,"Brand Marketing,Fast-Moving Consumer Goods",10000+,$21-$43 /hr,"1. This position is limited to persons with indefinite right to work in the United States.
2. Graduate with bachelor’s or master’s degree within one (1) year of internship completion.
3. Algorithm design
..."
2026 Mobile Software Engineer paid intern (Jan and May hires),2025-08-25,https://jobright.ai/jobs/info/68acbdbadaf1431824c97e26?utm_source=1099&utm_campaign=Software Engineer,Hybrid,"Multi Location
Riverton, UT
Riverton, UT, United States",The Church of Jesus Christ of Latter-day Saints,2026-January,,"Non Profit,Religion",501-1000,,"1. You should be currently enrolled in or recently graduated from an accredited college or university
2. Internships are for current temple worthy members of the Church of Jesus Christ of Latter-day Saints
3. Should be working toward a degree in the area of engineering, computer science or information technology
..."
Back-End Developer Intern (UNPAID),2025-08-25,https://jobright.ai/jobs/info/68acbd7a758f2e4ac300856e?utm_source=1099&utm_campaign=Software Engineer,On Site,"Multi Location
Los Angeles, CA
Chicago, IL","Digital Factory, Inc.",,,"Advertising,Banking",11-50,,"1. Strong understanding of backend development concepts, data structures, and algorithms.
2. Proficiency in at least one backend programming language (e.g., Python, Java, Node.js).
3. Familiarity with web frameworks (e.g., Flask, Django, Spring Boot) and RESTful APIs.
..."
Machine Learning Backend Engineer Intern,2025-08-25,https://jobright.ai/jobs/info/68acbcb4daf1431824c97c93?utm_source=1099&utm_campaign=Software Engineer,On Site,"Cupertino, CA",Nexa AI,,,,,$1K-$20K /yr,"1. Minimum BS/MS in Computer Science
2. Excellent understanding of computer science fundamentals, including data structures, algorithms, and coding
3. Knowledge of operating system internals, compilers, and low-power/mobile optimization
..."
WEB DEVELOPER- FULLSTACK,2025-08-25,https://jobright.ai/jobs/info/68acbc66daf1431824c97c20?utm_source=1099&utm_campaign=Software Engineer,On Site,"Multi Location
Chicago, IL
Los Angeles, CA","Digital Factory, Inc.",,,"Advertising,Banking",11-50,,"1. 1+ years of object-oriented design and implementation experience, data structures, and problem solving
2. Experience working with Python, Flask web services
3. Experience with Javascript, HTML, CSS, Git
..."
Software Design Student,2025-08-25,https://jobright.ai/jobs/info/68acbc43758f2e4ac300839e?utm_source=1099&utm_campaign=Software Engineer,Hybrid,"Brookings, SD",Daktronics,,,"Electronics,Industrial",1001-5000,$24-$26 /hr,"1. Applicants must be currently enrolled in an accredited Bachelor’s degree program in Computer Science, Software Engineering, Computer Engineering, or a related degree.
2. The preferred applicant will be a student registered in at least 12 credits.
3. Only strong academic performers will be considered and must maintain an acceptable GPA, with preference to 3.0 GPA or greater.
..."
IOS DEVELOPER INTERNSHIP (UNPAID),2025-08-25,https://jobright.ai/jobs/info/68acb8b6d627244576e4877d?utm_source=1099&utm_campaign=Software Engineer,On Site,"Chicago, IL","Digital Factory, Inc.",,,"Advertising,Banking",11-50,,"1. BS in Computer Science, Computer Engineering or equivalent work experience
2. At least 1+ years of programming experience in Objective C and iOS Development
3. Substantial development experience with Swift and XCode
..."
"Software Engineer, Internship - Production Infrastructure",2025-08-25,https://jobright.ai/jobs/info/68a48344e9f1c744da12231d?utm_source=1099&utm_campaign=Software Engineer,On Site,"Multi Location
Washington, DC
Washington, D.C.
New York, NY",Palantir Technologies,,2027,"Analytics,Big Data",1001-5000,$10500-$10500 /mon,"1. Engineering background in fields such as Computer Science, Mathematics, Software Engineering, and Physics.
2. Familiarity with data structures, storage systems, cloud infrastructure, front-end frameworks, and other technical tools.
3. Experience coding in programming languages, such as Java, C++, Python, JavaScript, or similar languages.
..."
Software Engineering Internship (Summer 2026),2025-08-25,https://jobright.ai/jobs/info/68ac9c2ddaf1431824c966cb?utm_source=1099&utm_campaign=Software Engineer,On Site,"Multi Location
Delaware, OH
Delaware, OH, United States",Vertiv,2026-Summer,,"Data Center,Information Technology",10000+,,"1. Must be pursuing a degree in computer or electrical engineering.
2. Must have experience with C.
3. Excellent written and verbal communication skills
..."
Civil Infrastructure Engineer Intern,2025-08-25,https://jobright.ai/jobs/info/68aca746daf1431824c96e37?utm_source=1099&utm_campaign=Software Engineer,Hybrid,"Charlotte, NC",Merrick & Company,2026-Summer,2026,Information Technology,501-1000,,"1. Must have graduation date after August 2026 to be eligible.
2. Must be pursuing an engineering degree in Civil Engineering from an A.B.E.T. accredited program
3. Must be currently enrolled and entering junior year or higher of undergraduate degree or currently enrolled in grad school
..."
Firmware Engineering Internship (Summer 2026),2025-08-25,https://jobright.ai/jobs/info/68aca368daf1431824c96d54?utm_source=1099&utm_campaign=Software Engineer,On Site,"Multi Location
Delaware, OH
Delaware, OH, United States",Vertiv,2026-Summer,2025 / 2026,"Data Center,Information Technology",10000+,,"1. Rising Junior or Rising Senior toward a Bachelor’s degree in Computer Engineering, Computer Science Engineering, Electrical Engineering, or Related degree
2. Student pursuing a BS or above in Electrical Engineering, Computer Engineering, Computer Science or the equivalent
3. Basic understanding in software fundamentals including software design and maintainability
..."
Firmware Engineering Intern,2025-08-25,https://jobright.ai/jobs/info/68aca0f8daf1431824c96a93?utm_source=1099&utm_campaign=Software Engineer,On Site,"Multi Location
Waukesha, WI
Waukesha, WI - USA",Generac,,,"Electrical Distribution,Electronics",5001-10000,,"1. Enrolled in a Bachelor's Degree program
2. Comfortable playing with electronics
3. General interest in software development
..."
2026 Summer Internship (US) - AVS Mobile Software Engineer,2025-08-25,https://jobright.ai/jobs/info/68ac9b90758f2e4ac3006e9f?utm_source=1099&utm_campaign=Software Engineer,On Site,"Lincolnshire, IL",Zebra Technologies,2026-Summer,2026-December / 2026-May / 2026-2026 / 2028-2026 / 2030-2026,"Information Technology,Manufacturing",5001-10000,$24-$34 /hr,"1. Current enrollment in an undergraduate/graduate degree program in Computer Engineering, Computer Science, or related discipline
2. Must have an anticipated graduation date between December 2026 - May 2026 for undergrad, and/or MBA/MS/MA student with an anticipated graduation date between 2026 - 2028, and/or PhD student with an anticipated graduation date between 2026-2030
3. Must be authorized to work in the US without requiring sponsorship now or in the future
..."
Computer Engineering Internship (Summer 2025),2025-08-25,https://jobright.ai/jobs/info/68ac989ed627244576e470ea?utm_source=1099&utm_campaign=Software Engineer,On Site,"Multi Location
Westerville, OH
Westerville, OH, United States",Vertiv,2025-Summer,,"Data Center,Information Technology",10000+,,"1. Currently pursuing a Bachelor’s degree in Electrical Engineering, Computer Engineering, Computer Science, or a related field.
2. Coursework or project experience in C/C++ programming and Linux systems.
3. Familiarity with basic electronics and microcontroller platforms (e.g., Arduino, Raspberry Pi).
..."
2026 Software Engineer paid intern (Jan and May hires),2025-08-25,https://jobright.ai/jobs/info/68ac8a4b758f2e4ac300665e?utm_source=1099&utm_campaign=Software Engineer,Hybrid,"Riverton, UT",A Igreja de Jesus Cristo dos Santos dos Últimos Dias,2026-January,,,,,"1. You should be currently enrolled in or recently graduated from an accredited college or university
2. Internship is for current temple worthy members of the Church of Jesus Christ of Latter-day Saints
3. Should be working toward a degree in the area of engineering, computer science or information technology
..."
2026 Web Developer paid intern (Jan and May hires),2025-08-25,https://jobright.ai/jobs/info/68ac89a3d627244576e469c1?utm_source=1099&utm_campaign=Software Engineer,Hybrid,"Riverton, UT",A Igreja de Jesus Cristo dos Santos dos Últimos Dias,2026-January,,,,,"1. Be a current temple-worthy member of the Church of Jesus Christ of Latter-day Saints
2. Currently enrolled in or recently graduated from an accredited college or university
3. Pursuing a degree in the area of web design, computer science, or information systems
..."
2026 QA/Soft Dev in Test paid intern (Jan and May hires),2025-08-25,https://jobright.ai/jobs/info/68ac874fd627244576e467c8?utm_source=1099&utm_campaign=Software Engineer,Hybrid,"Riverton, UT",A Igreja de Jesus Cristo dos Santos dos Últimos Dias,2026-January,2026,,,,"1. Internships are for current temple worthy members of the Church of Jesus Christ of Latter-day Saints
2. You should be currently enrolled (or within one year of your graduation date) from an accredited college or university
3. Technology background is highly preferred
..."
"Software Engineering Intern, BS, Summer 2026",2025-08-25,https://jobright.ai/jobs/info/68ac7a9a758f2e4ac3005e76?utm_source=1099&utm_campaign=Software Engineer,On Site,"Multi Location
Irvine, CA, USA
San Jose, CA, USA
San Bruno, CA, USA
Austin, TX, USA
Santa Cruz, CA, USA
San Diego, CA, USA
New York, NY, USA
Durham, NC, USA
Kirkland, WA, USA
Portland, OR, USA
Atlanta, GA, USA
Chicago, IL, USA
Reston, VA, USA
Palo Alto, CA, USA
Seattle, WA, USA
Redwood City, CA, USA
Sunnyvale, CA, USA
Madison, WI, USA
San Francisco, CA, USA
Mountain View, CA, USA
Goleta, CA, USA
Bellevue, WA, USA
Pittsburgh, PA, USA
Washington D.C., DC, USA
South San Francisco, CA, USA
Raleigh, NC, USA
Redmond, WA, USA
Los Angeles, CA, USA
Boulder, CO, USA",Google,2026-Summer,,"Apps,Artificial Intelligence (AI)",10000+,"$92,000-$122,000 /yr","1. Pursuing a Bachelor's degree or post secondary or training experience with a focus on subjects in software development or other technical related fields.
2. Experience in software development and coding in two or more general purpose programming languages (e.g., C, C++, Java, JavaScript, Python, etc.).
3. Experience with data structures or algorithms gathered from inside or outside of school or work.
..."
"Software Engineering Intern, PhD, Summer 2026",2025-08-25,https://jobright.ai/jobs/info/68ac7a3b758f2e4ac3005e31?utm_source=1099&utm_campaign=Software Engineer,On Site,"Multi Location
Redwood City, CA, USA
Cambridge, MA, USA
Portland, OR, USA
Washington D.C., DC, USA
San Bruno, CA, USA
Atlanta, GA, USA
Santa Cruz, CA, USA
Reston, VA, USA
Kirkland, WA, USA
Irvine, CA, USA
Sunnyvale, CA, USA
San Jose, CA, USA
New York, NY, USA
San Francisco, CA, USA
Goleta, CA, USA
Durham, NC, USA
Austin, TX, USA
Madison, WI, USA
Boulder, CO, USA
San Diego, CA, USA
Pittsburgh, PA, USA
Seattle, WA, USA
Bellevue, WA, USA
Los Angeles, CA, USA
South San Francisco, CA, USA
Mountain View, CA, USA
Redmond, WA, USA
Palo Alto, CA, USA
Raleigh, NC, USA
Chicago, IL, USA",Google,2026-Summer,,"Apps,Artificial Intelligence (AI)",10000+,$113000-$150000 /yr,"1. Pursuing a PhD program in Computer Science or a related technical field.
2. Experience coding in one of the following programming languages including but not limited to: C, C++, Java, or Python.
3. Participation in the internship program requires that you are located in the United States for the duration of the internship program.
..."
2026 QA/Soft Dev in Test paid intern (Jan and May hires),2025-08-25,https://jobright.ai/jobs/info/68ac76a4d627244576e4600e?utm_source=1099&utm_campaign=Software Engineer,Hybrid,"Multi Location
Riverton, UT
Riverton, UT, United States",The Church of Jesus Christ of Latter-day Saints,2026-January,2026,"Non Profit,Religion",501-1000,,"1. Internships are for current temple worthy members of the Church of Jesus Christ of Latter-day Saints
2. You should be currently enrolled (or within one year of your graduation date) from an accredited college or university
3. Highly computer literate and familiar with various operating system and internet browser environments and cloud technology
..."
2026 Software Engineer paid intern (Jan and May hires),2025-08-25,https://jobright.ai/jobs/info/68ac6faa758f2e4ac30058fc?utm_source=1099&utm_campaign=Software Engineer,Hybrid,"Multi Location
Riverton, UT
Riverton, UT, United States",The Church of Jesus Christ of Latter-day Saints,2026-January,,"Non Profit,Religion",501-1000,,"1. You should be currently enrolled in or recently graduated from an accredited college or university
2. Internship is for current temple worthy members of the Church of Jesus Christ of Latter-day Saints
3. Should be working toward a degree in the area of engineering, computer science or information technology
..."
2026 Web Developer paid intern (Jan and May hires),2025-08-25,https://jobright.ai/jobs/info/68ac6f93daf1431824c95109?utm_source=1099&utm_campaign=Software Engineer,Hybrid,"Multi Location
Riverton, UT
Riverton, UT, United States",The Church of Jesus Christ of Latter-day Saints,2026-January,,"Non Profit,Religion",501-1000,,"1. Be a current temple-worthy member of the Church of Jesus Christ of Latter-day Saints
2. Currently enrolled in or recently graduated from an accredited college or university
3. Pursuing a degree in the area of web design, computer science, or information systems
..."
Quality Assurance Co-op,2025-08-25,https://jobright.ai/jobs/info/68ac6cbf758f2e4ac30058c5?utm_source=1099&utm_campaign=Software Engineer,On Site,"Audubon, PA",Almac Group,,,"Biotechnology,Health Care",5001-10000,,1. Currently enrolled in scientific discipline at a 4-year college or university.
"Software Engineer, Internship - Infrastructure",2025-08-25,https://jobright.ai/jobs/info/68a4839b541cc3479840be89?utm_source=1099&utm_campaign=Software Engineer,On Site,"Multi Location
Palo Alto, CA
New York, NY",Palantir Technologies,,2027,"Analytics,Big Data",1001-5000,$10500-$10500 /mon,"1. Engineering background in fields such as Computer Science, Mathematics, Software Engineering, or Physics.
2. Familiarity with data structures, storage systems, cloud infrastructure, front-end frameworks, and other technical tools.
3. Experience coding in programming languages, such as Java, C++, Python, TypeScript, JavaScript, or similar languages.
..."
AI - Internship Program - Remote,2025-08-25,https://jobright.ai/jobs/info/68ac5ce7758f2e4ac3005259?utm_source=1099&utm_campaign=Software Engineer,Remote,"New York, United States",The Digital BA,,,"Consulting,Enterprise Software",1-10,,"1. Students in computer science or related fields
2. Career changers exploring software development
3. Self-learners seeking structured experience to build a portfolio
..."
Embedded Software Engineer Intern,2025-08-25,https://jobright.ai/jobs/info/68ac4ed2daf1431824c9462d?utm_source=1099&utm_campaign=Software Engineer,Hybrid,"Bridgeton, MO",Leonardo DRS,2026-Summer,,"Aerospace,Cyber Security",5001-10000,$40K-$57K /yr,"1. High school diploma or GED, and working on their Bachelor's Degree in Computer Science, Computer Engineering, Mathematics, Physics, or equivalent
2. Must have good interpersonal skills
3. Excellent analytical and communication skills, written and oral"
[Full Remote] Junior Web Developer,2025-08-25,https://jobright.ai/jobs/info/68ac29a8daf1431824c93e89?utm_source=1099&utm_campaign=Software Engineer,Remote,United States,Joinrs,,,"College Recruiting,Education",11-50,$85000-$85000 /yr,"1. Students, recent graduates, and junior professionals who aspire to join our team.
2. Experience with front-end development using HTML, CSS, and JavaScript.
3. Familiarity with JavaScript frameworks and libraries like React or Vue.js.
..."
"Cloud Engineering, Data & Analytics  - Software Engineering Intern - Summer 2026",2025-08-25,https://jobright.ai/jobs/info/68abf7cddaf1431824c929c1?utm_source=1099&utm_campaign=Software Engineer,On Site,"Multi Location
IL-Rosemont
WA-Seattle
DC-Washington
MN-Minneapolis
GA-Atlanta
PA-Philadelphia
TX-Houston",PwC,2026-Summer,2026,"Accounting,Business Development",10000+,$29.25-$48 /hr,"1. Currently pursuing or have completed a Bachelor's degree
2. Client service intern positions are entry-level roles intended for job seekers who are in their third year of a four-year degree program or fourth year of a five-year program at the time of application
3. Winter internships typically occur during the spring semester preceding the student's final year of school
..."
Software Engineering Intern,2025-08-25,https://jobright.ai/jobs/info/68ac1348758f2e4ac300434e?utm_source=1099&utm_campaign=Software Engineer,On Site,"Roseville, CA",Hewlett Packard Enterprise,,,"Data Center,Enterprise Software",10000+,$35-$40 /hr,"1. Currently pursuing a Bachelor's degree in Computer Science, Computer Programming, Information Science, Engineering with/software, or a related field.
2. Excellent communication and interpersonal skills.
3. Strong problem-solving and analytical skills.
..."
Technology 2026 Summer Internship,2025-08-24,https://jobright.ai/jobs/info/68abf459daf1431824c9270d?utm_source=1099&utm_campaign=Software Engineer,Hybrid,"Multi Location
Fort Washington, Pennsylvania, United States of America
Spring House, Pennsylvania, United States of America
New Brunswick, New Jersey, United States of America
Titusville, New Jersey, United States of America
Horsham, Pennsylvania, United States of America
West Chester, Pennsylvania, United States of America
Raritan, New Jersey, United States of America
Jacksonville, Florida, United States of America
Palm Beach Gardens, Florida, United States of America
Santa Clara, California, United States of America
Irvine, California, United States of America",Johnson & Johnson (JNJ),2026-May,2024,,,$25.50-$33 /hr,"1. Permanent US work authorization without the need for sponsorship now, or in the future (F1, H1B, CPT, OPT or STEM OPT require sponsorship in future)
2. Have a cumulative GPA of 3.0 or higher, which is reflective of all college coursework
3. Be currently enrolled and pursuing a bachelor's or masters degree
..."
WDW Computer Engineering Intern Spring 2026,2025-08-24,https://jobright.ai/jobs/info/68abf043d627244576e427f7?utm_source=1099&utm_campaign=Software Engineer,On Site,"Lake Buena Vista, FL, USA",The Walt Disney Company,2026-January,2026,"Amusement Park and Arcade,Animation",10000+,$30-$35 /hr,"1. Computer proficiency in Microsoft Office skills (esp. Word, Excel, PowerPoint and Outlook)
2. Availability to work various shifts commensurate with project requirements
3. Experience in Object Oriented Programming (OOP)
..."
Software Engineer (New Grad Program),2025-08-24,https://jobright.ai/jobs/info/6868cba735584b654279a717?utm_source=1099&utm_campaign=Software Engineer,On Site,"New York, NY",Sigma,,,"Analytics,Business Intelligence",501-1000,$65-$65 /hr,"1. You must be legally authorized to work in the US
2. Visa sponsorship is not available for our new grad positions, but we welcome applicants on a student visa (with authorization to work in the U.S.) to apply
3. Applicants must be a recent graduate (within the last 12 months) of a Bachelor’s or a Master’s degree program in Computer Science or a related field
..."
Software Engineering Intern,2025-08-24,https://jobright.ai/jobs/info/68ad2e14d627244576e4bc5d?utm_source=1099&utm_campaign=Software Engineer,On Site,"Lincoln, NE","EF Johnson Technologies, Inc.",,2024 / 2025,"Public Relations,Wireless",101-250,,"1. Junior, Senior or graduate student in Computer Engineering, Electrical Engineering, Software Engineering or Computer Science with strong GPA."
🚀 Full-Stack Engineering Intern (Summer 2026),2025-08-24,https://jobright.ai/jobs/info/68abce40758f2e4ac3000b33?utm_source=1099&utm_campaign=Software Engineer,On Site,"San Francisco, CA",Readily,2026-Summer,,"Artificial Intelligence (AI),Health Insurance",1-10,$6K-$9K /yr,"1. Strong across frontend + backend: React, Node.js/Python, Postgres.
2. Hunger: High agency, a willingness to learn, and a drive to do whatever it takes
3. Customer-obsessed: unsolved user issues keep you awake at night.
..."
Full Stack Engineering Intern,2025-08-24,https://jobright.ai/jobs/info/68ace221d627244576e49acf?utm_source=1099&utm_campaign=Software Engineer,Hybrid,San Francisco-Hybrid,Abridge,2026-Summer,,"Artificial Intelligence (AI),Health Care",251-500,$40-$40 /hr,"1. Currently pursuing a Bachelor's or Master’s degree in Computer Science, Software Engineering, or a related technical field.
2. A strong interest in pursuing a full-time software engineering role in 2027—high-performing interns are eligible to receive a return offer.
3. Prior hands-on experience developing web applications (e.g., internship or co-op).
..."
AI - Internship Program,2025-08-24,https://jobright.ai/jobs/info/68ab09c5daf1431824c8e620?utm_source=1099&utm_campaign=Software Engineer,Remote,"New York, United States",The Digital BA,,,"Consulting,Enterprise Software",1-10,,
SW Dev and Test Co-op - Fall 2025 - ASL,2025-08-24,https://jobright.ai/jobs/info/681cfa19f6c65e3672548bf5?utm_source=1099&utm_campaign=Software Engineer,On Site,"Atlanta, GA",Georgia Tech Research Institute,2025-Fall,2025,"Association,Biotechnology",10000+,,"1. Pursuing a Bachelor’s degree in Electrical Engineering, Computer Science, Computer Engineering or Aerospace.
2. 3.0 or higher cumulative GPA
3. Must be eligible to be approved by your college/university to participate in a co-op program and register for co-op credit with your university during work terms
..."
"Software Engineer, Performance - Intern",2025-08-24,https://jobright.ai/jobs/info/681b9ee7bfd68f4168190cee?utm_source=1099&utm_campaign=Software Engineer,On Site,"Multi Location
Mountain View, CA
Mountain View, California (HQ)",Nuro,,2025-December,"Artificial Intelligence (AI),Autonomous Vehicles",501-1000,,"1. You are a current BS or MS candidate in Computer Science, Electrical Engineering, Robotics, or a related field graduating in December 2025 or later
2. You have experience in one or more of the following areas: backend API design, applications development, large-scale distributed systems; data storage and processing systems; advanced algorithms using C++ and Python; machine learning, multithreading; x86 architecture; and software performance tuning and optimization, robotics software frameworks, different compute modalities (CPU, GPU, FPGA) etc.
3. You have strong problem solving and programming skills."
2026 Software Engineer Program - Summer Internship – United States,2025-08-24,https://jobright.ai/jobs/info/688e45a66a4aac5783cd8d60?utm_source=1099&utm_campaign=Software Engineer,On Site,"Austin, TX",JPMorganChase,2026-Summer,2026-December / 2027-June,"Asset Management,Banking",10000+,,"1. Pursuing a B.A., B.S. or 5th year M.A. or M.S. with expected graduation between December 2026 and June 2027
2. A well-rounded academic background
3. Baseline knowledge of software, applications and technical processes within a specific technical discipline (e.g., cloud, artificial intelligence, mobile, etc.)
..."
Software Engineering Internship: Summer 2026,2025-08-24,https://jobright.ai/jobs/info/68719ded06ad7073463c6455?utm_source=1099&utm_campaign=Software Engineer,On Site,Greater Philadelphia,Susquehanna International Group,2026-Summer,2027,,1001-5000,,"1. Enrolled in a bachelor's or master's program in computer science, computer engineering, mathematics, or closely related STEM discipline
2. Intention to graduate with a minimum of a bachelor’s degree and begin full time employment by August 2027
3. Strong software development skills in any object oriented language (we use C++, Python, and C# the most)
..."
Full Stack Web Developer Intern (Remote),2025-08-23,https://jobright.ai/jobs/info/68aab4c9d627244576e3e5b7?utm_source=1099&utm_campaign=Software Engineer,Remote,"Multi Location
Chicago, Illinois, United States
Minneapolis, Minnesota, United States
Little Rock, Arkansas, United States
Atlanta, Georgia, United States
Louisville, Kentucky, United States
Boston, Massachusetts, United States
Des Moines, Iowa, United States
Boise, Idaho, United States
Los Angeles, California, United States
Denver, Colorado, United States
Wilmington, Delaware, United States
Newark, New Jersey, United States
St. Louis, Missouri, United States
Wichita, Kansas, United States
Hartford, Connecticut, United States
Washington D. C., District of Columbia, United States
Billings, Montana, United States
New Orleans, Louisiana, United States
Birmingham, Alabama, United States
Manchester, New Hampshire, United States
Jackson, Mississippi, United States
Indianapolis, Indiana, United States
Baltimore, Maryland, United States
Portland, Maine, United States
Detroit, Michigan, United States
Honolulu, Hawaii, United States
Omaha, Nebraska, United States
Anchorage, Alaska, United States
Reno, Nevada, United States",Business Web Solutions (USA),,,,1-10,,"1. You own a PC or laptop with a stable internet connection.
2. You have a problem-solving mindset, attention to detail, and a passion for learning.
3. Comfortable with remote collaboration and independent work."
"Embedded Systems Software Intern, Linux and Jetson - Winter 2026",2025-08-23,https://jobright.ai/jobs/info/68aaa735d627244576e3e06d?utm_source=1099&utm_campaign=Software Engineer,On Site,"Multi Location
Santa Clara, CA
US, CA, Santa Clara",NVIDIA,2026-Winter,,"Artificial Intelligence (AI),GPU",10000+,,"1. Pursuing BS, MS, or PhD in Computer Science, or related field
2. Strong Computer Science/Engineering fundamentals
3. Extensive C/C++ programming and debugging experience on Linux systems
..."
Software Engineering Intern (Summer 2026),2025-08-23,https://jobright.ai/jobs/info/68aa70ae6acf96396f72a1c3?utm_source=1099&utm_campaign=Software Engineer,On Site,"San Francisco, CA",Circleback,2026-Summer,,"Artificial Intelligence (AI),SaaS",1-10,$7K-$10K /yr,"1. Experience building new features end-to-end, including database models, API endpoints, and UI components for web, desktop, and mobile apps.
2. Experience improving product foundations such as AI-powered outcomes, search, transcription, on-device recording/streaming, app and API performance, and automations.
3. Ability to apply learnings from customer conversations into product improvements.
..."
Software Engineer Intern (Summer 2026),2025-08-23,https://jobright.ai/jobs/info/68aa70a16acf96396f72a1bc?utm_source=1099&utm_campaign=Software Engineer,On Site,"Multi Location
San Francisco, CA
Los Angeles, CA",Reacher,2026-Summer,,,11-50,$6K-$10K /yr,"1. CS major with core coursework completed
2. Full-stack project experience (personal, hackathon, or coursework)
3. Available for 10-12 weeks (May/June - August)
..."
Software Engineer Intern,2025-08-23,https://jobright.ai/jobs/info/68aa3a90d627244576e3c892?utm_source=1099&utm_campaign=Software Engineer,Remote,United States,Vidovo,,,"Digital Marketing,Marketing",1-10,,"1. Experience with: Laravel, React Native, Next.js, TailwindCSS, TypeScript
2. Strong problem-solving skills and attention to detail
3. Ability to work independently in a remote, part-time environment
..."
Summer 2026 Software Engineering Internship,2025-08-23,https://jobright.ai/jobs/info/689b558b83d13d1f5b69f736?utm_source=1099&utm_campaign=Software Engineer,On Site,"New York, NY",PDT Partners,2026-Summer,2026-Fall,Software Engineering,101-250,$180000-$180000 /yr,"1. Current Bachelor's, Master's, or PhD students pursuing degrees in rigorous, highly technical fields (e.g., Computer Science, Computer Engineering) who are eligible for full-time roles starting in 2027 or 2028.
2. Excellent academic background from a rigorous computer science or engineering program graduating in Fall 2026 or later.
3. Strong programming skills with a deep understanding of data structures and algorithms.
..."
Software Developer Intern (Summer 2026),2025-08-23,https://jobright.ai/jobs/info/68739da04001e95011b17fe3?utm_source=1099&utm_campaign=Software Engineer,On Site,"Multi Location
New York, United States
New York",Tower Research Capital,2026-Summer,,,501-1000,,"1. Bachelor’s, Master’s, or PhD student
2. Majoring in computer science or related fields
3. Deep knowledge of programming concepts and object-oriented programming
..."
Software Engineering Intern - Summer 2026,2025-08-23,https://jobright.ai/jobs/info/688d47793a30793eb9649eac?utm_source=1099&utm_campaign=Software Engineer,Hybrid,"Multi Location
Los Angeles, CA
San Francisco, CA",Altruist,2026-Summer,2027 / 2028,"Asset Management,Financial Services",101-250,$48.41-$48.41 /hr,"1. Must have completed at least 1 previous Software Engineering Internship, preferably in the startup and/or FinTech space.
2. B.S./B.A. or M.S. in Computer Science or related field, graduating in 2027 or 2028.
3. You’re technologically savvy and can easily get up to speed on modern tech stacks (i.e. React Native, GraphQL, Git, AWS, New Relic/Data Dog).
..."
Technology Developer Graduate Program 2026 Whippany,2025-08-23,https://jobright.ai/jobs/info/68a9b2a1758f2e4ac3ffb1b5?utm_source=1099&utm_campaign=Software Engineer,On Site,"Whippany, NJ",Barclays,,,"Banking,Consumer",10000+,$100K-$110K /yr,"1. Undergraduate or masters student with an anticipated graduation date between December 2025 - June 2026
2. GPA of 3.2 or above
3. Ability to code in at least one language
..."
"Software Engineer, Intern (Summer 2026)",2025-08-23,https://jobright.ai/jobs/info/688d2d9227f9022553c09c86?utm_source=1099&utm_campaign=Software Engineer,Hybrid,"Multi Location
San Francisco, CA
San Francisco, California",Sentry,2026-May,,"Application Performance Management,Developer Tools",251-500,$53.13-$53.13 /hr,"1. Currently enrolled in an undergraduate or post-graduate degree program in Computer Science (or similar)
2. Experience with Python, JavaScript or a similar dynamic programming language through internships, personal projects, or coding competitions
3. At least 1 previous internship or equivalent practical experience
..."
Software Developer Intern: 2026,2025-08-23,https://jobright.ai/jobs/info/68a8fa2e758f2e4ac3ff66d8?utm_source=1099&utm_campaign=Software Engineer,On Site,"Multi Location
Sandy Springs, GA
Durham, NC
Tucson, AZ
Lowell, MA
Rochester, MN
Poughkeepsie, NY",IBM,2026,,"Business Development,Business Information Systems",10000+,,"1. BS/MS majoring in Computer Science, Computer Engineering or Electrical Engineering
2. Experience with an object-oriented programming language such as C/C++/Java/Rust
3. Experience with a scripting language such as Python
..."
Banco de Talentos (Future Projects) - Unisys LAC,2025-08-23,https://jobright.ai/jobs/info/6853d27ad47b315215e0a72c?utm_source=1099&utm_campaign=Software Engineer,On Site,"Puerto De Luna, NM",Unisys,,,"Business Development,Information Services",10000+,,"1. Personas apasionadas, comprometidas, con ganas de aprender y crecer profesionalmente en áreas como: Tecnología / Ingeniería de Sistemas (Desarrollo de software, ciberseguridad, soporte técnico e infraestructura).
2. Administración y Finanzas
3. Recursos Humanos
..."
Student Programmer,2025-08-23,https://jobright.ai/jobs/info/68a99248758f2e4ac3ffadc6?utm_source=1099&utm_campaign=Software Engineer,On Site,"Normal, IL",Illinois State University-Mennonite College of Nursing,As soon as possible,,,51-100,$15-$15 /hr,"1. Basic understanding of HTML, CSS, and JavaScript.
2. Experience with version control services like GitHub.
3. Comfortability with command-line tools and workflows.
..."
Software Engineering Intern/Co-Op,2025-08-23,https://jobright.ai/jobs/info/68ab0d46d627244576e3f211?utm_source=1099&utm_campaign=Software Engineer,On Site,DC-Baltimore Area,March,,,,,$20-$20 /hr,"1. Undergraduate or graduate students pursuing majors in Computer Science, Computer Engineering, Electrical Engineering, or related fields
2. Undergraduate or graduate students pursuing majors in Information Technology, Data Science, or Applied Math with strong coding skills
3. Proficiency in Java and Python
..."
Software Engineer,2025-08-23,https://jobright.ai/jobs/info/68ab0d19d627244576e3f204?utm_source=1099&utm_campaign=Software Engineer,On Site,DC-Baltimore Area,March,,,,,$55-$55 /hr,"1. Undergraduate or graduate students pursuing majors in Computer Science, Computer Engineering, Electrical Engineering, or related fields
2. Undergraduate or graduate students pursuing majors in Information Technology, Data Science, or Applied Math with strong coding skills
3. Proficiency in Java and Python
..."
Software Engineer Intern,2025-08-22,https://jobright.ai/jobs/info/68a948ead627244576e38d45?utm_source=1099&utm_campaign=Software Engineer,On Site,"Milwaukee, WI",Direct Supply,,2027-December,"E-Commerce,Health Care",5001-10000,,"1. Enrolled in a Computer Science, Computer Engineering or Software Engineering degree program, with a graduation of December of '27 or later.
2. Experience with one or more modern programming languages (e.g., Python, JavaScript, C#).
3. Demonstrated basic knowledge of databases and SQL, enabling effective handling of data storage and retrieval tasks.
..."
Platform Engineering Summer Intern,2025-08-22,https://jobright.ai/jobs/info/68a910f06acf96396f7248ee?utm_source=1099&utm_campaign=Software Engineer,Hybrid,"Multi Location
Chicago, IL
Chicago - 125 S Franklin",The Options Clearing Corporation (OCC),Summer,,"Finance,Financial Services",1001-5000,$25-$25 /hr,"1. Desired major(s): Software Engineering, Computer Science, Information Technology, Information Systems, Computer Engineering, Information Science, Systems Engineering, Cybersecurity, Cyber Operations, Applied Mathematics, Electrical Engineering, Data Science, Computational Physics
2. Desired year in school: Undergraduate rising senior
3. Technical experience desired: Python, Docker, Git, Linux"
Software Engineering Intern (Summer 2026),2025-08-22,https://jobright.ai/jobs/info/68a93cc5d627244576e38694?utm_source=1099&utm_campaign=Software Engineer,On Site,"New York, NY",Garage (YC W24),2026-Summer,,Marketplace,1-10,$6K-$8K /yr,"1. You’re a builder.
2. Ability and willingness to work in-person in NYC.
3. Readiness to learn and be curious."
Software Engineering Intern,2025-08-22,https://jobright.ai/jobs/info/68a938fed627244576e38559?utm_source=1099&utm_campaign=Software Engineer,On Site,"San Francisco, CA",Waypoint Transit,2026-Summer,,,1-10,$6K-$8K /yr,"1. Autonomy: you can take a task and bring it to completion.
2. Persistence: you can work through a hard problem even if the solution is non-obvious.
3. Passion: you take pride in your work and you pay attention to the details.
..."
SWE Intern (Summer 2026),2025-08-22,https://jobright.ai/jobs/info/68a9268b6acf96396f7250e9?utm_source=1099&utm_campaign=Software Engineer,On Site,"San Francisco, CA",CreativeMode (YC S24),2026-Summer,,,1-10,$6K-$8K /yr,"1. Strong CS fundamentals (completed algorithms and core coding courses)
2. Familiarity with Python, Go, Typescript, or NextJS and software engineering best practices (git, Cursor, etc)
3. Passion for gaming and willingness to engage with our community + users
..."
Technical Builder - Summer '26,2025-08-22,https://jobright.ai/jobs/info/68a92438d627244576e37cf1?utm_source=1099&utm_campaign=Software Engineer,On Site,"San Francisco, CA",Corgi Insurance (YC S24),2026-Summer,,"Artificial Intelligence (AI),Insurance",1-10,$5K-$8K /yr,"1. You've built something real (side project, hackathon, whatever - just show us the code)
2. You can figure things out without hand-holding
3. You care more about shipping than perfect architecture debates"
Enterprise Quality Management Summer Intern,2025-08-22,https://jobright.ai/jobs/info/68a90fe4758f2e4ac3ff7058?utm_source=1099&utm_campaign=Software Engineer,Hybrid,"Multi Location
Chicago, IL
Chicago - 125 S Franklin",The Options Clearing Corporation (OCC),Summer,,"Finance,Financial Services",1001-5000,$25-$25 /hr,"1. Desired major(s): Computer science or equivalent
2. Technical experience desired: Programming/Scripting experience in any one language (Java, VB script, Python)
3. Ability to learn and apply knowledge of QA concepts and Test automation
..."
Middleware Software Intern - Jan-April 2026,2025-08-22,https://jobright.ai/jobs/info/68a90f1f6acf96396f72469b?utm_source=1099&utm_campaign=Software Engineer,On Site,"San Mateo, CA",Skydio,2026-January,,"Artificial Intelligence (AI),Drone Management",501-1000,$47-$53 /hr,"1. A junior, senior, or MS-level student, preferably having taken Computer Systems classes.
2. Experience with C++ and Python.
3. An understanding of concurrency – multi-threading, multi-processing, and how to handle race conditions.
..."
Software Engineering Co-Op,2025-08-22,https://jobright.ai/jobs/info/68a90e8b6acf96396f7245ab?utm_source=1099&utm_campaign=Software Engineer,On Site,"Bridgeton, MO",Hunter Engineering Company,2026-January,2026,"Automotive,Consulting",1001-5000,,"1. Major study in Computer Science or Computer Engineering
2. Programming experience
3. Excellent communication skills"
Year-Round Intern - Software Engineering Risk Analytics,2025-08-22,https://jobright.ai/jobs/info/68a90d17d627244576e370cb?utm_source=1099&utm_campaign=Software Engineer,Hybrid,"Dallas, TX",The Options Clearing Corporation (OCC),,,"Finance,Financial Services",1001-5000,$25-$25 /hr,1. Desired major(s): Computer Science
About UsSenior Software Engineer - Volunteer,2025-08-22,https://jobright.ai/jobs/info/68a90d03758f2e4ac3ff6d24?utm_source=1099&utm_campaign=Software Engineer,Remote,United States,WeVote,,,"Association,Non Profit",1-10,,"1. You want to work with an established and successful team.
2. You have a passion for the latest technology and are committed to strengthening American Democracy.
3. You have enough experience (typically this is 3 or more years of post-educational work experience) that you can independently see 5-20 hour-long projects through to completion.
..."
UI Dev Summer Intern,2025-08-22,https://jobright.ai/jobs/info/68a90baed627244576e36fd5?utm_source=1099&utm_campaign=Software Engineer,Hybrid,"Multi Location
Chicago, IL
Chicago - 125 S Franklin",The Options Clearing Corporation (OCC),Summer,,"Finance,Financial Services",1001-5000,$25-$25 /hr,"1. Desired major(s): Computer Science, Computer Engineering, or other relevant degrees.
2. Rising junior, senior, or graduate student preferred.
3. Knowledge of JavaScript, HTML, and CSS, familiarity with React strongly preferred.
..."
IBHS Intern/Extern,2025-08-22,https://jobright.ai/jobs/info/68a9081dd627244576e36faa?utm_source=1099&utm_campaign=Software Engineer,On Site,"Exton, PA",Holcomb Behavioral Health Systems - A Chimes Company,,,,251-500,,"1. Master's degree in social sciences with relevant professional experience of at least 5 years
2. Master's degree in social sciences with relevant professional experience of at least 3 years
3. Child Abuse Clearance
..."
Software Engineer Intern,2025-08-22,https://jobright.ai/jobs/info/68a905f0758f2e4ac3ff6c06?utm_source=1099&utm_campaign=Software Engineer,On Site,"Scottsdale, AZ","JR Capital, LLC",,,"Finance,Financial Services",11-50,,"1. Working toward a Bachelor’s or Master’s degree in Computer Science, Software Engineering, or related field
2. Basic experience with object-oriented programming (e.g., Java, C#)
3. Familiarity with JavaScript, HTML/CSS, and frontend frameworks (LWC experience is a plus)
..."
Software Development Coop,2025-08-22,https://jobright.ai/jobs/info/68a8feb96acf96396f724078?utm_source=1099&utm_campaign=Software Engineer,On Site,"Sunnyvale, CA",Nokia,2026-January,,"Electronics,Enterprise Software",10000+,,"1. Currently a candidate pursuing a bachelor’s degree or master’s degree in computer science, Telecommunications, Computer Networking or related field with an accredited school in US.
2. Minimum GPA 3.5
3. Previous experience or courses related to operating systems and data structures
..."
Software Quality Assurance Coop,2025-08-22,https://jobright.ai/jobs/info/68a8fa26758f2e4ac3ff66d1?utm_source=1099&utm_campaign=Software Engineer,On Site,"Sunnyvale, CA",Nokia,2026-January,2025,"Electronics,Enterprise Software",10000+,,"1. Currently a candidate pursuing a bachelor’s degree or a master's diploma in Computer Science, Telecommunications, Computer Networking or related field at an accredited U.S. university.
2. Minimum GPA 3.0
3. Solid programming skills (C, C++, Python or TCL/TK an asset)
..."
Mobile Developer Intern (AI / ML),2025-08-22,https://jobright.ai/jobs/info/688bdb123a30793eb963e437?utm_source=1099&utm_campaign=Software Engineer,On Site,"Multi Location
Dallas, TX
Dallas, TX - Headquarters",Copart,,,"Automotive,E-Commerce",5001-10000,,"1. Basic understanding of machine learning concepts, particularly in natural language processing and generative AI.
2. Familiarity with front end apps and keen in working on apps based on React JS/React Native.
3. Hands on with JavaScript language and technologies such as React-Native, ReactJS and Node.js.
..."
Software Engineering Intern,2025-08-22,https://jobright.ai/jobs/info/68a8e366758f2e4ac3ff6126?utm_source=1099&utm_campaign=Software Engineer,Hybrid,"San Francisco, CA",Metronome,2026-June,2026-December,"Billing,Enterprise Software",101-250,$50-$50 /hr,"1. Must be a rising senior pursuing a Bachelor’s degree in Computer Science or a related technical field (e.g. Software Engineering, Mathematics, etc.) with an expected graduation date of December 2026 or later
2. Must have completed at least one prior software engineering internship or equivalent hands-on experience (e.g. substantial open-source contributions or personal projects)
3. Solid understanding of data structures, algorithms, and computer science fundamentals
..."
Middleware Software Intern - Jan-April 2026,2025-08-22,https://jobright.ai/jobs/info/68a8d6af758f2e4ac3ff5be9?utm_source=1099&utm_campaign=Software Engineer,On Site,"San Mateo, California, United States",Skydio,2026-January,,"Artificial Intelligence (AI),Drone Management",501-1000,$47-$58 /hr,"1. A junior, senior, or MS-level student, preferably having taken Computer Systems classes.
2. Experience with C++ and Python.
3. An understanding of concurrency – multi-threading, multi-processing, and how to handle race conditions.
..."
Software Engineer (SkillBridge Intern) - 23875,2025-08-22,https://jobright.ai/jobs/info/6870878d06ad7073463be6f7?utm_source=1099&utm_campaign=Software Engineer,On Site,Greater Roanoke Area,"Mission Technologies, a division of HII",,,,5001-10000,,"1. Active-Duty Military ONLY within final 180 days of active-duty service.
2. Must have Bachelor’s Degree in a relevant field
3. Must have the ability to obtain a US DoD issued security clearance."
Internships in Computer Science or Software Engineering,2025-08-22,https://jobright.ai/jobs/info/68a8d1196acf96396f72307a?utm_source=1099&utm_campaign=Software Engineer,On Site,"Multi Location
McLean, VA
Tampa, FL
Quantico, VA
Bellevue, NE
Huntsville, AL
Austin, TX",MITRE,September,,"Cyber Security,Information Technology",5001-10000,$46K-$68K /yr,"1. Must be a full-time student pursuing an accredited degree program in Computer Science, Software Engineering or related disciplines.
2. Must continue to be enrolled the semester following the internship.
3. Foundational knowledge of computer science and/or software engineering methodologies, frameworks, tools and/or programming languages.
..."
AdminTEST: US Early Talent Geo Preference Test Aug 2025 - Lee,2025-08-22,https://jobright.ai/jobs/info/68a8ccd26acf96396f722edc?utm_source=1099&utm_campaign=Software Engineer,On Site,"Purchase, NY",PepsiCo,2025-August,,"Brand Marketing,Fast-Moving Consumer Goods",10000+,,
Software Developer (Internship),2025-08-22,https://jobright.ai/jobs/info/68a8cb896acf96396f722dd2?utm_source=1099&utm_campaign=Software Engineer,Hybrid,"New York, NY",RGTN® Enables - Two-way Voice/SMS DID services,,,"Telecommunications,VoIP",11-50,,"1. Must be fluent or near fluent in English.
2. Currently pursuing a Bachelor of Science (BSc) in Computer Science or a related field.
3. Experience with software development in a professional or academic setting.
..."
Computer Science Co-Op,2025-08-22,https://jobright.ai/jobs/info/68a8cb216acf96396f722d7d?utm_source=1099&utm_campaign=Software Engineer,On Site,"Bridgeton, MO",Hunter Engineering Company,2026-January,,"Automotive,Consulting",1001-5000,,"1. Sophomore, Junior, or Senior interested in software engineering
2. 3.0 GPA or greater
3. Experience with C#, Azure, Java, Python
..."
ANDROID DEVELOPER INTERNSHIP (UNPAID),2025-08-22,https://jobright.ai/jobs/info/68a8c4c06acf96396f72295e?utm_source=1099&utm_campaign=Software Engineer,On Site,"Chicago, IL","Digital Factory, Inc.",,,"Advertising,Banking",11-50,,"1. BS in Computer Science, Computer Engineering or equivalent
2. At least 2 years of professional experience in Java programming and Android mobile application development
3. Significant experience with development in Java/Kotlin
..."
Internship - Software Developer - Commerce Cloud,2025-08-22,https://jobright.ai/jobs/info/68a8bfd26acf96396f722762?utm_source=1099&utm_campaign=Software Engineer,On Site,"Erlanger, Kentucky",Dynamic Catholic,2024-Summer,,"Non Profit,Online Forums",101-250,,"1. JavaScript, HTML, and CSS knowledge.
2. Basic understanding of full stack development principles.
3. Excellent relationship-building skills and ability to effectively communicate with stakeholders.
..."
Software Development Coop,2025-08-22,https://jobright.ai/jobs/info/68a8bedc758f2e4ac3ff4de6?utm_source=1099&utm_campaign=Software Engineer,On Site,"520 Almanor Avenue, Sunnyvale, California, 94085, US",Nokia,2026-January,,"Electronics,Enterprise Software",10000+,$22.60-$47.20 /hr,"1. Currently a candidate pursuing a bachelor’s degree or master’s degree in computer science, Telecommunications, Computer Networking or related field with an accredited school in US.
2. Minimum GPA 3.5"
Software Quality Assurance Coop,2025-08-22,https://jobright.ai/jobs/info/68a8bdf06acf96396f722433?utm_source=1099&utm_campaign=Software Engineer,On Site,"520 Almanor Avenue, Sunnyvale, California, 94085, US",Nokia,2026-January,,"Electronics,Enterprise Software",10000+,$22.60-$47.20 /hr,"1. Currently a candidate pursuing a bachelor’s degree or a master's diploma in Computer Science, Telecommunications, Computer Networking or related field at an accredited U.S. university.
2. Minimum GPA 3.0"
Technical Builder - Summer '26,2025-08-22,https://jobright.ai/jobs/info/68a8bd206acf96396f7222b7?utm_source=1099&utm_campaign=Software Engineer,On Site,"San Francisco, CA, US",Corgi Insurance (YC S24),2026-Summer,,"Artificial Intelligence (AI),Insurance",1-10,,"1. You've built something real (side project, hackathon, whatever - just show us the code)
2. You can figure things out without hand-holding
3. You care more about shipping than perfect architecture debates"
Summer 2026 Internship: Technology Services,2025-08-22,https://jobright.ai/jobs/info/68a8aef7d627244576e34990?utm_source=1099&utm_campaign=Software Engineer,On Site,"Suwanee, GA",QTS Data Centers,2026-Summer,,"Cloud Computing,Cloud Infrastructure",1001-5000,,"1. Actively pursuing a Bachelor’s or Master’s degree in Industrial Engineering, Construction Management, Business Management, Economics, Mathematics, Accounting, Finance, STEM, Data Science, Human Resources, or a related field.
2. Proficiency with Microsoft Office Suite, especially PowerPoint for presentations and Excel for data analysis and budgeting.
3. Strong verbal and written communication skills.
..."
Summer 2026 Internship: IT Technology Delivery and Inventory Management/Supply Chain,2025-08-22,https://jobright.ai/jobs/info/68a8ae8dd627244576e34949?utm_source=1099&utm_campaign=Software Engineer,On Site,"Ashburn, VA",QTS Data Centers,2026-Summer,,"Cloud Computing,Cloud Infrastructure",1001-5000,,"1. Actively pursuing a Bachelor’s or Master’s degree in Engineering, Business Management, Economics, Mathematics, Accounting, Finance, or a related field.
2. Proficiency with Microsoft Office Suite, especially PowerPoint for presentations and Excel for data analysis and budgeting.
3. Strong verbal and written communication skills.
..."
Summer 2026: Enterprise Applications Intern,2025-08-22,https://jobright.ai/jobs/info/68a8ad96758f2e4ac3ff44ed?utm_source=1099&utm_campaign=Software Engineer,On Site,"Suwanee, GA",QTS Data Centers,2026-Summer,,"Cloud Computing,Cloud Infrastructure",1001-5000,,"1. Actively pursuing a Bachelor’s or Master’s degree in Engineering, Construction Management, Business Management, Economics, Mathematics, Accounting, Finance, STEM, Data Science, Human Resources, or a related field.
2. Proficiency with Microsoft Office Suite, especially PowerPoint for presentations and Excel for data analysis and budgeting.
3. Strong verbal and written communication skills.
..."
Summer 2026 Internship: IT Asset Management,2025-08-22,https://jobright.ai/jobs/info/68a8ac8f6acf96396f721c1d?utm_source=1099&utm_campaign=Software Engineer,On Site,"Suwanee, GA",QTS Data Centers,2026-Summer,,"Cloud Computing,Cloud Infrastructure",1001-5000,,"1. Actively pursuing a Bachelor’s or Master’s degree in Engineering, Construction Management, Business Management, Economics, Mathematics, Accounting, Finance, STEM, Data Science, Human Resources, or a related field.
2. Proficiency with Microsoft Office Suite, especially PowerPoint for presentations and Excel for data analysis and budgeting.
3. Strong verbal and written communication skills.
..."
Quality Assurance Intern,2025-08-22,https://jobright.ai/jobs/info/68a8a1bb758f2e4ac3ff3de2?utm_source=1099&utm_campaign=Software Engineer,On Site,"Laramie, WY",Croell Concrete Products,,,,1-10,$17-$18 /hr,"1. Applicants must be in pursuit of a bachelor's degree in an IT related field or must be on track to complete a reputable QA bootcamp.
2. Strong understanding and knowledge of computer software programs.
3. Strong attention to detail, accuracy and completeness, and a commitment to producing high-quality deliverables.
..."
IT&D Intern,2025-08-22,https://jobright.ai/jobs/info/68a89b5fd627244576e33d9b?utm_source=1099&utm_campaign=Software Engineer,On Site,"Pittsburgh, PA",Covestro,2026-Summer,2026,"Advanced Materials,Industrial",10000+,,"1. Enrollment in a Bachelor’s degree program with a major and/or focus in Computer Science, Information Science, Information Technology or Information Security
2. Completion of sophomore year prior to the start of the summer 2026 internship
3. Cumulative GPA of 3.0 or higher"
2026 Summer SWE Intern,2025-08-22,https://jobright.ai/jobs/info/68a88cf6d627244576e33716?utm_source=1099&utm_campaign=Software Engineer,On Site,"San Francisco, CA",Stack Auth (YC S24),2026-Summer,,,1-10,$6K-$6K /yr,
Quality Assurance Intern,2025-08-22,https://jobright.ai/jobs/info/68a88bee758f2e4ac3ff326d?utm_source=1099&utm_campaign=Software Engineer,On Site,"Davie, FL","Venture Tech Solutions, Inc.",,,"IT Infrastructure,Marketing",11-50,,"1. Experience programming in any scripting language (preferably python and/or javascript)
2. Strong organizational skills
3. Analytical mind and problem-solving aptitude
..."
Internship - Information Technology Engineer,2025-08-22,https://jobright.ai/jobs/info/688865034174df41e0fa5a47?utm_source=1099&utm_campaign=Software Engineer,On Site,"Lexington, KY",Infineon Technologies,,,"Consumer Electronics,Electronics",10000+,,"1. Pursuing a bachelor's or master's degree in Computer Science or Computer Information Systems
2. Technical Skills: experience writing SQL queries against a relational database
3. Experience in source control systems like Subversion and Git.
..."
Software Engineering Intern,2025-08-22,https://jobright.ai/jobs/info/688bb7f5906ac06e1d1cdadc?utm_source=1099&utm_campaign=Software Engineer,On Site,"Cedar Falls, IA",SciPlay,,,Casino,501-1000,,"1. Bachelor’s degree in Computer Science (or working towards)
2. Software development
3. Quality assurance
..."
Applications Engineering Intern I,2025-08-22,https://jobright.ai/jobs/info/688c296e906ac06e1d1d1453?utm_source=1099&utm_campaign=Software Engineer,On Site,"Multi Location
North Las Vegas, NV
US-NV-North Las Vegas",Nikkiso Clean Energy & Industrial Gases,,,,501-1000,,"1. Excellent written and verbal communication skills.
2. Detailed and well-organized.
3. Skilled in time management, prioritizing tasks, and managing changing priorities in fast-paced environment.
..."
2026 Summer SWE Intern,2025-08-22,https://jobright.ai/jobs/info/68a86511d627244576e325d4?utm_source=1099&utm_campaign=Software Engineer,On Site,"San Francisco, CA, US",Stack Auth (YC S24),2026-Summer,,,1-10,$6000-$6000 /mon,1. Skills: TypeScript
Fall 2025 Engineering Intern,2025-08-22,https://jobright.ai/jobs/info/68a863936acf96396f71fa02?utm_source=1099&utm_campaign=Software Engineer,On Site,"Multi Location
San Francisco, CA
San Francisco",Primer,2025-Fall,2025,"Education,Internet",11-50,,"1. Work with TypeScript, NodeJS, GraphQL, Prisma, Postgres, NextJS, React, and Relay.
2. Collaborate with team members across engineering, product, design, and academic programs.
3. Full-time, in-office internship based in our light-filled Mission district office in San Francisco.
..."
Enterprise Technology Solutions Internship - Summer 2026,2025-08-22,https://jobright.ai/jobs/info/688bb5ad3a30793eb963cc9b?utm_source=1099&utm_campaign=Software Engineer,On Site,"Columbus, OH",The Marzetti Company,2026-Summer,,"Food and Beverage,Retail",1001-5000,,"1. Enrolled in an Undergraduate or Graduate accredited University with a focus in: Supply Chain Management
2. Demonstrated teamwork and leadership through extracurricular activities and/or work experience
3. Exceptional communication, interpersonal, and relationship building skills
..."
"Software Engineer, Intern (Wisconsin based)",2025-08-22,https://jobright.ai/jobs/info/68423eb32d1d1dcc5fd249d5?utm_source=1099&utm_campaign=Software Engineer,Hybrid,"Waukesha, WI",Codeworks IT Careers ,2025-September,,Information Technology,251-500,,"1. Entering Junior or Senior Year in biomedical engineering, computer science, electrical engineering or related fields
2. Experience with C++ and exposure to Linux. GPU processing (for ex. CUDA is a plus)
3. Familiarity with OOP and design patterns
..."
Software Engineer Intern (Payment Risk) - Global Payment - 2026 Summer(BS/MS),2025-08-21,https://jobright.ai/jobs/info/68a05344cc9ee94dc911f013?utm_source=1099&utm_campaign=Software Engineer,On Site,"San Jose, CA",ByteDance,2026-Summer,2025,"Content,Data Mining",10000+,$45-$60 /hr,"1. Currently pursuing an Undergraduate/Graduate/Master in Software Engineering, Computer Science, IT, or a related technical discipline.
2. Proficiency in programming, debugging, and optimizing code in one or more widely-used languages;
3. Strong interpersonal and teamwork abilities; adaptable, proactive, and resourceful;
..."
Software Engineer Intern (Platform Product) - Global Payment - 2026 Summer(BS/MS),2025-08-21,https://jobright.ai/jobs/info/68a52967758f2e4ac3fdc759?utm_source=1099&utm_campaign=Software Engineer,On Site,"San Jose, CA",ByteDance,2026-Summer,2026-December,"Content,Data Mining",10000+,$45-$60 /hr,"1. Currently pursuing an Undergraduate/Graduate/Master in Software Engineering, Computer Science, IT, or a related technical discipline.
2. Excellent programming, debugging, and optimization skills in one or more general purpose programming languages
3. Strong interpersonal and teamwork abilities; adaptable, proactive, and resourceful;
..."
Software Development Engineer in Test Intern (Global E-Commerce) - 2026 Summer (BS/MS),2025-08-21,https://jobright.ai/jobs/info/68a052fc83d13d1f5b6d020c?utm_source=1099&utm_campaign=Software Engineer,On Site,"Seattle, WA",ByteDance,2026-Summer,2026,"Content,Data Mining",10000+,$33.25-$33.25 /hr,"1. Currently pursuing an Undergraduate/Master in Computer Science or a related technical discipline.
2. Able to commit to working for 12 weeks during Summer 2026.
3. Must obtain work authorization in country of employment at the time of hire, and maintain ongoing work authorization during employment.
..."
"2026 Technology, Data, AI & Ventures Summer Internship Program - Technology Analyst Intern",2025-08-21,https://jobright.ai/jobs/info/68aa91cb6acf96396f72b01f?utm_source=1099&utm_campaign=Software Engineer,On Site,"New York, NY",New York Life Insurance Company,2026-Summer,,"Finance,Financial Services",10000+,$30-$35 /hr,"1. Rising senior or graduate student pursuing a degree in Business, Computer Science, or related field
2. Interest in financial services and emerging technologies like AI
3. Strong communication, analytical, and problem-solving skills"
Infrastructure Engineer Intern (Compute Infrastructure - Cloud-Native )- 2026 Summer (MS/BS),2025-08-21,https://jobright.ai/jobs/info/68a0530dfaa4e875e82901b1?utm_source=1099&utm_campaign=Software Engineer,On Site,"Seattle, WA",ByteDance,2026-Summer,,"Content,Data Mining",10000+,$57-$57 /hr,"1. Currently pursuing a Bachelor's or Master's degree in Computer Science or a related field
2. Able to commit to working for 12 weeks during Summer 2026
3. Experience with coding in Python, Java, Golang, C#, or C++
..."
Firmware Intern,2025-08-21,https://jobright.ai/jobs/info/68a7d831d627244576e2f0f7?utm_source=1099&utm_campaign=Software Engineer,On Site,"Carlsbad, CA","Legrand, North America",,,"Electrical Distribution,Electronics",5001-10000,$22-$26 /hr,"1. Pursuing a degree in Embedded Systems Engineering, Software Engineering, Computer Science, Computer Engineering, or equivalent combination of education and experience.
2. Must be self-driven to effectively work remotely in a team environment.
3. Must have ability to find and apply Internet and Web-based technical resources efficiently and effectively.
..."
Backend Software Engineer Intern (TikTok-Search) - 2026 Summer (BS/MS),2025-08-21,https://jobright.ai/jobs/info/688e2c3be5cead4afd45bf25?utm_source=1099&utm_campaign=Software Engineer,On Site,"San Jose, CA",TikTok,2026-Summer,2026,"Content Creators,Content Discovery",10000+,$$45-$$45 /hr,"1. Currently enrolled in an undergraduate, graduate, or master’s program in Software Development, Computer Science, Computer Engineering, or a related technical field.
2. Available to work for 12 weeks in Summer 2026
3. Strong problem-solving and analytical skills with a passion for backend services development.
..."
Backend Development Engineer Intern (Infrastructure Platform Delivery)- 2026 Summer (BS/MS),2025-08-21,https://jobright.ai/jobs/info/68a52441758f2e4ac3fdc393?utm_source=1099&utm_campaign=Software Engineer,On Site,"San Jose, CA",ByteDance,2026-Summer,2026,"Content,Data Mining",10000+,$45-$45 /yr,"1. Final year or recent graduate with a background in Computer Science, Software Engineering, or related field
2. Passionate about programming with solid coding capabilities and a strong foundation in data structures and algorithms
3. Proficient in one or multiple programming languages, e.g. Java, Go, C/C++, etc.
..."
GPU/AI Application System Software Engineer Intern (System Technologies and Engineering) - 2025 Summer/Fall (BS/MS),2025-08-21,https://jobright.ai/jobs/info/68a0531bcc9ee94dc911efb7?utm_source=1099&utm_campaign=Software Engineer,On Site,"San Jose, CA",ByteDance,2025-May,,"Content,Data Mining",10000+,$45-$45 /hr,"1. Currently pursuing a Bachelor's, Master's, or PhD degree within Computer Engineering in Electrical Engineering, Computer Engineering, Computer Science or related majors.
2. Background with GPU/CPU benchmarking
3. Familiar with ML/DL techniques, algorithms and frameworks like TensorFlow or PyTorch.
..."
3D Advanced Heterogeneous Integration Development Intern (Summer 2026),2025-08-21,https://jobright.ai/jobs/info/68985a6583d13d1f5b68efaa?utm_source=1099&utm_campaign=Software Engineer,On Site,"Malta, NY",GlobalFoundries,2026-Summer,2026,"Electronics,Manufacturing",10000+,,"1. Education – At least a sophomore at time of application and actively pursuing a Bachelors or Masters in Engineering or related field through an accredited degree program during the internship.
2. Must have at least an overall 3.0 GPA and be in good academic standing.
3. Language Fluency - English (Written & Verbal)
..."
Software Engineer Intern (Summer 2026),2025-08-21,https://jobright.ai/jobs/info/68a7c28633dd7158bbca97be?utm_source=1099&utm_campaign=Software Engineer,Hybrid,"Multi Location
San Francisco, CA
San Francisco",Zip,2026-Summer,2026-December / 2027-June,"Compliance,Enterprise Resource Planning (ERP)",251-500,,"1. Pursuing a BS or MS in Computer Science or a related technical field involving coding (e.g. physics or math), with an expected graduation date between December 2026 - June 2027
2. Experience with web applications and API development. At Zip, our stack includes Python, Javascript/TypeScript, React, and GraphQL
3. Ability and interest to quickly learn new frameworks, architecture patterns, and programming languages as needed
..."
Full Stack Intern,2025-08-21,https://jobright.ai/jobs/info/68a7c0f233dd7158bbca93a7?utm_source=1099&utm_campaign=Software Engineer,Remote,United States,Sparrow,,,"Artificial Intelligence (AI),Golf",11-50,$300-$300 /wk,"1. Strong Python skills and hands-on experience with relational databases.
2. Quick learner, comfortable with new technologies and frameworks.
3. Creative problem-solver who thrives on tackling tough technical challenges.
..."
D365 ERP Implementation Intern,2025-08-21,https://jobright.ai/jobs/info/68a7bd6833dd7158bbca9260?utm_source=1099&utm_campaign=Software Engineer,On Site,"Multi Location
Indianapolis, IN
Nashville, TN
Chicago, IL
Grand Rapids, MI
Sacramento, CA
Grand Rapids MI USA
Chicago IL USA
Sacramento CA USA
Nashville TN USA
Indianapolis IN USA",Crowe,,,"Accounting,Advice",10000+,$27-$42 /hr,"1. Strong analytical and problem-solving skills.
2. Ability to troubleshoot and identify root cause and resolve issues.
3. Excellent verbal and written communication skills.
..."
Researcher Intern (Intelligent Creation-Vision and Graphics)- 2026 Start (PhD),2025-08-21,https://jobright.ai/jobs/info/68a04f8483d13d1f5b6d017d?utm_source=1099&utm_campaign=Software Engineer,On Site,"Seattle, WA",ByteDance,2025-Summer,2025-December,"Content,Data Mining",10000+,$57-$57 /hr,"1. Able to commit to working for 12 weeks during Summer 2025
2. Currently pursuing a PhD in Computer Science or a related technical discipline.
3. Strong track record of research in one or more areas of computer vision, computer graphics and machine learning, preferring candidates with publications in top-tier venues such as SIGGRAPH/SIGGRAPH Asia, CVPR, ICCV, ECCV, ICML, NeurIPS, ICLR.
..."
Backend Software Engineer Intern (TikTok-Social-User and Relation) - 2026 Summer (BS/MS),2025-08-21,https://jobright.ai/jobs/info/688c2b7b1808534a89cb8fa2?utm_source=1099&utm_campaign=Software Engineer,On Site,"Los Angeles, CA",TikTok,2026-Summer,2026-December,"Content Creators,Content Discovery",10000+,$$42.75-$$42.75 /hr,"1. Currently pursuing an Undergraduate/Graduate/Master in Software Development, Computer Science, Computer Engineering, or a related technical discipline
2. Able to commit to working for 12 weeks during Summer 2026
3. Proficient in at least one of the following languages: Go, Java, Golang"
Software Engineer Intern (TikTok-Open Platform) - 2026 Summer(BS/MS),2025-08-21,https://jobright.ai/jobs/info/6893bb73a9199876488dfaf0?utm_source=1099&utm_campaign=Software Engineer,On Site,"Seattle, WA",TikTok,2026-Summer,2026,"Content Creators,Content Discovery",10000+,$$42.75-$$42.75 /hr,"1. Currently pursuing an Undergraduate/Graduate in Software Development, Computer Science, Computer Engineering, or a related technical discipline.
2. Able to commit to working for 12 weeks during the Summer of 2026.
3. Basic understanding of web development fundamentals (HTML, CSS, JavaScript).
..."
Software Development Engineer in Test Intern (TikTok-PGC)- 2026 Summer (BS/MS),2025-08-21,https://jobright.ai/jobs/info/688f0212cdbd821a36644760?utm_source=1099&utm_campaign=Software Engineer,On Site,"San Jose, CA",TikTok,2026-Summer,2026-December,"Content Creators,Content Discovery",10000+,$$35-$$35 /hr,"1. Currently pursuing an Undergraduate/Master in Computer Science, Electrical Engineering or a related field.
2. Familiar with Java/Python/Objective-C/Golang, experience in related project development.
3. Fluent in Python
..."
"Software Engineering - Intern, Graduate",2025-08-21,https://jobright.ai/jobs/info/68a7ddc0d627244576e2f353?utm_source=1099&utm_campaign=Software Engineer,On Site,"Austin, TX",Intel Corporation,2026-Spring,,,10000+,$63K-$750K /yr,"1. Candidate must be enrolled/pursuing a Master's degree OR Ph.D in Computer Engineering, Computer Science, Electrical Engineering, Physics, or related STEM field with 3+ months of educational or industry experience."
"Software Engineering -  Intern, Bachelor’s",2025-08-21,https://jobright.ai/jobs/info/68a7de4933dd7158bbca9fda?utm_source=1099&utm_campaign=Software Engineer,On Site,"Austin, TX",Intel Corporation,2026-Spring,,,10000+,$40K-$750K /yr,"1. Candidate must be enrolled/pursuing a Bachelor's degree in Computer Engineering, Computer Science, Electrical Engineering, Physics, or related STEM field with 3+ months of educational or industry experience."
"Trainee, IT Development Program",2025-08-21,https://jobright.ai/jobs/info/68a7afea33dd7158bbca8c94?utm_source=1099&utm_campaign=Software Engineer,On Site,"Brentwood, TN",Tractor Supply Company,,,"Agriculture,Retail",10000+,,"1. Analytical and problem-solving experience.
2. Previous work and/or internship experience working within Information Technology
3. Experience with the Microsoft Suite of tools
..."
D365 ERP Technical Intern,2025-08-21,https://jobright.ai/jobs/info/68a7fb23d627244576e2ff52?utm_source=1099&utm_campaign=Software Engineer,On Site,"Multi Location
San Francisco, CA
Chicago, IL
San Francisco CA USA
Chicago IL USA",Crowe,,,"Accounting,Advice",10000+,$27-$42 /hr,"1. Assist clients with the implementation of technology as they transform their business.
2. Enhance governance, identify risks, and support compliance through system implementation and/or enhancement.
3. Assist clients with technology-enabled process improvement and help them refine their information security environment.
..."
Software Engineer Intern (TikTok-PGC) - 2026 Summer (BS/MS),2025-08-21,https://jobright.ai/jobs/info/689c25a479a9f96662536a25?utm_source=1099&utm_campaign=Software Engineer,On Site,"San Jose, CA",TikTok,2026-Summer,2026-December,"Content Creators,Content Discovery",10000+,$$45-$$45 /hr,"1. Currently pursuing an Undergraduate/Graduate in Software Development, Computer Science, Computer Engineering, or a related technical discipline.
2. Able to commit to working for 12 weeks during the Summer of 2026.
3. Ability to think critically and to formulate solutions to problems in a clear and concise way.
..."
Quality Assurance Intern,2025-08-21,https://jobright.ai/jobs/info/68a7a67f33dd7158bbca88fe?utm_source=1099&utm_campaign=Software Engineer,On Site,"Davie, FL",Consolidated Credit,,,"Credit,Finance",51-100,,"1. Experience programming in any scripting language (preferably python and/or javascript)
2. Strong organizational skills
3. Analytical mind and problem-solving aptitude
..."
Software Engineer Intern (Recommendation Infrastructure) - 2026 Start (PhD),2025-08-21,https://jobright.ai/jobs/info/688ae12609808a6103e51e96?utm_source=1099&utm_campaign=Software Engineer,On Site,"San Jose, CA",TikTok,2026-Summer,2026-December,"Content Creators,Content Discovery",10000+,$$60-$$60 /hr,"1. Currently pursuing PhD in Computer Science or a related technical discipline
2. Able to commit to working for 12 weeks during Summer 2026
3. Must obtain work authorization in country of employment at the time of hire, and maintain ongoing work authorization during employment.
..."
Software Engineer Intern (TikTok-PGC-OGC) - 2026 Summer(BS/MS),2025-08-21,https://jobright.ai/jobs/info/688ee56dcdbd821a36643458?utm_source=1099&utm_campaign=Software Engineer,On Site,"San Jose, CA",TikTok,2026-Summer,,"Content Creators,Content Discovery",10000+,$45-$45 /hr,"1. Currently pursuing an Undergraduate/Master degree in Software Development, Computer Science, Computer Engineering, or a related technical discipline.
2. Experience with one of the coding in HTML, CSS, and JavaScript.
3. Be able to work onsite for at least 12 weeks.
..."
Software Engineer Intern (Agentic AI Engine - Data Management platform) - 2026 Summer (BS/MS),2025-08-21,https://jobright.ai/jobs/info/68917cd0f47efe2113955b92?utm_source=1099&utm_campaign=Software Engineer,On Site,"San Jose, CA",TikTok,2026-Summer,2026-December,"Content Creators,Content Discovery",10000+,$36-$45 /hr,"1. Currently pursuing an Undergraduate/Master's degree in Software Development, Computer Science, Computer Engineering, or a related technical discipline.
2. Able to commit to working for 12 weeks during Summer 2026.
3. Proficiency in common big data processing systems like Spark/Flink at the source code level is required, with a preference for experience in customizing or extending these systems.
..."
Software Engineer Intern(Media Network Global Engineering) - 2026 Summer (BS/MS),2025-08-21,https://jobright.ai/jobs/info/68a05339cc9ee94dc911eff3?utm_source=1099&utm_campaign=Software Engineer,On Site,"San Jose, CA",ByteDance,2026-Summer,,"Content,Data Mining",10000+,$45-$45 /hr,"1. Currently pursuing an Undergraduate/Master in Software Development, Computer Science, Computer Engineering, or a related technical discipline
2. Able to commit to working for 12 weeks during Summer 2026
3. Must obtain work authorization in country of employment at the time of hire, and maintain ongoing work authorization during employment.
..."
"Software Engineering -  Intern, Bachelor’s",2025-08-21,https://jobright.ai/jobs/info/68a7865cd627244576e2d2ee?utm_source=1099&utm_campaign=Software Engineer,On Site,"Multi Location
US, Arizona, Phoenix
US, California, Santa Clara
US, California, Folsom
US, Oregon, Hillsboro
US, Texas, Austin",Intel Corporation,2026-Spring,2026-Spring / 2026-Summer,,10000+,$40000-$108000 /yr,"1. Candidate must be enrolled/pursuing a Bachelor's degree in Computer Engineering, Computer Science, Electrical Engineering, Physics, or related STEM field with 3+ months of educational or industry experience."
"Software Engineering - Intern, Graduate",2025-08-21,https://jobright.ai/jobs/info/68a78649d627244576e2d2b8?utm_source=1099&utm_campaign=Software Engineer,On Site,"Multi Location
US, California, Folsom
US, Oregon, Hillsboro
US, Texas, Austin
US, California, Santa Clara
US, Arizona, Phoenix",Intel Corporation,2026-Spring,2026-Spring / 2026-Summer,,10000+,$63000-$166000 /yr,"1. Candidate must be enrolled/pursuing a Master's degree OR Ph.D in Computer Engineering, Computer Science, Electrical Engineering, Physics, or related STEM field with 3+ months of educational or industry experience."
Backend Software Engineer Intern (TikTok-Growth-Customer Lifecycle) - 2026 Summer (BS/MS),2025-08-21,https://jobright.ai/jobs/info/689c0a6efaa4e875e826522e?utm_source=1099&utm_campaign=Software Engineer,On Site,"San Jose, CA",TikTok,2026-Summer,2026-December,"Content Creators,Content Discovery",10000+,$$45-$$45 /hr,"1. Currently pursuing an Undergraduate/Graduate/Master in Software Development, Computer Science, Computer Engineering or a related technical discipline
2. Able to commit to working for 12 weeks during Summer 2026
3. computer science, statistics, or other relevant, machine-learning-heavy majors
..."
Software Engineer Intern (TikTok-Search-Client) - 2026 Summer (BS/MS),2025-08-21,https://jobright.ai/jobs/info/689185c8f47efe211395628e?utm_source=1099&utm_campaign=Software Engineer,On Site,"San Jose, CA",TikTok,2026-Summer,2026-December,"Content Creators,Content Discovery",10000+,$$45-$$45 /hr,"1. Currently pursuing an Undergraduate/Graduate in Software Development, Computer Science, Computer Engineering, or a related technical discipline.
2. Able to commit to working for 12 weeks during the Summer of 2026.
3. Familiar with JavaScript, HTML, and CSS.
..."
Software Engineer Intern (TikTok-Search) - 2026 Summer(BS/MS),2025-08-21,https://jobright.ai/jobs/info/6892cad74c7e851b90ad87ba?utm_source=1099&utm_campaign=Software Engineer,On Site,"San Jose, CA",TikTok,2026-Summer,2026-December,"Content Creators,Content Discovery",10000+,$$45-$$45 /hr,"1. Currently pursuing an Undergraduate/Graduate in Software Development, Computer Science, Computer Engineering, or a related technical discipline.
2. Able to commit to working for 12 weeks during the Summer of 2026.
3. Proficiency in at least one of these programming languages: Objective-C, Swift or Kotlin, Java.
..."
Software Engineer Intern (TikTok-Growth-Innovative Growth) - 2026 Summer (BS/MS),2025-08-21,https://jobright.ai/jobs/info/689c364a83d13d1f5b6a7856?utm_source=1099&utm_campaign=Software Engineer,On Site,"San Jose, CA",TikTok,2026-Summer,2026-December,"Content Creators,Content Discovery",10000+,$45-$45 /hr,"1. Currently pursuing an Undergraduate/Master degree in Software Development, Computer Science, Computer Engineering, or a related technical discipline.
2. Able to commit to working for 12 weeks during Summer 2026
3. Experience in developing consumer-facing applications through experimentation
..."
Software Engineer Intern (TikTok-Intelligent Creation-Creation Experience) - 2026 Summer (BS/MS),2025-08-21,https://jobright.ai/jobs/info/68917b3a4c7e851b90acef7a?utm_source=1099&utm_campaign=Software Engineer,On Site,"San Jose, CA",TikTok,2026-Summer,2026,"Content Creators,Content Discovery",10000+,$45-$45 /hr,"1. Currently pursuing an Undergraduate/Graduate in computer science, computer engineering, electrical engineering, or a related technical discipline.
2. Able to commit to working for 12 weeks during the Summer of 2026.
3. Strong computer science fundamentals in data structure & algorithms with good problem solving skills
..."
Backend Software Engineer Intern(Media Platform) - 2026 Summer (BS/MS),2025-08-21,https://jobright.ai/jobs/info/689e8ed483d13d1f5b6bda8e?utm_source=1099&utm_campaign=Software Engineer,On Site,"San Jose, CA",TikTok,2026-Summer,,"Content Creators,Content Discovery",10000+,$$45-$$45 /hr,"1. Currently pursuing an Undergraduate/Master in Software Development, Computer Science, Computer Engineering, or a related technical discipline
2. Able to commit to working for 12 weeks during Summer 2026
3. Programming experience with Golang, C, C++, or similar languages.
..."
Software Engineering Co-op_Summer 2026,2025-08-21,https://jobright.ai/jobs/info/68a35d601ab5f8579e8a4ffd?utm_source=1099&utm_campaign=Software Engineer,Hybrid,"Louisville, KY","GE Appliances, a Haier company",2026-May,2026,Consumer Goods,10000+,,"1. Currently enrolled in an accredited university pursuing a bachelor's degree or higher in Engineering (Computer, or Software Engineering)
2. December 2026 or later graduation date
3. Cumulative GPA >=3.0 (out of 4.0)
..."
Software Development Test Engineer Intern (Trust and Safety - QA)- 2026 Summer (BS/MS),2025-08-21,https://jobright.ai/jobs/info/6887e1dbfbbf032d000772f1?utm_source=1099&utm_campaign=Software Engineer,On Site,"San Jose, CA",TikTok,2026-Summer,,"Content Creators,Content Discovery",10000+,$45-$45 /hr,"1. Currently pursuing an Undergraduate/Graduate in Software Development, Computer Science, Computer Engineering, or a related technical discipline.
2. Able to commit to working for 12 weeks during the Summer of 2026.
3. Ability to think critically and to formulate solutions to problems in a clear and concise way.
..."
Software Engineering Co-op_Spring 2026,2025-08-21,https://jobright.ai/jobs/info/68a35c6d37d3cc6b0d576278?utm_source=1099&utm_campaign=Software Engineer,Hybrid,"Louisville, KY","GE Appliances, a Haier company",2026-January,2026,Consumer Goods,10000+,,"1. Currently enrolled in an accredited university pursuing a bachelor's degree or higher in Engineering (Computer, or Software Engineering)
2. May 2026 or later graduation date
3. Cumulative GPA >=3.0 (out of 4.0)
..."
Backend Software Engineer Intern (TikTok-Product Infrastructure-Account) - 2026 Summer(BS/MS),2025-08-21,https://jobright.ai/jobs/info/689c25df79a9f96662536b40?utm_source=1099&utm_campaign=Software Engineer,On Site,"San Jose, CA",TikTok,2026-Summer,2026,"Content Creators,Content Discovery",10000+,$45-$45 /hr,"1. Currently pursuing an Undergraduate/Graduate in Software Development, Computer Science, Computer Engineering, or a related technical discipline.
2. Able to commit to working for 12 weeks during the Summer of 2026.
3. Programming experience in Go, Java, C++, Python, or similar languages.
..."
Software Development Engineer in Test Intern (TikTok-Privacy and Security-Business Risk Integrated Control)- 2026 Summer (BS/MS),2025-08-21,https://jobright.ai/jobs/info/688ee30bcdbd821a36642fcc?utm_source=1099&utm_campaign=Software Engineer,On Site,"San Jose, CA",TikTok,2026-Summer,2026,"Content Creators,Content Discovery",10000+,$35-$35 /hr,"1. Proficient in at least one mainstream programming language (e.g., C++, Java, Golang) with a basic understanding of its ecosystem.
2. Solid understanding of object-oriented programming principles.
3. Basic familiarity with classic mainstream databases (e.g., MySQL, Redis, MongoDB, HBase, Hive) and messaging systems such as Kafka or RocketMQ.
..."
Software Engineer Intern (Trust and Safety - Engineering-Core Safety) - 2026 Summer (BS/MS),2025-08-21,https://jobright.ai/jobs/info/6887e511fbbf032d000774b3?utm_source=1099&utm_campaign=Software Engineer,On Site,"Seattle, WA",TikTok,2026-Summer,2026-December,"Content Creators,Content Discovery",10000+,$$42.75-$$42.75 /hr,"1. Currently pursuing an Undergraduate/Master degree in Software Development, Computer Science, Computer Engineering, or a related technical discipline.
2. Able to commit to working for 12 weeks during the Summer of 2026.
3. Prior experience working with languages like Go/Python/PHP/C++/C/Java.
..."
Software Development Engineer Intern(Storage-HDFS) - 2026 Summer (BS/ MS),2025-08-21,https://jobright.ai/jobs/info/68a052f283d13d1f5b6d01e8?utm_source=1099&utm_campaign=Software Engineer,On Site,"San Jose, CA",ByteDance,2026-Summer,,"Content,Data Mining",10000+,$36-$45 /hr,"1. Currently pursuing an Undergraduate/Master in Computer Science, Communications or a related technical discipline
2. Able to commit to working for 12 weeks during Summer 2026
3. Proficient in fundamental knowledge of algorithms and data structures; skilled in at least one programming language (such as C/C++/Python/Go).
..."
Software Development Engineer in Test Intern (TikTok-Intelligent Creation)- 2026 Summer (BS/MS),2025-08-21,https://jobright.ai/jobs/info/688eca11e5cead4afd45d43b?utm_source=1099&utm_campaign=Software Engineer,On Site,"San Jose, CA",TikTok,2026-Summer,2026-December,"Content Creators,Content Discovery",10000+,$$45-$$45 /hr,"1. Currently pursuing an Undergraduate/Master in Computer Science, Electrical Engineering or a related field.
2. Familiar with Java/Python/Objective-C/Golang, experience in related project development.
3. Fluent in Python
..."
Software Engineer Intern - Platform efficiency - 2025 Fall (BS/MS),2025-08-21,https://jobright.ai/jobs/info/688309516fcd973d15ade8e0?utm_source=1099&utm_campaign=Software Engineer,On Site,"San Jose, CA",TikTok,2025-Fall,,"Content Creators,Content Discovery",10000+,$45-$60 /hr,"1. Currently enrolled undergraduate or graduate student in a computer-related major, able to intern for at least 4 days per week, with an internship duration of no less than 4 months.
2. Master at least one mainstream programming language, such as Java, Python, Go, etc., with a certain programming foundation and good learning ability.
3. Have a certain understanding of software R&D processes and DevOps concepts, and those who understand the working modes and needs of the QA and RD teams are preferred.
..."
Software Engineer/Mobile Engineer Intern (Monetization Technology - Ads Core Demonstration) - 2026 Start (BS/MS),2025-08-21,https://jobright.ai/jobs/info/6889935609808a6103e48b65?utm_source=1099&utm_campaign=Software Engineer,On Site,"San Jose, CA",TikTok,2026-Summer,2026,"Content Creators,Content Discovery",10000+,$45-$60 /hr,"1. Undergraduate or Postgraduate currently pursuing a Degree/Master in Software Development, Computer Science, Computer Engineering, or a related technical discipline.
2. Basic experience or strong interest in mobile app development (Android and/or iOS).
3. Familiarity with object-oriented programming and software system design.
..."
Software Engineer Intern(Video-on-Demand Algorithm) - 2026 Summer (BS/MS),2025-08-21,https://jobright.ai/jobs/info/689e8f5779a9f9666254dd7a?utm_source=1099&utm_campaign=Software Engineer,On Site,"San Jose, CA",TikTok,2026-Summer,,"Content Creators,Content Discovery",10000+,$45-$45 /hr,"1. Currently pursuing an Undergraduate/Master in Software Development, Computer Science, Computer Engineering, or a related technical discipline
2. Able to commit to working for 12 weeks during Summer 2026
3. Industry or academic experience in the multimedia or network domain.
..."
Junior .NET Developer (Unpaid Internship - Real Projects),2025-08-21,https://jobright.ai/jobs/info/68a950b6758f2e4ac3ff8c7c?utm_source=1099&utm_campaign=Software Engineer,Remote,United States,Siberian Blow,,,,1-10,,"1. Solid foundation in C#, CQRS and OOP principles
2. Understanding of web development basics
3. Understanding of development client sides and server side of web-application
..."
QA Engineer Intern (TikTok-Privacy and Security-Product Privacy)- 2026 Summer (BS/MS),2025-08-21,https://jobright.ai/jobs/info/688843b973e3e13cbd9437f6?utm_source=1099&utm_campaign=Software Engineer,On Site,"San Jose, CA",TikTok,2026-Summer,2026-December,"Content Creators,Content Discovery",10000+,$35-$35 /hr,"1. Currently pursuing an Undergraduate/Master in Computer Science, Electrical Engineering or a related field.
2. Familiar with Java/Python/Objective-C/Golang, experience in related project development.
3. Fluent in Python
..."
Backend Software Engineer Intern (TikTok-PGC-Ecosystem Platform) - 2026 Summer (BS/MS),2025-08-21,https://jobright.ai/jobs/info/689c3b32faa4e875e8267cac?utm_source=1099&utm_campaign=Software Engineer,On Site,"Seattle, WA",TikTok,2026-Summer,2026,"Content Creators,Content Discovery",10000+,$$45-$$45 /hr,"1. Currently pursuing an Undergraduate/Graduate in Software Development, Computer Science, Computer Engineering, or a related technical discipline.
2. Able to commit to working for 12 weeks during the Summer of 2026.
3. Ability to think critically and to formulate solutions to problems in a clear and concise way.
..."
Software Engineer Intern (Recommendation Platform) - 2026 Summer (BS/MS),2025-08-21,https://jobright.ai/jobs/info/688ec9c9e5cead4afd45d370?utm_source=1099&utm_campaign=Software Engineer,On Site,"San Jose, CA",TikTok,2026-Summer,2026,"Content Creators,Content Discovery",10000+,$$45-$$45 /hr,"1. Currently pursuing an Undergraduate/Master in Computer Science or a related technical discipline
2. Able to commit to working for 12 weeks during Summer 2026
3. Must obtain work authorization in country of employment at the time of hire, and maintain ongoing work authorization during employment.
..."
Software Engineer Intern (Financial Product) - Global Payment - 2026 Summer(BS/MS),2025-08-21,https://jobright.ai/jobs/info/68a05632cc9ee94dc911f099?utm_source=1099&utm_campaign=Software Engineer,On Site,"San Jose, CA",ByteDance,2026-Summer,2025,"Content,Data Mining",10000+,$45-$60 /hr,"1. Currently pursuing an Undergraduate/Graduate/Master in Software Engineering, Computer Science, IT, or a related technical discipline.
2. Excellent programming, debugging, and optimization skills in one or more general purpose programming languages.
3. Strong communication and excellent teamwork skills; flexible and be a self-starter.
..."
Frontend Engineer Intern (Trust and Safety-Engineering-Risk & Response) - 2026 Summer (BS/MS),2025-08-21,https://jobright.ai/jobs/info/6887e2ddfbbf032d00077360?utm_source=1099&utm_campaign=Software Engineer,On Site,"Seattle, WA",TikTok,2026-Summer,2025 / 2026,"Content Creators,Content Discovery",10000+,$42.75-$42.75 /hr,"1. Currently pursuing an Undergraduate/Master in Computer Science, Computer Engineering, or a related technical discipline.
2. Able to commit to working for 12 weeks during Summer2025.
3. Ability to think critically and to formulate solutions to problems in a clear and concise way."
"Mapping & Localization, Software Engineering Intern",2025-08-21,https://jobright.ai/jobs/info/68a733db33dd7158bbca52e4?utm_source=1099&utm_campaign=Software Engineer,On Site,"Multi Location
Mountain View, California (HQ)
Mountain View, CA",Nuro,,2026-December,"Artificial Intelligence (AI),Autonomous Vehicles",501-1000,,"1. You are a current BS or MS candidate in Computer Science, Electrical Engineering, Robotics, or a related field graduating in or before December 2026
2. You have experience in one or more of the following areas: computer vision; machine learning; robotics; large-scale distributed systems; data storage and processing systems; advanced algorithms using C++ and Python; robotics software frameworks.
3. You have strong problem solving and programming skills."
Software Development Intern - Fall 2025,2025-08-21,https://jobright.ai/jobs/info/687b4144764c3d7411c31b4b?utm_source=1099&utm_campaign=Software Engineer,On Site,"Fort Wayne, IN","DMA - DuCharme, McMillen & Associates, Inc.",2025-Fall,,Accounting,501-1000,,
Software Engineer Intern (Capital Platform) - 2026 Summer (BS/MS),2025-08-21,https://jobright.ai/jobs/info/689a9c0e5574fd6bc0c8409b?utm_source=1099&utm_campaign=Software Engineer,On Site,"San Jose, CA",TikTok,2026-Summer,2026,"Content Creators,Content Discovery",10000+,$45-$60 /hr,"1. Bachelor's degree or equivalent practical experience in Computer Science or related technical field.
2. Deep understanding of computer architectures, data structures, and algorithms.
3. Possessing a strong coding and documentation style.
..."
Infrastructure Engineer Intern (Compute Infrastructure - Cloud-Native)- 2026 Start(PHD),2025-08-21,https://jobright.ai/jobs/info/68a37bc61ab5f8579e8a62d8?utm_source=1099&utm_campaign=Software Engineer,On Site,"San Jose, CA",ByteDance,2026-Summer,,"Content,Data Mining",10000+,$60-$60 /hr,"1. Currently pursuing a PhD degree in Computer Science or a related field
2. Able to commit to working for 12 weeks during Summer 2026
3. Experience with coding in Python, Java, Golang, C#, or C++
..."
Software Engineer Intern (Recommendation Infrastructure) - 2026 Summer (BS/ MS),2025-08-21,https://jobright.ai/jobs/info/689be96083d13d1f5b6a47d9?utm_source=1099&utm_campaign=Software Engineer,On Site,"Seattle, WA",TikTok,2026-Summer,2025-December,"Content Creators,Content Discovery",10000+,$43-$57 /hr,"1. Must be able to commit to a 12-week full-time work period during Summer 2026
2. Currently pursuing an Undergraduate/Masters degree in Software Development, Computer Science, Computer Engineering, or a related technical discipline.
3. Experience in programming, included but not limited to, the following programming languages: C, C++, Java or Golang.
..."
Software Engineer Intern (TikTok-Engineering Excellence-Dev Infra) - 2026 Summer (BS/MS),2025-08-21,https://jobright.ai/jobs/info/689d5b44faa4e875e826efaf?utm_source=1099&utm_campaign=Software Engineer,On Site,"San Jose, CA",TikTok,2026-Summer,2026-December,"Content Creators,Content Discovery",10000+,$45-$45 /hr,"1. Currently pursuing an Undergraduate/Graduate in Software Development, Computer Science, Computer Engineering, or a related technical discipline.
2. Able to commit to working for 12 weeks during the Summer of 2026.
3. Experience in CI/CD development with common CI/CD pipelines such as Jenkins, Github Actions, or Gitlab;
..."
Software Engineer Intern (TikTok-Social-User and Relation) - 2026 Summer (BS/MS),2025-08-21,https://jobright.ai/jobs/info/689bfe6783d13d1f5b6a4f0a?utm_source=1099&utm_campaign=Software Engineer,On Site,"Los Angeles, CA",TikTok,2026-Summer,2026-December,"Content Creators,Content Discovery",10000+,$42.75-$42.75 /hr,"1. Currently pursuing an Undergraduate/Graduate/Master/PhD in Software Development, Computer Science, Computer Engineering, or a related technical discipline
2. Able to commit to working for 12 weeks during Summer 2026
3. Proficiency in at least one of these programming languages: Java, Kotlin, Swift, Objective-C
..."
Software Engineer Intern (Payment Network) - Global Payment - 2026 Summer(BS/MS),2025-08-21,https://jobright.ai/jobs/info/68a052fc83d13d1f5b6d0209?utm_source=1099&utm_campaign=Software Engineer,On Site,"Seattle, WA",ByteDance,2026-Summer,,"Content,Data Mining",10000+,$42-$57 /hr,"1. Currently pursuing an Undergraduate/Graduate/Master
2. Software development experience in one or more general-purpose programming languages, such as Java/Go/C++/C#/Python
3. Excellent proficiency in backend server development and expertise in relational databases
..."
Video Experience Software Engineer Intern (Global StreamingMedia) - 2025 Summer/Fall (BS/MS),2025-08-21,https://jobright.ai/jobs/info/68a04f6483d13d1f5b6d012b?utm_source=1099&utm_campaign=Software Engineer,On Site,"San Jose, CA",ByteDance,2025-May,,"Content,Data Mining",10000+,$45-$45 /hr,"1. Currently pursuing a Bachelor's or Master's degree in Computer Science, Mathematics, or a related technical field
2. Strong foundation in computer science, networking, and operating systems
3. Solid background in multimedia technologies, including image/signal processing, video codecs, or multimedia streaming
..."
Software Engineer Intern (Trust and Safety -Engineer-AI Safety)- 2026 Summer (BS/MS),2025-08-21,https://jobright.ai/jobs/info/6887e2e9fbbf032d00077366?utm_source=1099&utm_campaign=Software Engineer,On Site,"San Jose, CA",TikTok,2026-Summer,,"Content Creators,Content Discovery",10000+,$$45-$$45 /hr,"1. Currently pursuing an Undergraduate/Graduate in Software Development, Computer Science, Computer Engineering, or a related technical discipline.
2. Able to commit to working for 12 weeks during the Summer of 2026.
3. Ability to think critically and to formulate solutions to problems in a clear and concise way.
..."
Contested Environment Integration & Test Intern,2025-08-21,https://jobright.ai/jobs/info/68a71fc833dd7158bbca4941?utm_source=1099&utm_campaign=Software Engineer,On Site,"Cambridge, MA",Draper,,,,1001-5000,$15-$225 /hr,"1. Enrolled in an accredited full-time undergraduate or graduate degree program required.
2. Excellent written and oral communication skills.
3. Excellent work ethic with the ability to work independently or in a team environment.
..."
Student Intern – Power Platform Development (Student Wage),2025-08-21,https://jobright.ai/jobs/info/68a71f9f33dd7158bbca4907?utm_source=1099&utm_campaign=Software Engineer,Hybrid,"Charlottesville, VA",UVA Health,,2025-Fall,"Health Care,Hospital",5001-10000,$20-$20 /hr,"1. Current enrollment a undergraduate or graduate student
2. Strong analytical and problem-solving skills
3. Experience with Microsoft Office 365 suite
..."
Frontend Engineer Intern (Trust and Safety-Engineering-Data Product & General Service) - 2026 Summer (BS/MS),2025-08-21,https://jobright.ai/jobs/info/6887e94573e3e13cbd941135?utm_source=1099&utm_campaign=Software Engineer,On Site,"San Jose, CA",TikTok,2026-Summer,2026,"Content Creators,Content Discovery",10000+,$45-$45 /hr,"1. Currently pursuing an Undergraduate/Master in Computer Science, Computer Engineering, or a related technical discipline.
2. Able to commit to working for 12 weeks during Summer 2026.
3. Ability to think critically and to formulate solutions to problems in a clear and concise way."
Software Engineer Intern (Recommendation Infrastructure) - 2026 Fall (BS/ MS),2025-08-21,https://jobright.ai/jobs/info/6893b880f47efe21139665ed?utm_source=1099&utm_campaign=Software Engineer,On Site,"San Jose, CA",TikTok,2026-August,2025-December,"Content Creators,Content Discovery",10000+,$45-$60 /hr,"1. Must be able to commit to a 12-week full-time work period during Fall 2026
2. Currently pursuing an Undergraduate/Masters degree in Software Development, Computer Science, Computer Engineering, or a related technical discipline.
3. Experience in programming, included but not limited to, the following programming languages: C, C++, Java or Golang.
..."
Frontend Software Engineer Intern (Global E-Commerce) - 2026 Summer (BS/MS),2025-08-21,https://jobright.ai/jobs/info/68a05345cc9ee94dc911f022?utm_source=1099&utm_campaign=Software Engineer,On Site,"Seattle, WA",ByteDance,2026-Summer,2026,"Content,Data Mining",10000+,$42.75-$42.75 /hr,"1. Currently pursuing an Undergraduate/Master in Computer Science or a related technical discipline.
2. Able to commit to working for 12 weeks during Summer 2026.
3. Must obtain work authorization in country of employment at the time of hire, and maintain ongoing work authorization during employment.
..."
Software Engineer Intern (TikTok-Product Infrastructure-Customer Service Platform) - 2026 Summer(BS/MS),2025-08-21,https://jobright.ai/jobs/info/688c35f91808534a89cb9640?utm_source=1099&utm_campaign=Software Engineer,On Site,"San Jose, CA",TikTok,2026-Summer,2026-December,"Content Creators,Content Discovery",10000+,$45-$45 /hr,"1. Currently pursuing an Undergraduate/Graduate in Software Development, Computer Science, Computer Engineering, or a related technical discipline.
2. Able to commit to working for 12 weeks during the Summer of 2026.
3. Solid foundation in computer science, proficient in at least one front-end framework (React/Vue), with an understanding of the design philosophy behind the framework.
..."
Software Engineering Intern (2026 Grads Only),2025-08-21,https://jobright.ai/jobs/info/688b5dbb906ac06e1d1cadd7?utm_source=1099&utm_campaign=Software Engineer,On Site,"New York, NY",AI Fund,,2025 / 2026,Artificial Intelligence (AI),11-50,,"1. 2+ prior internships or research experiences
2. Minimum of 3-months commitment required to intern
3. Working towards a Bachelor's, Master's, or Ph.D. degree in Computer Science, Engineering, Mathematics, or related field. Advanced coursework in machine learning, systems, and infrastructure is a plus. Graduating in 2025 or 2026.
..."
Backend Software Engineer Intern (Global E-Commerce) - 2026 Summer (BS/MS),2025-08-21,https://jobright.ai/jobs/info/68a04f7083d13d1f5b6d0153?utm_source=1099&utm_campaign=Software Engineer,On Site,"San Jose, CA",ByteDance,2026-Summer,2026,"Content,Data Mining",10000+,$45-$45 /hr,"1. Currently pursuing an Undergraduate/Master in Computer Science or a related technical discipline.
2. Able to commit to working for 12 weeks during Summer 2026.
3. Must obtain work authorization in country of employment at the time of hire, and maintain ongoing work authorization during employment.
..."
Researcher Intern (Vision and Graphics)- 2026 Start (PhD),2025-08-21,https://jobright.ai/jobs/info/68a05345cc9ee94dc911f018?utm_source=1099&utm_campaign=Software Engineer,On Site,"San Jose, CA",ByteDance,2025-Summer,2025-December,"Content,Data Mining",10000+,$60-$60 /hr,"1. Able to commit to working for 12 weeks during Summer 2025
2. Currently pursuing a PhD in Computer Science or a related technical discipline.
3. Strong track record of research in one or more areas of computer vision, computer graphics and machine learning, preferring candidates with publications in top-tier venues such as SIGGRAPH/SIGGRAPH Asia, CVPR, ICCV, ECCV, ICML, NeurIPS, ICLR.
..."
Backend Software Engineer Intern(Foundation Platform) - 2026 Summer (BS/MS),2025-08-21,https://jobright.ai/jobs/info/689e8f3579a9f9666254dd35?utm_source=1099&utm_campaign=Software Engineer,On Site,"San Jose, CA",TikTok,2026-Summer,,"Content Creators,Content Discovery",10000+,$45-$45 /hr,"1. Currently pursuing an Undergraduate/Master in Software Development, Computer Science, Computer Engineering, or a related technical discipline
2. Able to commit to working for 12 weeks during Summer 2026
3. Experience with Python, Java, Golang, C#, or C++."
Software Engineer Intern (Payment Architecture) - Global Payment - 2026 Summer(BS/MS),2025-08-21,https://jobright.ai/jobs/info/68a0530dfaa4e875e82901ad?utm_source=1099&utm_campaign=Software Engineer,On Site,"San Jose, CA",ByteDance,2026-May,2025,"Content,Data Mining",10000+,$45-$60 /hr,"1. Currently pursuing an Undergraduate/Graduate/Master
2. Software development experience in one or more general-purpose programming languages, such as Java/Go/C++/C#/Python
3. Excellent proficiency in backend server development and expertise in relational databases
..."
Backend Software Engineer Intern (TikTok-Growth-Innovative Growth) - 2026 Summer (BS/MS),2025-08-21,https://jobright.ai/jobs/info/688adceaaab47a17f670beb6?utm_source=1099&utm_campaign=Software Engineer,On Site,"San Jose, CA",TikTok,2026-Summer,2026-December,"Content Creators,Content Discovery",10000+,$$45-$$45 /hr,"1. Currently pursuing an Undergraduate/Master degree in Software Development, Computer Science, Computer Engineering, or a related technical discipline.
2. Able to commit to working for 12 weeks during Summer 2026
3. Experience in developing consumer-facing applications through experimentation
..."
Backend Software Engineer Intern (TikTok-Intelligent Creation) - 2026 Summer (BS/MS),2025-08-21,https://jobright.ai/jobs/info/688ae34e09808a6103e51f37?utm_source=1099&utm_campaign=Software Engineer,On Site,"San Jose, CA",TikTok,2026-Summer,2026-December,"Content Creators,Content Discovery",10000+,$45-$45 /hr,"1. Currently pursuing an Undergraduate/Graduate/Master in Software Development, Computer Science, Computer Engineering, or a related technical discipline;
2. Able to commit to working for 12 weeks during Summer 2026;
3. Experience with Python, Java, Golang, C#, or C++;
..."
Software Development Engineer in Test Intern (TikTok-Growth)- 2026 Summer (BS/MS),2025-08-21,https://jobright.ai/jobs/info/688c33cf1808534a89cb94ea?utm_source=1099&utm_campaign=Software Engineer,On Site,"San Jose, CA",TikTok,2026-Summer,2026-December,"Content Creators,Content Discovery",10000+,$$35-$$35 /hr,"1. Currently pursuing an Undergraduate/Master in Computer Science, Electrical Engineering or a related field.
2. Familiar with Java/Python/Objective-C/Golang, experience in related project development.
3. Fluent in Python
..."
Backend Software Engineer Intern (TikTok-Privacy and Security-Age Compliance) - 2026 Summer (BS/MS),2025-08-21,https://jobright.ai/jobs/info/689c1927faa4e875e8265fdf?utm_source=1099&utm_campaign=Software Engineer,On Site,"San Jose, CA",TikTok,2026-Summer,2026-December,"Content Creators,Content Discovery",10000+,$$45-$$45 /hr,"1. Currently pursuing an Undergraduate/Master degree in Software Development, Computer Science, Computer Engineering, or a related technical discipline.
2. Able to commit to working for 12 weeks during Summer 2026
3. Experience with Python, Java, Golang, C#, or C++.
..."
Research Intern (Infrastructure System Lab)- 2026 Start (PHD),2025-08-21,https://jobright.ai/jobs/info/68a052f183d13d1f5b6d01e0?utm_source=1099&utm_campaign=Software Engineer,On Site,"San Jose, CA",ByteDance,2026,,"Content,Data Mining",10000+,$60-$60 /hr,"1. Currently pursuing a PhD degree in Computer Science or related fields
2. Understand how distributed systems work
3. Great programming skill in one or more of the following programming languages: C/C++, Go, Java or Python
..."
Software Development Engineer Intern(Foundation Software)- 2026 Summer (MS/BS),2025-08-21,https://jobright.ai/jobs/info/68a05346cc9ee94dc911f026?utm_source=1099&utm_campaign=Software Engineer,On Site,"San Jose, CA",ByteDance,2026-Summer,,"Content,Data Mining",10000+,$60-$60 /hr,"1. Currently pursuing a master’s or doctoral degree in Computer Science, Electrical Engineering, or a related technical field.
2. Strong programming skills in C++ or Go in Linux environments, with experience in writing clean, maintainable and testable code.
3. Have a solid understanding of CS Fundamentals: basic data structures (lists, queues, stacks, trees, graphs, hash tables) and algorithms (binary search, quick sort, divide and conquer, backtracking), operating system (processes, threads, mutexes, semaphores, deadlock, paging, segmentation, file system), network (OSI models, TCP/UDP, IP addressing, HTTP, DNS).
..."
Software Development Co-Op - Spring 2026,2025-08-21,https://jobright.ai/jobs/info/688a3132aab47a17f6707065?utm_source=1099&utm_campaign=Software Engineer,Hybrid,"Cincinnati, OH",Medpace,2026-Spring,,"Biotechnology,Pharmaceutical",5001-10000,,"1. Qualified candidate will be working towards a Bachelor’s Degree in Computer Science or a related field
2. Excellent communication skills
3. Excellent analytical and problem solving skills"
Software QA Test Engineer Intern - Spring 2026,2025-08-21,https://jobright.ai/jobs/info/688a3c9909808a6103e4d455?utm_source=1099&utm_campaign=Software Engineer,Hybrid,"Cincinnati, OH",Medpace,2026-Spring,,"Biotechnology,Pharmaceutical",5001-10000,,"1. Qualified candidate will be working towards a bachelor’s degree in Computer Science, Information Systems or a related field
2. Excellent computer skills, especially a strong knowledge of Microsoft Word and Excel
3. Ability to learn test-related tools for software testing
..."
Software Engineer Intern (Monetization Technology - Ads Creative AI) - 2026 Summer (BS/MS),2025-08-21,https://jobright.ai/jobs/info/68999f48faa4e875e8253c53?utm_source=1099&utm_campaign=Software Engineer,On Site,"San Jose, CA",TikTok,2026-Summer,2026,"Content Creators,Content Discovery",10000+,$45-$60 /hr,"1. Final year student or recent graduate in Computer Science, AI, Machine Learning, or a related field, or equivalent industry experience by 2026.
2. Must be able to commit to working for 12 weeks during Summer 2026.
3. Experience with building and optimizing data pipelines for AI model training and deployment through coursework or internships.
..."
Software Engineer Intern (Monetization Technology - Ads Creative) - 2026 Summer (BS/MS),2025-08-21,https://jobright.ai/jobs/info/689c2579faa4e875e8266671?utm_source=1099&utm_campaign=Software Engineer,On Site,"San Jose, CA",TikTok,2026-Summer,,"Content Creators,Content Discovery",10000+,$45-$60 /hr,"1. Undergraduate or Postgraduate currently pursuing a Degree/Master in Software Development, Computer Science, Computer Engineering, or a related technical discipline.
2. Must be able to commit to a 12-week full-time work period during Summer or Fall 2026.
3. Some experience (e.g., through academic projects or internships) working with software engineering teams, including contributing to team collaboration, problem-solving, and technical tasks.
..."
Backend Software Engineer Intern (TikTok-Global Live-Foundation) - 2026 Summer(BS/MS),2025-08-21,https://jobright.ai/jobs/info/688f08d06a4aac5783cdc7c9?utm_source=1099&utm_campaign=Software Engineer,On Site,"San Jose, CA",TikTok,2026-Summer,2026-December,"Content Creators,Content Discovery",10000+,$$45-$$45 /hr,"1. Currently pursuing an Undergraduate/Graduate in Software Development, Computer Science, Computer Engineering, or a related technical discipline.
2. Able to commit to working for 12 weeks during the Summer of 2026.
3. Strong knowledge of data structures and algorithms, proficient in at least one coding language, including but not limited to Go, Java, Python, C++.
..."
Backend Software Engineer Intern (TikTok-Social-Photo and Text) - 2026 Summer (BS/MS),2025-08-21,https://jobright.ai/jobs/info/688c3b843a30793eb9641213?utm_source=1099&utm_campaign=Software Engineer,On Site,"San Jose, CA",TikTok,2026-Summer,2026-December,"Content Creators,Content Discovery",10000+,$45-$45 /hr,"1. Currently pursuing an Undergraduate/Graduate/Master in Software Development, Computer Science, Computer Engineering, or a related technical discipline
2. Proficient in at least one coding language, including but not limited to Go, Java, Python, C++, Javascript, TypeScript
3. Ability to understand and debug large and complex codebases
..."
GPU/AI Application Platform Engineer Intern (Server Platform) - 2025 Summer/Fall (PhD),2025-08-21,https://jobright.ai/jobs/info/68a055d583d13d1f5b6d0273?utm_source=1099&utm_campaign=Software Engineer,On Site,"San Jose, CA",ByteDance,2025-May,,"Content,Data Mining",10000+,$60-$60 /hr,"1. Master or Ph.D candidate in Electrical Engineering, Computer Engineering, Computer Science or related majors.
2. Thesis in GPU/AI platform architecture and/or application performance optimization design or software hardware co-design.
3. Deep understanding of computer system architecture, especially on GPU/AI SoC or Platform Architecture, Interconnect Fabric, and Memory sub-system.
..."
Software Engineering Intern,2025-08-21,https://jobright.ai/jobs/info/689edf4cfaa4e875e8282f36?utm_source=1099&utm_campaign=Software Engineer,Hybrid,"Multi Location
Spring, TX
Spring, Texas, United States of America",Hewlett Packard Enterprise,,,"Data Center,Enterprise Software",10000+,$35-$46 /hr,"1. Working towards a Bachelor's and/or Master's degree with a focus in Computer Science, Information Systems, or equivalent.
2. Experience or understanding of software systems design tools and languages.
3. Good analytical and problem-solving skills.
..."
Backend Software Engineer Intern (TikTok-Privacy and Security-Data Lifecycle Management) - 2026 Summer (BS/MS),2025-08-21,https://jobright.ai/jobs/info/689c0a13faa4e875e826504a?utm_source=1099&utm_campaign=Software Engineer,On Site,"Seattle, WA",TikTok,2026-Summer,2026-December,"Content Creators,Content Discovery",10000+,$42.75-$42.75 /hr,"1. Currently pursuing an Undergraduate/Graduate/Master/PhD in Software Development, Computer Science, Computer Engineering, or a related technical discipline
2. Able to commit to working for 12 weeks during Summer 2026
3. Experience with Python, Java, Golang, C#, or C++
..."
Software Engineer Intern (Ads Infra) - 2025 Summer (BS/MS),2025-08-21,https://jobright.ai/jobs/info/68a8268533dd7158bbcac935?utm_source=1099&utm_campaign=Software Engineer,On Site,"San Jose, CA",TikTok,2025-Summer,2025,"Content Creators,Content Discovery",10000+,$45-$45 /hr,"1. Pursuing a Bachelor's or Master's degree in computer science or related technical disciplines.
2. Strong Computer Science fundamentals (algorithms, data structures, software design) and problem-solving skills.
3. Solid coding skills and a good understanding of algorithms, especially causal inference, uplift model, and deep learning.
..."
Software Engineer Intern (TikTok-Intelligent Creation) - 2026 Summer (BS/MS,2025-08-21,https://jobright.ai/jobs/info/688ae28709808a6103e51f02?utm_source=1099&utm_campaign=Software Engineer,On Site,"San Jose, CA",TikTok,2026-Summer,2026-December,"Content Creators,Content Discovery",10000+,$$45-$$45 /hr,"1. Currently enrolled in an undergraduate, graduate, or master’s program in Software Development, Computer Science, Computer Engineering, or a related technical field.
2. Available to work for 12 weeks in Summer 2026.
3. Experience in iOS or Android mobile development.
..."
Software Engineer Intern (MSP) - 2025 Summer (BS/MS),2025-08-21,https://jobright.ai/jobs/info/68a7ffbe758f2e4ac3fefbf7?utm_source=1099&utm_campaign=Software Engineer,On Site,"San Jose, CA",TikTok,2025-May,,"Content Creators,Content Discovery",10000+,$45-$45 /hr,"1. Currently pursuing a BS/MS degree in Computer Science, Computer Engineering or other relevant majors.
2. Excellent programming, debugging, and optimization skills in one or more general purpose programming languages including but not limited to: Go, C/C++, Python, Java, JavaScript.
3. Ability to think critically and to formulate solutions to problems in a clear and concise way.
..."
Backend Software Engineer Intern (Global E-Commerce) - 2026 Summer (BS/MS),2025-08-21,https://jobright.ai/jobs/info/68a052fc83d13d1f5b6d0205?utm_source=1099&utm_campaign=Software Engineer,On Site,"Seattle, WA",ByteDance,2026-Summer,2026,"Content,Data Mining",10000+,$42.75-$42.75 /hr,"1. Currently pursuing an Undergraduate/Master in Computer Science or a related technical discipline.
2. Able to commit to working for 12 weeks during Summer 2026.
3. Must obtain work authorization in country of employment at the time of hire, and maintain ongoing work authorization during employment.
..."
Backend Software Engineer Intern (TikTok-PGC-Monetization) - 2026 Summer (BS/MS),2025-08-21,https://jobright.ai/jobs/info/689c34d6faa4e875e826790a?utm_source=1099&utm_campaign=Software Engineer,On Site,"Seattle, WA",TikTok,2026-Summer,2026-December,"Content Creators,Content Discovery",10000+,$42.75-$42.75 /hr,"1. Currently pursuing an Undergraduate/Graduate/Master in Software Development, Computer Science, Computer Engineering, or a related technical discipline;
2. Able to commit to working for 12 weeks during Summer 2026;
3. Experience with Python, Java, Golang, C#, or C++;
..."
Software Engineer Intern (TikTok Intelligent Creation Effects ) - 2026 Summer (BS/MS),2025-08-21,https://jobright.ai/jobs/info/6890d2f34c7e851b90ac9e42?utm_source=1099&utm_campaign=Software Engineer,On Site,"San Jose, CA",TikTok,2026-Summer,2026,"Content Creators,Content Discovery",10000+,$45-$60 /hr,"1. Currently pursuing an Undergraduate/Master degree in Software Development, Computer Science, Computer Engineering, or a related technical discipline.
2. Able to commit to working for 12 weeks during Summer 2026;
3. Must obtain work authorization in country of employment at the time of hire, and maintain ongoing work authorization during employment.
..."
Video Experience Software Engineer Intern (Global StreamingMedia) - 2025 Summer/Fall (PhD),2025-08-21,https://jobright.ai/jobs/info/68a052edfaa4e875e8290144?utm_source=1099&utm_campaign=Software Engineer,On Site,"San Jose, CA",ByteDance,2025-Summer,,"Content,Data Mining",10000+,$60-$60 /hr,"1. PhD student in Computer Science, Mathematics, or a related technical field
2. Strong foundation in computer science, networking, and operating systems
3. Solid background in multimedia technologies, including image/signal processing, video codecs, or multimedia streaming
..."
Software Engineer Intern(Live Service) - 2026 Summer (BS/MS),2025-08-21,https://jobright.ai/jobs/info/689e8f3183d13d1f5b6bdb12?utm_source=1099&utm_campaign=Software Engineer,On Site,"San Jose, CA",TikTok,2026-Summer,,"Content Creators,Content Discovery",10000+,$45-$45 /hr,"1. Currently pursuing an Undergraduate/Master in Software Development, Computer Science, Computer Engineering, or a related technical discipline
2. Able to commit to working for 12 weeks during Summer 2026
3. Good programming experience with at least one of the following languages: C, C++, Java, Python, or Go.
..."
Software Engineer Intern (MSP) - 2025 Summer (BS/MS),2025-08-21,https://jobright.ai/jobs/info/68a7f28b33dd7158bbcaa796?utm_source=1099&utm_campaign=Software Engineer,On Site,"San Jose, CA",TikTok,2025-Summer,,"Content Creators,Content Discovery",10000+,$$45-$$45 /hr,"1. Currently pursuing a BS/MS degree in Computer Science, Computer Engineering or other relevant majors.
2. Excellent programming, debugging, and optimization skills in one or more general purpose programming languages including but not limited to: Go, C/C++, Python, Java, JavaScript.
3. Ability to think critically and to formulate solutions to problems in a clear and concise way.
..."
GPU/AI Application Platform Engineer Intern (Server Platform) - 2026 Fall (BS/MS),2025-08-21,https://jobright.ai/jobs/info/68a7f0ef33dd7158bbcaa698?utm_source=1099&utm_campaign=Software Engineer,On Site,"San Jose, CA",TikTok,2026-August,2026,"Content Creators,Content Discovery",10000+,$43-$57 /hr,"1. Must be able to commit to a 12-week full-time work period during Fall 2026
2. Thesis in GPU/AI platform architecture and/or application performance optimization design or software hardware co-design.
3. Deep understanding of computer system architecture, especially on GPU/AI SoC or Platform Architecture, Interconnect Fabric, and Memory sub-system.
..."
Software Engineer Intern (TikTok-Music-Music Content Ecosystem) - 2026 Summer (BS/MS),2025-08-21,https://jobright.ai/jobs/info/6889427309808a6103e464ca?utm_source=1099&utm_campaign=Software Engineer,On Site,"San Jose, CA",TikTok,2026-Summer,2026,"Content Creators,Content Discovery",10000+,$45-$45 /hr,"1. Currently pursuing an Undergraduate/Graduate/Master in Software Development, Computer Science, Computer Engineering, or a related technical discipline.
2. Able to commit to working for 12 weeks during Summer 2026.
3. Proficiency in Javascript, ES5/6, CSS, and various layouts."
Tool Software Engineer Intern (TikTok-Intelligent Creation-Effect House) - 2026 Summer (BS/MS),2025-08-21,https://jobright.ai/jobs/info/6889946caab47a17f6702ced?utm_source=1099&utm_campaign=Software Engineer,On Site,"San Jose, CA",TikTok,2026-Summer,,"Content Creators,Content Discovery",10000+,$$45-$$45 /hr,"1. Currently pursuing an Undergraduate/Graduate/Master in Software Development, Computer Science, Computer Engineering or a related technical discipline
2. Able to commit to working for 12 weeks during summer 2026
3. Past experience working on 3D games and/or film production (Knowledge of game engines, real time rendering, animation, VFX pipelines, visual programming, etc.)
..."
Student Researcher Intern (AI-Native Databases) - 2026 Summer (PhD),2025-08-21,https://jobright.ai/jobs/info/68a05633cc9ee94dc911f09e?utm_source=1099&utm_campaign=Software Engineer,On Site,"Seattle, WA",ByteDance,2026-Summer,,"Content,Data Mining",10000+,$60-$60 /hr,"1. Currently pursuing a PhD in Computer Science, Computer Engineering, or other related fields.
2. Knowledge of database kernel, distributed system, query processing and optimization, multi-threaded programming.
3. Experience coding in C/C++, Golang, Java, Python.
..."
Intelligent Camera Effects Software Engineer Intern (Effect-TikTok) - 2026 Summer (BS/MS),2025-08-21,https://jobright.ai/jobs/info/688f0157cdbd821a36644566?utm_source=1099&utm_campaign=Software Engineer,On Site,"San Jose, CA",TikTok,2026-Summer,2026-December,"Content Creators,Content Discovery",10000+,$45-$45 /hr,"1. Currently pursuing an Undergraduate/Graduate/Master in Software Development, Computer Science, Computer Engineering or a related technical discipline
2. Able to commit to working for 12 weeks during Summer 2026
3. AI/CG/ML/AR knowledge and development experience
..."
Software Engineer Intern (NoSQL Databases) - 2026 Summer (BS/MS),2025-08-21,https://jobright.ai/jobs/info/68a05324cc9ee94dc911efc9?utm_source=1099&utm_campaign=Software Engineer,On Site,"Multi Location
Seattle, WA
San Jose, CA",ByteDance,2026-Summer,,"Content,Data Mining",10000+,$45-$60 /hr,"1. Currently pursuing a candidate in Computer Science, Computer Engineering, or other related fields
2. Knowledge of database kernel, distributed system, query processing and optimization, multi-threaded programming
3. Experience coding in C/C++, Golang, Java, Python
..."
Software Engineer Intern - TikTok Search Architecture team - 2026 Summer (BS/MS),2025-08-21,https://jobright.ai/jobs/info/6892ca3bf5ee707a15dc86ba?utm_source=1099&utm_campaign=Software Engineer,On Site,"San Jose, CA",TikTok,2026-Summer,2026-December,"Content Creators,Content Discovery",10000+,$45-$60 /hr,"1. Currently pursuing an Undergraduate/Master in Software Development, Computer Science, Computer Engineering, or a related technical discipline
2. Able to commit to working for 12 weeks during Summer 2026.
3. Experience with coding in Python, Java, Golang, C#, or C++.
..."
Software Engineer Intern (Relational Database) - 2026 Summer (BS/MS),2025-08-21,https://jobright.ai/jobs/info/68a052f383d13d1f5b6d01f1?utm_source=1099&utm_campaign=Software Engineer,On Site,"Multi Location
San Jose, CA
Seattle, WA",ByteDance,2026-Summer,,"Content,Data Mining",10000+,$45-$60 /hr,"1. Currently pursuing a candidate in Computer Science, Computer Engineering, or other related fields
2. Knowledge of database kernel, distributed system, query processing and optimization, multi-threaded programming
3. Experience coding in C/C++, Golang, Java, Python
..."
Software Development Engineer Intern (Network Automation)- 2026 Summer (BS/ MS),2025-08-21,https://jobright.ai/jobs/info/68a052f083d13d1f5b6d01d9?utm_source=1099&utm_campaign=Software Engineer,On Site,"Seattle, WA",ByteDance,2026-Summer,,"Content,Data Mining",10000+,$34-$43 /hr,"1. Currently pursuing a Bachelor's or Master’s degree in Computer Science, Communications, or a related technical field
2. Able to commit to working for 12 weeks during Summer 2026
3. Possesses a solid understanding of algorithms and data structures; proficient in at least one programming language, including but not limited to Python, Go, or Rust
..."
Software Engineer Intern (Recommendation Infrastructure) - 2026 Summer (Bachelor/Master),2025-08-21,https://jobright.ai/jobs/info/68a7e30e33dd7158bbcaa1ff?utm_source=1099&utm_campaign=Software Engineer,On Site,"San Jose, CA",TikTok,2026-Summer,2026-December,"Content Creators,Content Discovery",10000+,$$45-$$45 /hr,"1. Currently pursuing an Undergraduate/Master in Computer Science or a related technical discipline
2. Able to commit to working for 12 weeks during Summer 2026
3. Must obtain work authorization in country of employment at the time of hire, and maintain ongoing work authorization during employment.
..."
Software Engineer Intern (Multi-Cloud CDN Platform )- 2026 Summer (BS/MS),2025-08-21,https://jobright.ai/jobs/info/68a04fa9cc9ee94dc911ef54?utm_source=1099&utm_campaign=Software Engineer,On Site,"San Jose, CA",ByteDance,2026-Summer,,"Content,Data Mining",10000+,$$45-$$45 /hr,"1. Bachelor’s degree or above in Computer Science, Electrical Engineering, or a related field.
2. Proficiency in at least one programming language (e.g., Go, Python, Java, C++) in a Linux development environment.
3. Strong fundamentals in computer science, including networking, distributed systems, or backend platform design.
..."
Backend Software Engineer Intern (TikTok-Social-Graph) - 2026 Summer (BS/MS),2025-08-21,https://jobright.ai/jobs/info/688c397b3a30793eb96410bd?utm_source=1099&utm_campaign=Software Engineer,On Site,"Los Angeles, CA",TikTok,2026-Summer,2026-December,"Content Creators,Content Discovery",10000+,$$42.75-$$42.75 /hr,"1. Currently pursuing an Undergraduate/Graduate in Software Development, Computer Science, Computer Engineering, or a related technical discipline.
2. Able to commit to working for 12 weeks during the Summer of 2026.
3. Proficient in at least one of the following languages: Go, Java, C++, Python
..."
Software Engineer Intern (Data Arch - ShortText Rec) - 2026 Summer (BS/MS),2025-08-21,https://jobright.ai/jobs/info/6893c8b8a9199876488e02dc?utm_source=1099&utm_campaign=Software Engineer,On Site,"San Jose, CA",TikTok,2026-Summer,,"Content Creators,Content Discovery",10000+,$$45-$$45 /hr,"1. Currently pursuing an Undergraduate/Master in Computer Science or a related technical discipline
2. Able to commit to working for 12 weeks during Summer 2026
3. Must obtain work authorization in country of employment at the time of hire, and maintain ongoing work authorization during employment.
..."
Frontend Engineer Project Intern (TikTok-Search-Client) - 2025 Start (BS/MS),2025-08-21,https://jobright.ai/jobs/info/68918473f47efe21139561da?utm_source=1099&utm_campaign=Software Engineer,On Site,"San Jose, CA",TikTok,2025-Fall,,"Content Creators,Content Discovery",10000+,$$45-$$45 /hr,"1. Currently pursuing an Undergraduate/Graduate in Software Development, Computer Science, Computer Engineering, or a related technical discipline.
2. Able to commit to working for 12 weeks during the Fall of 2025.
3. Familiar with JavaScript, HTML, and CSS.
..."
Software Engineer Intern (Recommendation Infrastructure) - 2026 Summer (BS/ MS),2025-08-21,https://jobright.ai/jobs/info/6893bc4af47efe21139667c8?utm_source=1099&utm_campaign=Software Engineer,On Site,"San Jose, CA",TikTok,2026-Summer,2025-December,"Content Creators,Content Discovery",10000+,$45-$60 /hr,"1. Must be able to commit to a 12-week full-time work period during Summer 2026
2. Currently pursuing an Undergraduate/Masters degree in Software Development, Computer Science, Computer Engineering, or a related technical discipline.
3. Experience in programming, included but not limited to, the following programming languages: C, C++, Java or Golang.
..."
Software Development Engineer in Test Intern (Global E-Commerce) - 2026 Summer (BS/MS),2025-08-21,https://jobright.ai/jobs/info/68a0530683d13d1f5b6d0225?utm_source=1099&utm_campaign=Software Engineer,On Site,"San Jose, CA",ByteDance,2026-Summer,2026-December,"Content,Data Mining",10000+,$35-$35 /hr,"1. Currently pursuing an Undergraduate/Master in Computer Science or a related technical discipline.
2. Able to commit to working for 12 weeks during Summer 2026.
3. Must obtain work authorization in country of employment at the time of hire, and maintain ongoing work authorization during employment.
..."
Software Engineer Intern (AI-Native Databases) - 2026 Summer (PhD),2025-08-21,https://jobright.ai/jobs/info/68a0531cfaa4e875e82901d1?utm_source=1099&utm_campaign=Software Engineer,On Site,"San Jose, CA",ByteDance,2026-Summer,,"Content,Data Mining",10000+,$60-$60 /hr,"1. Currently pursuing a PhD in Computer Science, Computer Engineering, or other related fields.
2. Knowledge of database kernel, distributed system, query processing and optimization, multi-threaded programming.
3. Experience coding in C/C++, Golang, Java, Python.
..."
Software Engineer Intern (Lead Ads) - 2025 Fall (BS/MS),2025-08-21,https://jobright.ai/jobs/info/68830ba7b54cac0f1e7350d6?utm_source=1099&utm_campaign=Software Engineer,On Site,"San Jose, CA",TikTok,2025-August,2025,"Content Creators,Content Discovery",10000+,$45-$60 /hr,"1. BS/MS degree in Computer Science, Computer Engineering or other relevant majors
2. Excellent programming, debugging, and optimization skills in one or more general purpose programming languages including but not limited to: Go, C/C++, Python.
3. Ability to think critically and to formulate solutions to problems in a clear and concise way.
..."
Software Engineer Graduate (Edge Platform) - 2026 Start (BS/MS),2025-08-21,https://jobright.ai/jobs/info/68a055f483d13d1f5b6d02ba?utm_source=1099&utm_campaign=Software Engineer,On Site,"San Jose, CA",ByteDance,2026,2026,"Content,Data Mining",10000+,$119K-$187K /yr,"1. Bachelor's or Master’s degree in Computer Science, Computing Engineering, or related fields.
2. Experience in programming languages such as Go, Python, Java, C/C++.
3. Experience with TCI/IP networking stack.
..."
Software Engineer Intern (Edge Platform) - 2026 Summer (BS/MS),2025-08-21,https://jobright.ai/jobs/info/68a052edfaa4e875e8290146?utm_source=1099&utm_campaign=Software Engineer,On Site,"San Jose, CA",ByteDance,2026-Summer,,"Content,Data Mining",10000+,$$45-$$45 /hr,"1. Bachelor's or Master's student in Computer Science, Computing Engineering, or related fields.
2. Experience in programming languages such as Go, Python, Java, C/C++.
3. Experience with TCI/IP networking stack.
..."
Software Engineer Intern (TikTok-Growth-Customer Lifecycle) - 2026 Summer (BS/MS),2025-08-21,https://jobright.ai/jobs/info/689186404c7e851b90acf7c9?utm_source=1099&utm_campaign=Software Engineer,On Site,"San Jose, CA",TikTok,2026-Summer,2026,"Content Creators,Content Discovery",10000+,$$45-$$45 /hr,"1. Currently pursuing an Undergraduate/Master degree in Software Development, Computer Science, Computer Engineering, or a related technical discipline.
2. Able to commit to working for 12 weeks during [Summer or Fall] 2026
3. Experience in developing consumer-facing applications through experimentation
..."
Software Development Engineer in Test Intern (TikTok-Global Live-Fundamental)- 2026 Summer (BS/MS),2025-08-21,https://jobright.ai/jobs/info/68a8099f33dd7158bbcab47d?utm_source=1099&utm_campaign=Software Engineer,On Site,"San Jose, CA",TikTok,2026-Summer,2026-December,"Content Creators,Content Discovery",10000+,$$35-$$35 /hr,"1. Currently pursuing an Undergraduate/Master in Computer Science, Electrical Engineering or a related field.
2. Familiar with Java/Python/Objective-C/Golang, experience in related project development.
3. Fluent in Python
..."
Software Engineer Intern (Recommendation Infrastructure) - 2025 Summer/Fall (BS/ MS),2025-08-21,https://jobright.ai/jobs/info/688ee94e6a4aac5783cdb4f6?utm_source=1099&utm_campaign=Software Engineer,On Site,"Seattle, WA",TikTok,2025-Summer,2025-December,"Content Creators,Content Discovery",10000+,$$42.75-$$42.75 /hr,"1. Currently pursuing an Undergraduate/Masters degree in Software Development, Computer Science, Computer Engineering, or a related technical discipline.
2. Experience in programming, included but not limited to, the following programming languages: C, C++, Java or Golang.
3. Effective communication skills and a sense of ownership and drive.
..."
Software Engineer Intern (TikTok-Social-Friend Interaction) - 2026 Summer (BS/MS),2025-08-21,https://jobright.ai/jobs/info/68917d25f5ee707a15dbf07d?utm_source=1099&utm_campaign=Software Engineer,On Site,"San Jose, CA",TikTok,2026-Summer,2026-December,"Content Creators,Content Discovery",10000+,$$45-$$45 /hr,"1. Currently pursuing an Undergraduate/Graduate/Master in Software Development, Computer Science, Computer Engineering, or a related technical discipline
2. Able to commit to working for 12 weeks during Summer 2026
3. Strong understanding of software development principles, capabilities, and limitations of iOS/Android platform
..."
Firmware Engineer Intern,2025-08-21,https://jobright.ai/jobs/info/689edf65faa4e875e8282fb0?utm_source=1099&utm_campaign=Software Engineer,Hybrid,"Multi Location
Spring, TX
Spring, Texas, United States of America",Hewlett Packard Enterprise,,,"Data Center,Enterprise Software",10000+,$35-$46 /hr,"1. Working towards a Bachelor's and/or Master's degree with a focus in Computer Science, Electrical Engineering, Computer Engineering or equivalent
2. Experience or understanding of firmware design tools and languages
3. Good analytical and problem-solving skills
..."
Backend Software Engineer Intern (TikTok-PGC-UCP) - 2026 Summer(BS/MS),2025-08-21,https://jobright.ai/jobs/info/688d88f1cdbd821a3663b49d?utm_source=1099&utm_campaign=Software Engineer,On Site,"San Jose, CA",TikTok,2026-Summer,2026-December,"Content Creators,Content Discovery",10000+,$$45-$$45 /hr,"1. Currently pursuing an Undergraduate/Graduate in Software Development, Computer Science, Computer Engineering, or a related technical discipline.
2. Strong knowledge of data structures and algorithms, proficient in at least one coding language, including but not limited to Go, Java, Python, C++, JavaScript, TypeScript.
3. Strong communication and excellent teamwork skills; being agile and a self-starter."
Infrastructure Engineer Intern (Compute Infrastructure - Cloud-Native ) - 2026 Start (PHD),2025-08-21,https://jobright.ai/jobs/info/68a2d47cff570d7ffd65e3df?utm_source=1099&utm_campaign=Software Engineer,On Site,"Seattle, WA",ByteDance,2026-Summer,2026,"Content,Data Mining",10000+,$57-$57 /hr,"1. Currently pursuing a PhD degree in Computer Science or a related field
2. Able to commit to working for 12 weeks during Summer 2026
3. Experience with coding in Python, Java, Golang, C#, or C++
..."
Software Engineer Intern (Global CRM) - 2026 Start (BS/MS),2025-08-21,https://jobright.ai/jobs/info/68a97b1f758f2e4ac3ffa8ad?utm_source=1099&utm_campaign=Software Engineer,On Site,"San Jose, CA",TikTok,2026,2026,"Content Creators,Content Discovery",10000+,$45-$60 /hr,1. Bachelor's degree or above in computer science or related fields.
Cloud Engineer Intern,2025-08-21,https://jobright.ai/jobs/info/689ee19779a9f966625532a2?utm_source=1099&utm_campaign=Software Engineer,Hybrid,"Multi Location
Spring, TX
Spring, Texas, United States of America",Hewlett Packard Enterprise,,,"Data Center,Enterprise Software",10000+,$35-$46 /hr,"1. Working towards a Bachelor's and/or Master's degree with a focus in computer science, computer engineering, software development, or other IT related field.
2. Knowledge of at least one programming language like C, C++, python, Javascript, Java or associated libraries, web-sockets, and other cloud networking protocols.
3. Familiarity with and understanding of design for software systems running on multiple platform types.
..."
Research Intern (Infrastructure System Lab)- 2026 Start (PHD),2025-08-21,https://jobright.ai/jobs/info/68a05345cc9ee94dc911f021?utm_source=1099&utm_campaign=Software Engineer,On Site,"Seattle, WA",ByteDance,2026,,"Content,Data Mining",10000+,$57-$57 /hr,"1. Currently pursuing a PhD degree in Computer Science or related fields
2. Understand how distributed systems work
3. Great programming skill in one or more of the following programming languages: C/C++, Go, Java or Python
..."
Software Engineer Intern (Recommendation Infrastructure) - 2025 Summer/Fall (BS/ MS),2025-08-21,https://jobright.ai/jobs/info/68a82788758f2e4ac3ff178c?utm_source=1099&utm_campaign=Software Engineer,On Site,"San Jose, CA",TikTok,2025-May,2025-December,"Content Creators,Content Discovery",10000+,$$45-$$45 /hr,"1. Currently pursuing an Undergraduate/Masters degree in Software Development, Computer Science, Computer Engineering, or a related technical discipline.
2. Experience in programming, included but not limited to, the following programming languages: C, C++, Java or Golang.
3. Effective communication skills and a sense of ownership and drive.
..."
Software Development Engineer Intern (Network Automation)- 2026 Summer (BS/ MS),2025-08-21,https://jobright.ai/jobs/info/68a0530783d13d1f5b6d0229?utm_source=1099&utm_campaign=Software Engineer,On Site,"San Jose, CA",ByteDance,2026-Summer,,"Content,Data Mining",10000+,$36-$45 /hr,"1. Currently pursuing a Bachelor's or Master’s degree in Computer Science, Communications, or a related technical field
2. Able to commit to working for 12 weeks during Summer 2026
3. Possesses a solid understanding of algorithms and data structures; proficient in at least one programming language, including but not limited to Python, Go, or Rust
..."
Software Engineer Intern (TikTok-Privacy and Security-Product) - 2026 Summer (BS/MS),2025-08-21,https://jobright.ai/jobs/info/6891869af47efe2113956300?utm_source=1099&utm_campaign=Software Engineer,On Site,"Seattle, WA",TikTok,2026-Summer,2026-December,"Content Creators,Content Discovery",10000+,$42.75-$42.75 /hr,"1. Currently pursuing an Undergraduate/Master degree in Software Development, Computer Science, Computer Engineering, or a related technical discipline.
2. Able to commit to working for 12 weeks during Summer 2026
3. Proficiency in one of the commonly used languages.
..."
Backend Software Engineer Intern (TikTok-Product Infrastructure-Customer Service Platform) - 2026 Summer(BS/MS),2025-08-21,https://jobright.ai/jobs/info/688c40901808534a89cb9f43?utm_source=1099&utm_campaign=Software Engineer,On Site,"San Jose, CA",TikTok,2026-Summer,2026,"Content Creators,Content Discovery",10000+,$45-$45 /hr,"1. Currently pursuing an Undergraduate/Graduate in Software Development, Computer Science, Computer Engineering, or a related technical discipline.
2. Able to commit to working for 12 weeks during the Summer of 2026.
3. Proficient in at least one programming language such as Java/Go/Python/C++, with preference given to those with Java or Go experience.
..."
Software Engineer Intern(Media Engine) - 2026 Summer (BS/MS),2025-08-21,https://jobright.ai/jobs/info/689e8f51faa4e875e827dc63?utm_source=1099&utm_campaign=Software Engineer,On Site,"San Jose, CA",TikTok,2026-Summer,,"Content Creators,Content Discovery",10000+,$$45-$$45 /hr,"1. Currently pursuing an Undergraduate/Master in Software Development, Computer Science, Computer Engineering, or a related technical discipline
2. Able to commit to working for 12 weeks during Summer 2026
3. Strong foundation in computer science, networking, and operating systems
..."
Software Engineer Intern (Recommendation Infrastructure) - 2026 Fall (BS/ MS),2025-08-21,https://jobright.ai/jobs/info/689beacbfaa4e875e82647c9?utm_source=1099&utm_campaign=Software Engineer,On Site,"Seattle, WA",TikTok,2026-Fall,2025-December,"Content Creators,Content Discovery",10000+,$43-$57 /hr,"1. Must be able to commit to a 12-week full-time work period during Fall 2026
2. Currently pursuing an Undergraduate/Masters degree in Software Development, Computer Science, Computer Engineering, or a related technical discipline.
3. Experience in programming, included but not limited to, the following programming languages: C, C++, Java or Golang.
..."
Research Intern (RDMA/High Speed Network) - 2026 Start (PhD),2025-08-21,https://jobright.ai/jobs/info/68a3cdad37d3cc6b0d579b45?utm_source=1099&utm_campaign=Software Engineer,On Site,"Seattle, WA",ByteDance,2026,,"Content,Data Mining",10000+,$45-$57 /hr,"1. Currently pursuing a PhD in computer networking or a related technical discipline.
2. Experience with at least one of the following areas:
3. Be familiar with network protocols like TCP and RoCEv2, have experience in network programming based on Socket and verbs APIs;
..."
Infrastructure Engineer Intern (Compute Infrastructure - Cloud-Native )- 2026 Summer (MS/BS),2025-08-21,https://jobright.ai/jobs/info/68a05343cc9ee94dc911f00c?utm_source=1099&utm_campaign=Software Engineer,On Site,"San Jose, CA",ByteDance,2026-Summer,2026,"Content,Data Mining",10000+,$60-$60 /hr,"1. Currently pursuing a Bachelor's or Master's degree in Computer Science or a related field
2. Able to commit to working for 12 weeks during Summer 2026
3. Experience with coding in Python, Java, Golang, C#, or C++
..."
Software Engineer Intern (Traffic Platform)- 2026 Summer (BS/MS),2025-08-21,https://jobright.ai/jobs/info/68a0563cfaa4e875e8290256?utm_source=1099&utm_campaign=Software Engineer,On Site,"San Jose, CA",ByteDance,2026-Summer,,"Content,Data Mining",10000+,$45-$45 /hr,"1. Experience in developing network systems in Rust, C, C++, and/or Go, developing skills in Linux environment.
2. Familiarity with network protocols such as TCP/IP, HTTP/HTTPs, and DNS.
3. Able to commit to working for 12 weeks during Summer 2026"
"Software Engineer Intern (Experimentation & Evaluation, Data Platform) - 2026 Summer (BS/MS)",2025-08-21,https://jobright.ai/jobs/info/689179064c7e851b90acee60?utm_source=1099&utm_campaign=Software Engineer,On Site,"San Jose, CA",TikTok,2026-Summer,2026-December,"Content Creators,Content Discovery",10000+,$36-$45 /hr,"1. Currently pursuing an Undergraduate/Master's degree in Software Development, Computer Science, Computer Engineering, or a related technical discipline.
2. Able to commit to working for 12 weeks during Summer 2026
3. Experience with coding in Python, Java, Golang, C#, or C++.
..."
Backend Software Engineer Intern (TikTok-Social-Friend Interaction) - 2026 Summer (BS/MS),2025-08-21,https://jobright.ai/jobs/info/688c38f03a30793eb964106c?utm_source=1099&utm_campaign=Software Engineer,On Site,"San Jose, CA",TikTok,2026-Summer,2026-December,"Content Creators,Content Discovery",10000+,$$45-$$45 /hr,"1. Currently pursuing an Undergraduate/Graduate/Master/PhD in Software Development, Computer Science, Computer Engineering, or a related technical discipline
2. Able to commit to working for 12 weeks during Summer 2026
3. Proficient in at least one of the following languages: Go, Java, C++, Python
..."
Software Development Engineer Intern(Storage-HDFS) - 2026 Summer (BS/ MS),2025-08-20,https://jobright.ai/jobs/info/68a3cdb4403ad4363b1c3e96?utm_source=1099&utm_campaign=Software Engineer,On Site,"Seattle, WA",ByteDance,2026-Summer,2026,"Content,Data Mining",10000+,$34-$43 /hr,"1. Currently pursuing an Undergraduate/Master in Computer Science, Communications or a related technical discipline
2. Able to commit to working for 12 weeks during Summer 2026
3. Proficient in fundamental knowledge of algorithms and data structures; skilled in at least one programming language (such as C/C++/Python/Go)
..."
Summer Intern - Software Tools Developer,2025-08-20,https://jobright.ai/jobs/info/68a6c16733dd7158bbca2874?utm_source=1099&utm_campaign=Software Engineer,Hybrid,"Austin, TX",Cirrus Logic,2026-Summer,2026,"Enterprise Software,Real Time",11-50,,"1. Currently pursuing a BS/MS in Electrical or Computer Engineering.
2. Minimum junior-level undergraduate with Electrical or Computer Engineering focus.
3. Coursework or experience with Python programming language, object-oriented programming (OOP), and Git or similar version control system.
..."
Software Engineer - Internship (Summer 2026),2025-08-20,https://jobright.ai/jobs/info/68a6a4bcb6a3617d7fa78ebd?utm_source=1099&utm_campaign=Software Engineer,On Site,"New York, NY",Nominal,2026-Summer,2027-Summer,"Information Technology,SaaS",51-100,$10000-$10000 /mon,"1. Students with solid engineering fundamentals
2. On track to graduate in Summer 2027 or sooner
3. Exceptional hands-on experience and strong core engineering skills – whether through internships, personal projects, or academic work
..."
"Integration and Test Engineer Intern (Northampton, MA)",2025-08-20,https://jobright.ai/jobs/info/68a67e45b6a3617d7fa77beb?utm_source=1099&utm_campaign=Software Engineer,On Site,"Northampton, MA",L3Harris Technologies,,,"Commercial,Information Technology",10000+,$25-$47.50 /hr,"1. Studying Electrical Engineering, Computer Engineering, Computer Science or related field"
2026 Intern - Enterprise Architecture Analyst,2025-08-20,https://jobright.ai/jobs/info/68a6748533dd7158bbca00e9?utm_source=1099&utm_campaign=Software Engineer,On Site,"Multi Location
New York, NY
New York",Adobe,2026-May,2026-December / 2027-June,"Artificial Intelligence (AI),Consulting",10000+,$25-$30 /hr,"1. Currently enrolled full time in a Bachelor’s or Master’s program, graduating between December 2026 and June 2027
2. Available to participate in a full-time internship from May to September 2026
3. Proven interest in business strategy, digital marketing, technology, analytics or experience design through coursework, extracurricular activities, or work/internship experience
..."
Student – Engineering Low Speed ADAS Features,2025-08-20,https://jobright.ai/jobs/info/686dc9d0b9d41c6a02699d1c?utm_source=1099&utm_campaign=Software Engineer,On Site,"Multi Location
Auburn Hills, MI
Auburn Hills, Michigan, US",Magna International,,,"Automotive,Industrial Engineering",10000+,,"1. Holds bachelor’s degree in engineering
2. Valid Driver’s license
3. Enrolled in a master’s or PhD degree program in Mechanical Engineering / Electrical Engineering / Automotive Engineering/ Computer Science or equivalent
..."
Spring 2026 Software Engineering Co-Op,2025-08-20,https://jobright.ai/jobs/info/68a7a2ae33dd7158bbca875b?utm_source=1099&utm_campaign=Software Engineer,On Site,"West Chester, OH",Trew,2026-Spring,,"Automotive,Software",251-500,,"1. Strong people skills with the ability to work effectively with other organizations and individuals at all levels.
2. Excellent verbal and written communication skills.
3. The ability to learn quickly and a desire to broaden your skills and experience.
..."
Intern - Product Engineering Distribution,2025-08-20,https://jobright.ai/jobs/info/68a6676433dd7158bbc9fd8e?utm_source=1099&utm_campaign=Software Engineer,On Site,"Webster, MA",MAPFRE,2026-June,2026,"Insurance,Life Insurance",10000+,,"1. Candidate must be enrolled in an accredited college degree program.
2. Must be able to provide own transportation.
3. Write clean, maintainable, and efficient code.
..."
"Software Engineer, Intern",2025-08-20,https://jobright.ai/jobs/info/68a66725b6a3617d7fa7755f?utm_source=1099&utm_campaign=Software Engineer,On Site,"San Mateo, CA",IXL Learning,Summer,,"Art,Education",1001-5000,$29-$46 /hr,"1. Students in their third year of undergrad or students pursuing an advanced degree in Computer Science or a related discipline
2. A solid grasp of general programming principles
3. Excellent programming skills in Java or other object-oriented language
..."
Intern - Product Engineering Policy,2025-08-20,https://jobright.ai/jobs/info/68a666fe33dd7158bbc9fd12?utm_source=1099&utm_campaign=Software Engineer,On Site,"Webster, MA",MAPFRE,2026-June,,"Insurance,Life Insurance",10000+,,"1. Currently pursuing a Graduate degree or Bachelor’s degree in Computer Science, Software Engineering, or related field.
2. Familiarity with Java, Python, or JavaScript.
3. Exposure to AWS services (e.g., Lambda, S3, API Gateway) is a plus.
..."
"Software Engineer, Intern",2025-08-20,https://jobright.ai/jobs/info/68a665dd33dd7158bbc9fb69?utm_source=1099&utm_campaign=Software Engineer,On Site,"Raleigh, NC",IXL Learning,2024-Summer,,"Art,Education",1001-5000,,"1. Students in their third year of undergrad or students pursuing an advanced degree in Computer Science or a related discipline
2. A solid grasp of general programming principles
3. Excellent programming skills in Java or other object-oriented language
..."
SAP iXp Intern - Digital Solution Advisory,2025-08-20,https://jobright.ai/jobs/info/68a65eb4758f2e4ac3fe4795?utm_source=1099&utm_campaign=Software Engineer,Hybrid,"Alpharetta, GA",SAP,ASAP,,"Analytics,Business Intelligence",10000+,$15-$62 /yr,"1. Education: Bachelors or Masters degree in a related field. Graduating Seniors/2nd Year Masters highly desirable
2. Eligibility: Must be currently enrolled, or recently graduated (start date must be within 6 months of graduation date) from a coding academy/bootcamp, apprenticeship, associate, bachelor’s, master’s or JD/PhD program.
3. Excellent communication and presentation skills
..."
Part-Time Software Engineering Intern US (Full Stack) – Healthcare,2025-08-20,https://jobright.ai/jobs/info/68a65e7c758f2e4ac3fe475d?utm_source=1099&utm_campaign=Software Engineer,Remote,United States,Princeton Biopartners,,,"Biotechnology,Consulting",1-10,,"1. US-based (mandatory, remote role)
2. STEM background: pursuing or recently completed a degree in Computer Science, Engineering, Data Science, or related field (top competitive programs preferred, such as the Ivy League, Stanford, MIT, Caltech, or other leading engineering schools)
3. Independent & proactive: able to take initiative, act autonomously, and deliver with limited supervision
..."
Engineering Co-Op (Spring) - Insights Team,2025-08-20,https://jobright.ai/jobs/info/68a63e7033dd7158bbc9efb6?utm_source=1099&utm_campaign=Software Engineer,Hybrid,"Multi Location
Boston, MA
Boston",CloudZero,2026-January,2026,"Cloud Computing,Cloud Management",101-250,,"1. A 2nd or 3rd year Computer Science undergraduate co-op student (Northeastern University, Spring 2026 cycle)
2. Solid foundation in programming fundamentals (data structures, algorithms, etc.)
3. Exposure to backend languages like Python or Go (schoolwork or personal projects is great!)
..."
"Assoc, Software Engineer (Orlando, FL)",2025-08-20,https://jobright.ai/jobs/info/68a62641758f2e4ac3fe31d4?utm_source=1099&utm_campaign=Software Engineer,On Site,"Orlando, FL",L3Harris Technologies,,,"Commercial,Information Technology",10000+,$64K-$120K /yr,"1. Candidates must be currently enrolled at an accredited college or university and pursuing a degree in Software Engineering.
2. May be required to obtain and maintain a U.S. Security Clearance at the appropriate level.
3. Requires U.S. Citizenship.
..."
Python Developer,2025-08-20,https://jobright.ai/jobs/info/68a6c98c33dd7158bbca32da?utm_source=1099&utm_campaign=Software Engineer,Remote,United States,Drezily Inc.,,,,1-10,$300-$300 /mon,"1. Proficient in Python development
2. Experience with MongoDB
3. Hands-on experience using AI tools (e.g., Copilot, ChatGPT, etc.) to code and troubleshoot
..."
Software Engineering Intern,2025-08-20,https://jobright.ai/jobs/info/68a69efeb6a3617d7fa78b9b?utm_source=1099&utm_campaign=Software Engineer,On Site,"Multi Location
Raleigh, NC
Durham, NC",Arrow North Design,,,,1-10,,"1. Experience programming with at least one software programming language (JavaScript, Python, Java, etc).
2. Experience with modern frameworks (React, Vue, Django, FastAPI, etc.) and cloud services (AWS, GCP, or Azure) is a plus.
3. Strong analytical and problem-solving skills with the ability to tackle complex challenges.
..."
"Product, Platform & Enterprise Front End Software Engineer (Sr/Staff Software Engineer) (Remote-US)",2025-08-20,https://jobright.ai/jobs/info/68a61ecf33dd7158bbc9e0fd?utm_source=1099&utm_campaign=Software Engineer,Remote,United States,BNSF Railway,,,"Railroad,Transportation",10000+,$165K-$345K /yr,"1. Minimum 5 years of software development relevant experience
2. Experience programming with at least one modern language such as Java, C++, or C# including object-oriented design
3. Experience with developing, testing and deploying high quality software in production systems
..."
Software Engineer - New Grad (Summer 2026),2025-08-20,https://jobright.ai/jobs/info/68a614fd758f2e4ac3fe25f0?utm_source=1099&utm_campaign=Software Engineer,On Site,"New York, NY",Nominal,2026-Summer,2026-Summer,"Information Technology,SaaS",51-100,$125000-$135000 /yr,"1. Graduating in Summer 2026 or sooner
2. Exceptional hands-on experience and strong core engineering skills — whether through internships, personal projects, or academic work
3. Personal passion for solving challenging problems and contributing to the future of critical infrastructure
..."
"Co-Op, Software Engineering",2025-08-20,https://jobright.ai/jobs/info/68a60bf333dd7158bbc9d585?utm_source=1099&utm_campaign=Software Engineer,On Site,"Multi Location
San Francisco, CA
San Francisco",LiveRamp,,,"Advertising,Advertising Platforms",1001-5000,,"1. Pursuing a degree in Computer Science or other STEM degrees
2. Possess strong coding skills that you are ready to turn into industry-ready coding skills
3. Excited to learn new languages and technologies
..."
Spring 2026 Intern - Software Development - Mechanical (Bachelor's),2025-08-20,https://jobright.ai/jobs/info/6850dec4b74c6cfc50088071?utm_source=1099&utm_campaign=Software Engineer,On Site,"Canonsburg, PA",Ansys,2026-Spring,,"Enterprise Software,Information Services",1001-5000,,"1. Pursuing a Bachelor’s in Computer Science, Mechanical Engineering or related technical major with a GPA of 3.0 or higher
2. Must be currently enrolled in a full-time degree program and returning to university after the completion of the co-op program
3. Strong C++ or related object-oriented programming languages
..."
Quality Assurance (QA) Intern for Browser-based Video Surveillance System,2025-08-20,https://jobright.ai/jobs/info/68a5d85eb6a3617d7fa7395c?utm_source=1099&utm_campaign=Software Engineer,Hybrid,"Norfolk, VA",IPConfigure Inc.,,,"Security,Software",11-50,$15-$15 /hr,"1. Pursuing Bachelor's degree in Computer Science, Engineering, or a related field
2. Understanding of software testing principles and methodologies, including manual testing techniques and test case design
3. Ability to execute test cases, report defects, and assist in regression testing activities under the guidance of senior team members
..."
Software Development Intern,2025-08-20,https://jobright.ai/jobs/info/66c67e6289d6136c4923e966?utm_source=1099&utm_campaign=Software Engineer,On Site,"Multi Location
Scottsdale, AZ
Lincoln, NE",Sandhills Global,,,"Agriculture,Automotive",1001-5000,$25-$25 /hr,"1. Ability to commute when scheduled to the local office is required
2. Excellent oral and written communication skills
3. Able to work independently and communicate within a team environment
..."
Data & AI QA Intern,2025-08-20,https://jobright.ai/jobs/info/688996d8aab47a17f6702e8d?utm_source=1099&utm_campaign=Software Engineer,On Site,"Multi Location
Dallas, TX
Dallas, TX - Headquarters",Copart,,,"Automotive,E-Commerce",5001-10000,,"1. Proficient in programming languages such as Python and Java
2. Familiar with machine learning frameworks like TensorFlow or PyTorch
3. Understand AI principles and algorithms
..."
"Apprentice, Software Engineer",2025-08-20,https://jobright.ai/jobs/info/6892738f4c7e851b90ad5ea1?utm_source=1099&utm_campaign=Software Engineer,On Site,"Multi Location
Columbia, SC
Hybrid (Columbia, South Carolina, US)",Flatiron School,,,"Education,Higher Education",251-500,$23-$23 /hr,"1. Must be able to work in person in Columbia, SC at least one day a week
2. Must be eligible to work in the U.S.
3. Must be available ~20 hours/week for apprenticeship work
..."
Internship/Gap Semester - Software Engineer for A.I. Venture Fund/Hedge Fund,2025-08-20,https://jobright.ai/jobs/info/68a4cf65e9f1c744da12499e?utm_source=1099&utm_campaign=Software Engineer,On Site,"Tampa, FL",Quanta Ventures Fund,,,,,,"1. Exceptional software engineering skills
2. Interest in quant research (building trading strategies)
3. Full stack development experience
..."
Global Technology Summer Analyst 2026 - Software Engineer,2025-08-20,https://jobright.ai/jobs/info/686c67b035584b65428b00e3?utm_source=1099&utm_campaign=Software Engineer,On Site,"Richmond, VA",Bank of America,2026-Summer,2026-November / 2027-August,"Asset Management,Banking",10000+,,"1. Considered candidates are required to be pursuing an undergraduate or master’s degree from an accredited college or university.
2. Eligible candidates must have a graduation timeframe between November 2026 and August 2027.
3. Degree Type: Bachelor’s Degree or Master’s degree
..."
Web Design/ Development Intern- Fall 2025,2025-08-20,https://jobright.ai/jobs/info/68a58c6a33dd7158bbc9b1e5?utm_source=1099&utm_campaign=Software Engineer,On Site,"Duncan, SC",AFL,2025-Fall,,"Enterprise Software,Manufacturing",1001-5000,,"1. Enrollment in a degree program in Computer Information Systems, Computer Science, Business Administration, or Web Design or related field or equivalent work experience
2. Experience in web development and/or design, specifically with responsive frameworks (Bootstrap or similar, or CSS flexbox layouts)
3. Knowledge of relevant computer languages (HTML, JavaScript, CSS. Familiarity with the TypeScript superset and JavaScript ES6 a plus but not needed. Experience in Angular framework would be extremely helpful, experience in .Net (including .Net Core), web APIs, and SQL would be a major plus for a backend developer)
..."
2026 Undergraduate - LEAP: Software Engineer,2025-08-19,https://jobright.ai/jobs/info/68a74bd9758f2e4ac3feada5?utm_source=1099&utm_campaign=Software Engineer,Hybrid,"Multi Location
Westlake, TX
Merrimack, NH",Fidelity Investments,2026,,"Asset Management,Finance",10000+,,"1. Recent completion or in current pursuit of a Computer Science, Software Engineering, or IT bachelor’s degree
2. A solid understanding of software development principles and data structures
3. Hands-on technical project experience: Previous technical internship experience is a plus
..."
2026 Undergraduate - LEAP: Software Engineer,2025-08-19,https://jobright.ai/jobs/info/68ac7662daf1431824c954a1?utm_source=1099&utm_campaign=Software Engineer,Hybrid,"Multi Location
Westlake, TX
Merrimack, NH",Fidelity Bank,2026,,"Banking,Bitcoin",1001-5000,,"1. Recent completion or in current pursuit of a Computer Science, Software Engineering, or IT bachelor’s degree
2. A solid understanding of software development principles and data structures
3. Hands-on technical project experience: Previous technical internship experience is a plus
..."
Software Engineering Intern (Summer 2026),2025-08-19,https://jobright.ai/jobs/info/68a553b333dd7158bbc993ac?utm_source=1099&utm_campaign=Software Engineer,Remote,United States,Cadence Solutions,2026-Summer,2026-December / 2027-May,"Cloud Computing,Enterprise Resource Planning (ERP)",11-50,$55-$55 /hr,"1. Currently pursuing a Bachelor’s or Master’s degree in Computer Science (or equivalent), with an expected graduation date in December 2026 or May 2027.
2. Prior internship or equivalent experience in software engineering.
3. Strong problem-solving skills and eagerness to learn new technologies.
..."
Kohler Intern - Digital,2025-08-19,https://jobright.ai/jobs/info/68ad4218daf1431824c9bb4e?utm_source=1099&utm_campaign=Software Engineer,Hybrid,"Kohler, WI",Kohler Co.,2026-May,,,10000+,$25-$31 /hr,"1. Must be actively enrolled in a bachelor's or master's degree program from an accredited institution with a major related to: Computer Science, Information Technology, Data Science, Artificial Intelligence / Machine Learning, Business Administration
2. Must be legally authorized to work in the United States on an on-going basis without company sponsorship
3. Applicants must be authorized to work in the US without requiring sponsorship now or in the future."
Embedded Systems Student Assistant Fall 2025-Applied Embedded Systems Division/ELSYS,2025-08-19,https://jobright.ai/jobs/info/68a52869758f2e4ac3fdc5c8?utm_source=1099&utm_campaign=Software Engineer,On Site,"Atlanta, GA",Georgia Tech Research Institute,2025-Fall,2025,"Association,Biotechnology",10000+,,"1. Pursuing a Bachelor’s degree in Computer Science, Computer Engineering, Electrical Engineering, Information Systems, or related field
2. Must be registered for at least 6 credit hours with your university
3. 2.0 or higher cumulative GPA
..."
Front-End Developer Intern,2025-08-19,https://jobright.ai/jobs/info/68a5151b33dd7158bbc96f55?utm_source=1099&utm_campaign=Software Engineer,Hybrid,"Kansas City, MO",Custom Truck One Source,,,"Electronics,Logistics",1001-5000,,"1. Applicants currently enrolled in their junior or senior year at an accredited four-year College or university preferred.
2. Minimum GPA: 3.0
3. Flexible hours, however, must be able to work inside of core business hours (8AM – 5PM CST). We will work with the student’s availability to determine a satisfactory work schedule.
..."
Summer Intern - Software Engineer,2025-08-19,https://jobright.ai/jobs/info/68a510f1b6a3617d7fa6e385?utm_source=1099&utm_campaign=Software Engineer,On Site,"Shakopee, MN",Seagate Technology,2024-Summer,2024,"Cloud Storage,Consumer Electronics",10000+,,"1. Have excellent verbal and written communication skills.
2. Be able to work and communicate effectively with a diverse group of engineers and technicians.
3. Work hands-on with custom test equipment and tools such as signal generators and oscilloscopes.
..."
"Software Engineer Intern – Catalog, Ordering & Seller Systems",2025-08-19,https://jobright.ai/jobs/info/68a5661933dd7158bbc99de3?utm_source=1099&utm_campaign=Software Engineer,On Site,"San Francisco, CA",Jingo,ASAP,,,,$6000-$6000 /mon,"1. Strong Python (FastAPI preferred), async programming, typing, SQLAlchemy, and PostgreSQL
2. Experience designing and working with REST APIs, data schemas, and ingestion pipelines
3. Familiarity with Redis for caching, background jobs, pub/sub, and concurrency handling
..."
Software Engineering Co-Op (Summer/Fall 2026) (Onsite),2025-08-19,https://jobright.ai/jobs/info/68a5214e758f2e4ac3fdc337?utm_source=1099&utm_campaign=Software Engineer,On Site,"Cedar Rapids, IA",Collins Aerospace,2026-Summer/Fall,,"Aerospace,Industrial",10000+,$37K-$82K /yr,"1. Requires a High School Diploma or equivalent and student must be pursuing a Bachelor’s or advanced degree in an applicable discipline.
2. U.S. citizenship is required, as only U.S. citizens are authorized to access information under this program/contract"
IC Development (Software) - Summer Intern (May '26 - Aug '26),2025-08-19,https://jobright.ai/jobs/info/68a4d971541cc3479840eb65?utm_source=1099&utm_campaign=Software Engineer,On Site,"Austin, TX","Skyworks Solutions, Inc.",2026-Summer,2026,"Automotive,Manufacturing",1001-5000,$22-$47 /hr,"1. Undergraduate or graduate student majoring in Computer Science, Computer Engineering, or Electrical Engineering
2. Strong understanding of object-oriented programming
3. Proficiency in at least one high-level language: C#, Python, C/C++, or Java
..."
2026 Engineering & IT Co-op,2025-08-19,https://jobright.ai/jobs/info/68a4d531bdd80e69391be2e3?utm_source=1099&utm_campaign=Software Engineer,On Site,"Madison, WI","Sub-Zero Group, Inc.",2026-Spring,2026-January / 2026-May,"Consumer Goods,Food and Beverage",1001-5000,,"1. Currently enrolled in a degree program related to Engineering or IT.
2. Ability to work 40 hours per week, Monday - Friday for 8 months.
3. Hands-on experience with product development, data analysis, and engineering problem-solving.
..."
"2026 ETP Intern - Technology, Operations, Digital, and Data - Technology, Birmingham",2025-08-19,https://jobright.ai/jobs/info/68a540b633dd7158bbc984b9?utm_source=1099&utm_campaign=Software Engineer,On Site,"Atlanta, GA",Regions Bank,2026-Summer,2026,"Banking,Insurance",10000+,,"1. A college student who has interest in developing technical skills and gaining work experience
2. Ability to work 40 hours a week for 10 weeks
3. Regions will not sponsor applicants for work visas for this position. Applicants for this position must be currently authorized to work in the United States on a full-time basis.
..."
Software Engineer Intern (2026),2025-08-19,https://jobright.ai/jobs/info/68a4c5152d2a252445cd8fca?utm_source=1099&utm_campaign=Software Engineer,On Site,"Multi Location
New York, NY
San Francisco, CA
San Francisco, CA • New York, NY",Figma,,2026,"Collaboration,Developer Tools",1001-5000,$51.06-$51.06 /hr,"1. Have experience writing clean code in at least one general-purpose language (e.g. C++, JavaScript, Python, Java, etc.)
2. Are comfortable with core CS concepts like data structures and algorithms
3. Have worked on projects through school, work, or personal exploration that required solving technical problems
..."
Software Characterization Engineering Intern,2025-08-19,https://jobright.ai/jobs/info/68a4c140e9f1c744da123cc3?utm_source=1099&utm_campaign=Software Engineer,On Site,"Greensboro, NC","Qorvo, Inc.",,,"Network Hardware,Semiconductor",5001-10000,$31-$42 /hr,"1. Currently pursuing a BS, MS, or PhD in Computer Science or Electrical Engineering
2. Minimum GPA of 3.0
3. Competence using C#, Python, or C++
..."
SAP iXp Intern - Python Developer,2025-08-19,https://jobright.ai/jobs/info/68a4baa42d2a252445cd89e8?utm_source=1099&utm_campaign=Software Engineer,On Site,"Newtown Square, PA",SAP,,,"Analytics,Business Intelligence",10000+,,"1. Experience / Knowledge in software development.
2. Leverage your DevOps mindset and skills, to build end user focused, high-quality solutions.
3. Demonstrate excellent quality, design, development and delivery skills in scrum teams working in short development and release cycles.
..."
"SAP iXp Intern - GTM Coordinator ProServ, T&T and EC&O",2025-08-19,https://jobright.ai/jobs/info/68a4ba582d2a252445cd89a1?utm_source=1099&utm_campaign=Software Engineer,Hybrid,"Reston, VA",SAP,2025-September,,"Analytics,Business Intelligence",10000+,$15-$62 /hr,"1. Education: Bachelor’s or Masters
2. Eligibility: Must be currently enrolled, or recently graduated (start date must be within 6 months of graduation date) from a coding academy/bootcamp, apprenticeship, associate, bachelor’s, master’s or JD/PhD program.
3. Looking for a multiyear working student position
..."
Software Developer - Fall Internship 2025,2025-08-19,https://jobright.ai/jobs/info/68a54f21758f2e4ac3fddc28?utm_source=1099&utm_campaign=Software Engineer,On Site,"Bensenville, IL","Al Warren Oil Company, Inc.",2025-Fall,,"Energy,Fossil Fuels",101-250,,"1. Current student or recent graduate in Computer Science, Software Engineering, or a related field
2. Experience with JavaScript, Python, or other programming languages
3. Knowledge of database management (SQL, PostgreSQL, or MongoDB)
..."
DoD SkillBridge: Software Developer or Engineer,2025-08-19,https://jobright.ai/jobs/info/67a3e9dfcb8538d289ac006a?utm_source=1099&utm_campaign=Software Engineer,On Site,"Columbia, MD",TeamWorx Security,,,"Analytics,Cyber Security",11-50,,"1. Active Duty military members ONLY who meet the requirements outlined below.
2. Have 180 days of military service or fewer remaining prior to your date of discharge and you have at least 180 continuous days of active service.
3. Obtain approval from your unit commander.
..."
Software Engineer Co-Op,2025-08-19,https://jobright.ai/jobs/info/68a47d64541cc3479840bc6b?utm_source=1099&utm_campaign=Software Engineer,On Site,"Methuen, MA",Globus Medical,,,"Health Care,Manufacturing",5001-10000,,"1. Experience in object-oriented analysis and design
2. Experience programming in C/C++
3. Experience developing software tools, utilities, and libraries/components
..."
Software Engineering Internship – Summer 2026,2025-08-19,https://jobright.ai/jobs/info/68881429fbbf032d0007889b?utm_source=1099&utm_campaign=Software Engineer,On Site,"New York, NY",Hudson River Trading,2026-Summer,2027,Financial Services,1001-5000,$5800-$25000 /mon,"1. You are a full-time undergraduate student studying computer science or a related field who is eligible for full-time roles in 2027
2. Programming experience in Python, C or C++ is required
3. A passion for technology and writing code that is elegant, readable, and efficient
..."
Software Engineer Apprentice,2025-08-19,https://jobright.ai/jobs/info/6880cc7229ad6b2744adc310?utm_source=1099&utm_campaign=Software Engineer,On Site,"Lowell, MA",IBM,,,"Business Development,Business Information Systems",10000+,,"1. Must have basic knowledge in one of the following programming languages: Java, JavaScript, PHP, C#, Objective-C, C/C++, Python, Ruby and/or functional languages (Haskell, Scala, F#, Clojure)
2. Willingness to complete the requirements of the apprenticeship program
3. Drive and eagerness to learn
..."
"Quality Assurance Intern (part-time, hourly)",2025-08-19,https://jobright.ai/jobs/info/68a437cc2d2a252445cd6684?utm_source=1099&utm_campaign=Software Engineer,On Site,"Fayetteville, AR",Acres,,,"Analytics,Geospatial",11-50,,"1. Ability to communicate effectively with stakeholders
2. Responsible, accurate, persistent, and thorough approach to work (if we miss a bug or forget to check a test case a user may not continue to interact with our platform)
3. Openness to learning and sharing knowledge
..."
Computer Science and Engineering Co-Op Spring 2026,2025-08-18,https://jobright.ai/jobs/info/68a41ffd2d2a252445cd6064?utm_source=1099&utm_campaign=Software Engineer,On Site,"New Bremen, OH",Crown Equipment Corporation,2026-Spring,2026,Industrial,10000+,,"1. Pursuing a four-year college degree in Computer Science, Computer Engineering, Electrical Engineering, Management Information Systems or related field.
2. Experience in programming and analysis, along with strong written, verbal, analytical and interpersonal skills necessary.
3. Candidate must be a highly self-motivated individual with an attention to detail.
..."
Returning Computer Science Intern - Summer 2026 (Southeast Division) (For Current/ Previous Interns ONLY),2025-08-18,https://jobright.ai/jobs/info/689c1c0079a9f966625364b9?utm_source=1099&utm_campaign=Software Engineer,On Site,"Multi Location
Fort Lauderdale, FL
Ocoee, FL
Cutler Bay, FL
Gainesville, FL
Bartow, FL
Miami, FL
Bradenton, FL
Jacksonville, FL
Tampa, FL
Chipley, FL
Tallahassee, FL
Orlando, FL
Kissimmee, FL
Green Cove Springs, FL
Boca Raton, FL
Lake Mary, FL
Atlanta, GA
Cutler Bay, FL (Caribbean Blvd)
Ocoee, FL (FTE Turnpike Headquarters)
Kissimmee, FL (Celebration Blvd)",HNTB,2026-Summer,,"Consulting,Legal",1001-5000,,1. Enrolled in a related undergraduate or graduate program
Intern - Undergraduate (technical),2025-08-18,https://jobright.ai/jobs/info/68a9b6306acf96396f728b2d?utm_source=1099&utm_campaign=Software Engineer,Hybrid,Poway California,General Atomics Aeronautical Systems,,,"Energy,Energy Efficiency",10000+,"$44,590-$66,295 /yr","1. Typically requires enrollment as a undergraduate student at a recognized college or university.
2. Must possess: The ability to understand new concepts and apply them accurately.
3. The ability to follow general instructions as well as organizational policies and procedures.
..."
Software Quality Assurance - Part Time,2025-08-18,https://jobright.ai/jobs/info/68ad3c3b758f2e4ac300c031?utm_source=1099&utm_campaign=Software Engineer,On Site,"Lehi, UT",LifeVantage Corporation,2025-August,2025,"Biotechnology,Health Care",101-250,$18-$21 /hr,"1. Currently enrolled as a junior or senior pursuing a BS in Computer Science, Software Eng, Information Systems or related field.
2. Completed or pursuing coursework in programming (JavaScript, Java, C#, or Python) and data structures.
3. Solid verbal/written communication and curiosity to ask, 'what if?'
..."
"Campus Graduate Summer Internship Program - 2026 Software Engineer, Technology - Sunrise, FL",2025-08-18,https://jobright.ai/jobs/info/68a3d465403ad4363b1c41f0?utm_source=1099&utm_campaign=Software Engineer,Hybrid,"Sunrise, FL",American Express,2026-Summer,2026-December / 2027-June,"Credit Cards,Finance",10000+,$24-$63 /hr,"1. Master's/MBA degree candidates with an expected graduation date between December 2026 and June 2027
2. Currently enrolled in a Master's/MBA degree program in Computer Science, Computer Engineering, or other technical field
3. + Java
..."
"Campus Undergraduate Summer Internship Program - 2026 Software Engineer, Technology - New York, NY",2025-08-18,https://jobright.ai/jobs/info/68a3d3031ab5f8579e8a8bb6?utm_source=1099&utm_campaign=Software Engineer,Hybrid,"New York, NY",American Express,2026-Summer,2026-December / 2027-June,"Credit Cards,Finance",10000+,$24-$63 /hr,"1. Bachelor’s degree candidates with an expected graduation date between December 2026 and June 2027
2. Currently enrolled in a Bachelor’s degree program in Computer Science, Computer Engineering, or other technical field
3. + Java
..."
"Campus Graduate Summer Internship Program - 2026 Software Engineer, Technology - Phoenix, AZ",2025-08-18,https://jobright.ai/jobs/info/68a3d1ef1ab5f8579e8a8998?utm_source=1099&utm_campaign=Software Engineer,Hybrid,"Phoenix, AZ",American Express,2026-Summer,2026-December / 2027-June,"Credit Cards,Finance",10000+,$24-$63 /hr,"1. Master's/MBA degree candidates with an expected graduation date between December 2026 and June 2027
2. Currently enrolled in a Master's/MBA degree program in Computer Science, Computer Engineering, or other technical field
3. + Java
..."
Software Engineer Intern ( Fall),2025-08-18,https://jobright.ai/jobs/info/68a3cb341ab5f8579e8a8543?utm_source=1099&utm_campaign=Software Engineer,Hybrid,"2340 Dulles Corner Blvd, Herndon, VA 20171, USA",ATPCO,Fall,,Aerospace,501-1000,,"1. Currently pursuing a degree in Computer Science, Computer Engineering, Mathematics, or a related field.
2. Experience in building web applications.
3. Strong understanding of algorithms and mathematics.
..."
Information Technology Intern - Digital Engineering,2025-08-18,https://jobright.ai/jobs/info/68a32df5403ad4363b1befde?utm_source=1099&utm_campaign=Software Engineer,On Site,"Bonita Springs, FL",Herc Rentals,2024,,"Construction,Rental",5001-10000,$20-$20 /hr,"1. Applicants must be located within commutable distance to the Bonita Springs, FL HQ to allow for work while attending school.
2. Able to work minimum 20 hours per week
3. Currently enrolled in Computer Science/MIS/IS major bachelors or masters level
..."
Intern - IT (May 2026),2025-08-18,https://jobright.ai/jobs/info/689f684079a9f96662556ad1?utm_source=1099&utm_campaign=Software Engineer,Hybrid,"Waukesha, WI",WEC Energy Group,2026-Summer,2026,"Energy,Energy Efficiency",5001-10000,$22-$26 /hr,"1. High School Diploma, GED, or HSED
2. Current pursuit of a Bachelor's or Master's degree in Computer Science, Management Information Systems, Information Technology, Computer Engineering, or closely related degree with a graduation date after June 2026.
3. Must be available to work full-time during summer 2026. If available, hours may be flexible to accommodate school schedule with part-time work during the school year.
..."
"Game Research & Development Intern, Engine Research",2025-08-18,https://jobright.ai/jobs/info/68a3a175403ad4363b1c2b0d?utm_source=1099&utm_campaign=Software Engineer,On Site,"Los Angeles, CA",Tencent,,,"Advertising,Internet",10000+,$27-$57 /hr,"1. Strong coding skills in one of following programming languages: C++, python, TensorFlow/Torch
2. Solid knowledge in calculus, linear algebra, basic numerical analysis
3. A strong sense of responsibility and good communication skills"
Practicante - Estadística,2025-08-18,https://jobright.ai/jobs/info/68a39c41403ad4363b1c2945?utm_source=1099&utm_campaign=Software Engineer,On Site,San José,PwC,,,"Accounting,Business Development",10000+,,"1. Bachelor Degree - Statistics
2. Apply a learning mindset and take ownership for your own development.
3. Appreciate diverse perspectives, needs, and feelings of others.
..."
Postdoctoral Fellow - Computer Science,2025-08-18,https://jobright.ai/jobs/info/68a3869c37d3cc6b0d577da6?utm_source=1099&utm_campaign=Software Engineer,On Site,"Charlotte, NC",University Center for Academic Excellence at UNC Charlotte,,,,11-50,$60000-$60000 /yr,"1. The Postdoctoral appointee must have recently (within the last eight years) been awarded a Ph.D. or equivalent doctorate (e.g., Sc.D., M.D.)
2. A strong background with evidence of experimental and AI/machine learning skills, including deep learning, related to biometrics, such as face, fingerprint, and iris
3. Strong communication skills, both verbal and written
..."
Single-Family Software Development Intern- Summer 2026,2025-08-18,https://jobright.ai/jobs/info/68a37e5337d3cc6b0d577848?utm_source=1099&utm_campaign=Software Engineer,On Site,"McLean, VA",Freddie Mac,2026-May,2026-December / 2027-May,"Finance,Financial Services",5001-10000,$54K-$82K /yr,"1. Bachelor’s degree in computer science, Computer Engineering or related software development experience and coursework
2. Graduating in December 2026 or May 2027 with availability to work (May – August 2026)
3. College-level experience with coding practices and languages (such as Java, C/C++, Python, Angular/Springboot, or others)
..."
Multifamily Software Development Intern- Summer 2026,2025-08-18,https://jobright.ai/jobs/info/68a37def403ad4363b1c1acd?utm_source=1099&utm_campaign=Software Engineer,On Site,"McLean, VA",Freddie Mac,2026-May,2026-December / 2027-May,"Finance,Financial Services",5001-10000,$54K-$82K /yr,"1. Pursuing Bachelor’s degree in Computer Science, Computer Engineering, Information Technology with software development emphasis, or related discipline
2. Graduation date of December 2026 – May 2027
3. Availability to work May – August 2026
..."
Undergrad Cloud Engineer - Full-time Intern Conversion,2025-08-18,https://jobright.ai/jobs/info/68a37de3403ad4363b1c1abd?utm_source=1099&utm_campaign=Software Engineer,On Site,"Redwood City, CA",Oracle,2025-Summer,2026-June,"Data Governance,Data Management",10000+,$30-$60 /hr,"1. Have a Bachelor’s degree in Computer Science, Computer Engineering, or an equivalent science/engineering field by June 2026.
2. Have completed at least one internship, research assistantship, teaching assistantship, or equivalent practical experience working in the relevant technical areas noted above.
3. Reside in the United States and/or attend a university in the US.
..."
Technology Intern - Summer 2026,2025-08-18,https://jobright.ai/jobs/info/68a37c4c403ad4363b1c18a9?utm_source=1099&utm_campaign=Software Engineer,On Site,"McLean, VA",Freddie Mac,2026-Summer,2026-December / 2027-May,"Finance,Financial Services",5001-10000,$54K-$82K /yr,"1. Seeking undergraduate degree in Computer Science, Computer Engineering or related area
2. Graduation date of December 2026 or May 2027
3. College-level experience with coding practices and languages (such as Java, C/C++, Python, or others)
..."
Undergrad Cloud Engineer - Full-time Intern Conversion,2025-08-18,https://jobright.ai/jobs/info/68a379ea37d3cc6b0d577496?utm_source=1099&utm_campaign=Software Engineer,On Site,"Redwood City, CA, United States",Oracle,2025-Summer,,"Data Governance,Data Management",10000+,,"1. Applicants are required to read, write, and speak the following languages: English"
Undergrad Cloud Engineer - Full-time Intern Conversion,2025-08-18,https://jobright.ai/jobs/info/68a378691ab5f8579e8a6069?utm_source=1099&utm_campaign=Software Engineer,On Site,"Redwood City, CA, United States",NetSuite,2025-Summer,,"Cloud Computing,Computer",10000+,,"1. Applicants are required to read, write, and speak English."
Front End Developer Intern (Data Visualization Focus) - Remote,2025-08-18,https://jobright.ai/jobs/info/68a373fc403ad4363b1c113f?utm_source=1099&utm_campaign=Software Engineer,Hybrid,"New Jersey, United States",WilkinGuttenplan,,,Consulting,101-250,,"1. Current enrollment in a Bachelor's program in Computer Science, Information Technology, or a related field.
2. Proficiency in Python, JavaScript and SQL, with familiarity in data visualization libraries (e.g., Matplotlib, Seaborn).
3. Strong skills in D3.js and React for building interactive visualizations and user interfaces.
..."
Software Engineer Co-op - Enterprise Finance Applications - Spring 2026,2025-08-18,https://jobright.ai/jobs/info/68a36e161ab5f8579e8a5769?utm_source=1099&utm_campaign=Software Engineer,On Site,"Cincinnati, OH",Fifth Third Bank,2026-Spring,,"Banking,Finance",10000+,,"1. Rising juniors and seniors pursuing degrees in Computer Science, Software Engineering, or related technical fields with good academic standing (minimum 3.0 GPA required)
2. Familiarity with modern programming languages and frameworks (Java Spring Boot, Angular, Node.js) and development practices
3. Enthusiasm for learning new technologies and contributing to a fast-paced, innovation-driven environment
..."
Business Technology Solutions Associate Intern (North America - University Students),2025-08-18,https://jobright.ai/jobs/info/68a360eb1ab5f8579e8a50f0?utm_source=1099&utm_campaign=Software Engineer,On Site,"Evanston, IL",ZS,,,"Consulting,Management Consulting",10000+,,"1. Current enrollment in second-to-last-year in a relevant Bachelor’s or Master’s program with strong academic performance in Business Intelligence, Computer Science, Management Information Systems, or related fields.
2. Strong foundation in RDBMS concepts, SQL, and programming languages such as Python, Spark
3. Strong understanding of structured data processing patterns, algorithms, data structures, and their practical applications in business intelligence, data engineering and technology projects.
..."
Software Engineering Intern (Winter),2025-08-18,https://jobright.ai/jobs/info/68a35d32403ad4363b1c0607?utm_source=1099&utm_campaign=Software Engineer,Hybrid,"Multi Location
Boston, MA
New York, NY",Datadog,2026-January,2027,"Analytics,Cloud Computing",1001-5000,$100K-$110K /yr,"1. You are targeting a 2027 full-time start date
2. You are in the process of receiving/have a degree in computer science, software engineering, or a related field; or have equivalent experience
3. You have strong computer science fundamentals (data structures, algorithms, software design, to name a few)
..."
IT Engineering Internships,2025-08-18,https://jobright.ai/jobs/info/68a35bf21ab5f8579e8a4e30?utm_source=1099&utm_campaign=Software Engineer,On Site,"Multi Location
Cincinnati, OH
CINCINNATI GENERAL OFFICES",Procter & Gamble,2026-Summer,2026,"Beauty,Brand Marketing",10000+,$29-$50 /hr,"1. In process of obtaining a Bachelors or Master’s degree in Computer Science, Informatics, Computer Engineering, or related technical/IT field.
2. Strong problem-solving skills paired with experience in programming, such as Python, JavaScript, Java, C++, Go, etc. (Experience in a specific language is not required, will be expected to learn new languages).
3. Strong understanding of network hardware and infrastructure such as routers, hubs, servers, VPNs, and switches.
..."
Software Engineering Intern (Winter),2025-08-18,https://jobright.ai/jobs/info/68a358fb37d3cc6b0d57619d?utm_source=1099&utm_campaign=Software Engineer,Hybrid,"Boston, Massachusetts, USA",Datadog,2026-January,2027,"Analytics,Cloud Computing",1001-5000,"$100,000-$110,000 /yr","1. You are targeting a 2027 full-time start date
2. You are in the process of receiving/have a degree in computer science, software engineering, or a related field; or have equivalent experience
3. You have strong computer science fundamentals (data structures, algorithms, software design, to name a few)
..."
Quality Assurance Internship,2025-08-18,https://jobright.ai/jobs/info/68a33bda37d3cc6b0d575228?utm_source=1099&utm_campaign=Software Engineer,On Site,"Multi Location
WHBC - WINTON HILL BUS CENTER
MASON BUS AND INNOVATION CTR",Procter & Gamble,2026-May,2026,"Beauty,Brand Marketing",10000+,$35-$55 /hr,"1. Working towards a Bachelor of Science degree in a technical field (i.e., Engineering, Microbiology, Quality Management, Food Science or like degree)
2. Available to complete a 12-week internship between May and August of 2026
3. Strong analytical and data analysis skills as well as a problem solving and risk assessment approach
..."
Software Engineering Intern (Summer 2026) (Onsite),2025-08-18,https://jobright.ai/jobs/info/68a32d34403ad4363b1beebd?utm_source=1099&utm_campaign=Software Engineer,On Site,"UT207: 1127 West 2320 South  , West Valley City, UT, 84119 USA",RTX,2026-Summer,,"Aerospace,Manufacturing",10000+,"$37,000-$82,000 /yr","1. Requires a High School Diploma or equivalent and student must be pursuing a Bachelor’s or advanced degree in an applicable discipline.
2. The ability to obtain and maintain a U.S. government issued security clearance is required
3. U.S. citizenship is required, as only U.S. citizens are eligible for a security clearance"
"Front-end developer (Junior, Intern)",2025-08-18,https://jobright.ai/jobs/info/68a31c6c37d3cc6b0d5747af?utm_source=1099&utm_campaign=Software Engineer,Hybrid,Remote (EMEA/APAC),gateway.fm,,,"Blockchain,Cryptocurrency",51-100,,"1. Genuine interest in frontend development and blockchain technologies.
2. Experience in building SSR web applications using Next.js
3. Basic proficiency in HTML, CSS, and JavaScript.
..."
Cloud-Based Lab Inventory Management System Developer (Internship),2025-08-17,https://jobright.ai/jobs/info/68a6b0f933dd7158bbca1e7b?utm_source=1099&utm_campaign=Software Engineer,On Site,"Watertown, MA",ALS Therapy Development Institute,,,"Biotechnology,Health Care",51-100,$22-$25 /hr,"1. Current graduate student in Computer Science, Software Engineering, Data Science, or related field.
2. Proficiency in modern web development frameworks (React, Vue, Svelte, or similar).
3. Experience with cloud platforms (Azure preferred; AWS or GCP acceptable).
..."
Quality Assurance Intern,2025-08-17,https://jobright.ai/jobs/info/68a6b14633dd7158bbca1ecf?utm_source=1099&utm_campaign=Software Engineer,Hybrid,"Meridian, ID",JST ,,,"Manufacturing,Product Design",101-250,,"1. Strong written and verbal communication skills.
2. Ability to interview SMEs and accurately capture technical information.
3. Attention to detail and adherence to formatting standards.
..."
Full Stack Software Engineering Intern - Fall,2025-08-17,https://jobright.ai/jobs/info/68a38e4f403ad4363b1c2235?utm_source=1099&utm_campaign=Software Engineer,On Site,San Francisco Office,Atomic Semi,September,,"Industrial,Manufacturing",1-10,$110K-$132K /yr,"1. Proficiency in a few programming languages, ideally Rust and Python
2. Solid understanding of Linux, including backend development
3. REST APIs + JavaScript/React or HTML templating experience
..."
"Software Engineer Intern, Frontend - Fall 2025",2025-08-17,https://jobright.ai/jobs/info/68a2260783d13d1f5b6d58eb?utm_source=1099&utm_campaign=Software Engineer,On Site,"Multi Location
San Francisco, CA
San Francisco, California",Arcade,2026-January,,,11-50,,"1. Currently in school with a background in Computer Science, Engineering, Physics, Mathematics, or a similar field
2. Must be available to start sometime between January and August 2026
3. Experience building and scaling web frontends in production
..."
"Software Engineer Intern, Frontend - Winter 2025",2025-08-17,https://jobright.ai/jobs/info/68a225bcfaa4e875e8295960?utm_source=1099&utm_campaign=Software Engineer,On Site,"Multi Location
San Francisco, CA
San Francisco, California",Arcade,2025-Winter,,,11-50,,"1. Currently in school with a background in Computer Science, Engineering, Physics, Mathematics, or a similar field
2. Must be available to start sometime between January and August 2026
3. Experience building and scaling web frontends in production
..."
Firmware Engineering Co-op - Spring 2026,2025-08-17,https://jobright.ai/jobs/info/67a11e93459a531c82e6b738?utm_source=1099&utm_campaign=Software Engineer,On Site,"Multi Location
Versailles, OH
60 Vista Dr, Versailles, OH, 45380, US",Midmark Corporation,2026-Spring,,"Health Care,Manufacturing",1001-5000,,"1. Enrollment in a 4-year accredited degree program is required, with a focus on obtaining a Bachelor’s degree in computer engineering, electrical engineering, or a related technical field.
2. Ability to follow instructions
3. Ability to multitask and problem solve
..."
"Internship, Backend Software Engineer, Diagnostics (Winter/Spring 2026)",2025-08-16,https://jobright.ai/jobs/info/68aaabca758f2e4ac3ffdf31?utm_source=1099&utm_campaign=Software Engineer,On Site,"Palo Alto, CA",Tesla,2026-January,2026-May / 2027-December,"Automotive,Electric Vehicle",10000+,$36.09-$56.13 /hr,"1. Currently pursuing a degree in Computer Science, Engineering, or a related field with a graduation date between May 2026 – December 2027
2. Demonstrated ability with SQL and comprehension of complex relational database schemas
3. Experience with backend languages, libraries, and frameworks (e.g. Python, Golang, Django, Flask)
..."
Software Engineer Intern,2025-08-16,https://jobright.ai/jobs/info/68aa9139758f2e4ac3ffd7cd?utm_source=1099&utm_campaign=Software Engineer,On Site,"Multi Location
San Diego, CA
San Diego",Sony Electronics,,,,5001-10000,,"1. Currently enrolled as an undergraduate or graduate student studying Software Engineering or related field with applicable coursework
2. Experience building web services and applications with Golang, Rust, NodeJS, MySQL, Vue, React
3. Familiarity with Linux and shell languages
..."
Presales Solutions Architect Intern,2025-08-15,https://jobright.ai/jobs/info/68a02c57cc9ee94dc911d9a9?utm_source=1099&utm_campaign=Software Engineer,On Site,"Hopkinton, MA",Dell Technologies,2026-June,2026-December / 2027-May,"Data Management,Information and Communications Technology (ICT)",10000+,$27-$30 /hr,"1. Pursuing an Undergraduate Degree in a technical or business-related field
2. An innovative thinker and a self-starter with a desire-to-win type mindset
3. Graduating with a Bachelors in December 2026 or May 2027 and the ability to join the internship program on 6/1/2026"
Internship - R&D Control Software Engineer,2025-08-15,https://jobright.ai/jobs/info/68a0299683d13d1f5b6cecab?utm_source=1099&utm_campaign=Software Engineer,On Site,"Location, WV",ABB,,,"Automotive,Energy",10000+,,"1. Student of 3rd year or higher in the field of automatics, computer science, electrical engineering, mechatronics or similar
2. Good knowledge C++
3. Knowledge of GIT
..."
2026 North America Software Engineering Internship,2025-08-15,https://jobright.ai/jobs/info/68a958c1758f2e4ac3ff8f1f?utm_source=1099&utm_campaign=Software Engineer,On Site,"Multi Location
Boulder, CO
Denver, CO
Bellevue, WA
Irvine, CA
New York, United States
Bellevue",The Trade Desk,2026,2026-Autumn / 2027-Summer,"Advertising,Digital Media",1001-5000,$46-$62 /hr,"1. Fluent in one or more modern object-oriented programming languages
2. Firm grasp on basic data structures and algorithmic techniques
3. Quick and self-directed learner
..."
"Internship, Software Engineer, Linux Update Systems (Winter/Spring 2026)",2025-08-15,https://jobright.ai/jobs/info/68a3f952541cc34798409370?utm_source=1099&utm_campaign=Software Engineer,On Site,"Palo Alto, CA",Tesla,2026-January,2026-December / 2027,"Automotive,Electric Vehicle",10000+,$40-$56 /hr,"1. Currently pursuing a degree in Computer Science or related field of study with a graduation date between December 2026-2027
2. Must be proficient in C and Go Programming
3. Experience working with and writing software for embedded Linux systems; experience with software/kernel updates a plus
..."
Software Engineer Intern,2025-08-15,https://jobright.ai/jobs/info/68a00d9ffaa4e875e828d257?utm_source=1099&utm_campaign=Software Engineer,On Site,"Rock Hill, SC",BEDGEAR,,,"Consumer Goods,E-Commerce",251-500,$25-$30 /hr,"1. Must be 18 years of age or older
2. Bachelor's Degree in Computer Science or Computer Engineering
3. Must be legally authorized to work in the United States and have IDs needed to verify
..."
Software Engineer Internship,2025-08-15,https://jobright.ai/jobs/info/67d8c20dc387e6223470316d?utm_source=1099&utm_campaign=Software Engineer,Remote,United States,Clerkie,2025,2024 / 2025,"Artificial Intelligence (AI),Finance",11-50,,"1. A soon-to-be or recent graduate (class of 2024 or 2025 preferred) with a degree in Computer Science, Software Engineering, or a related field
2. Proficiency in JavaScript/TypeScript and experience with React.js, Next.js, or Node.js
3. Comfortable working with databases (SQL or NoSQL, e.g., PostgreSQL, MongoDB)
..."
Intern - Year Round (JavaScript Developer),2025-08-15,https://jobright.ai/jobs/info/689fcdf283d13d1f5b6cb1a1?utm_source=1099&utm_campaign=Software Engineer,Hybrid,"Multi Location
Winchester, VA
Vienna, VA
Pensacola, FL",Navy Federal Credit Union,,,"Association,Financial Services",10000+,$16-$34 /hr,"1. Working knowledge of Web design techniques and practices
2. Pursuing an education in Computer Science, Information Technology, or a similar field.
3. Familiarity with PC and Internet/Web-based technologies such as HTML, CSS, JavaScript, and C#. Web content management software, editing and authoring tools, and development languages.
..."
Application Development Co-Op,2025-08-15,https://jobright.ai/jobs/info/689fc4ec83d13d1f5b6caea5?utm_source=1099&utm_campaign=Software Engineer,Hybrid,"Multi Location
St Louis, MO
St. Louis, MO",Ameren,January,,"Consulting,Consumer Electronics",5001-10000,$19-$29 /hr,"1. Currently pursuing a Bachelors or Master's degree in Computer Science, Computer Engineering, Management Information Systems, Engineering or equivalent business or computer-related field
2. Minimum of a 2.5 GPA
3. Have a process-improvement and problem-solving mindset
..."
Software Developer Internship - Summer 2026,2025-08-15,https://jobright.ai/jobs/info/689f9134b3e889632cf08bda?utm_source=1099&utm_campaign=Software Engineer,On Site,"Multi Location
Waukegan, IL
Glenview, IL
Milwaukee, WI
Pleasant Prairie, WI
Kenosha, WI",Uline,2026-Summer,,Office Supplies,5001-10000,,"1. This full-time, 12-week internship is open to Junior-status college students only.
2. Pursuing a bachelor’s degree in IT, Computer Science or a related field with two semesters of programming experience.
3. Strong collaboration and communication skills."
"Software Engineering Intern (Rochester, NY)",2025-08-15,https://jobright.ai/jobs/info/689f90b483d13d1f5b6c9b78?utm_source=1099&utm_campaign=Software Engineer,On Site,"Rochester, NY",L3Harris Technologies,,,"Commercial,Information Technology",10000+,$24-$46 /hr,"1. Bachelor's degree in computer science, Computer Engineering, Software Engineering, Electrical Engineering, Wireless Engineering, Information Security, Mathematics, Digital Arts & Sciences or related field"
Quality Assurance Intern,2025-08-15,https://jobright.ai/jobs/info/689f8b59faa4e875e8289817?utm_source=1099&utm_campaign=Software Engineer,Hybrid,"4021 N 56th St, Lincoln, NE 68504, USA",Continental,,2025 / 2026,"Automotive,Manufacturing",10000+,,"1. Minimum GPA 3.0; 15 credit hours completed
2. Minimum 1.5 years of remaining undergraduate studies"
2026 Intern - Software Engineer,2025-08-15,https://jobright.ai/jobs/info/689f874fb3e889632cf08508?utm_source=1099&utm_campaign=Software Engineer,On Site,"Multi Location
San Jose, CA
Seattle
New York
San Jose
Austin
San Francisco
Lehi",Adobe,2026-May,2026-December / 2027-June,"Artificial Intelligence (AI),Consulting",10000+,$38-$51 /hr,"1. Currently enrolled full time and pursuing a Bachelor's or Master’s in Computer Science, Computer Engineering, Electrical Engineering, or equivalent experience required with an expected graduation date of December 2026 – June 2027
2. Strong technical background with analytical and problem-solving skills
3. Previous related experience in software engineering (applicable coursework, projects, internships, etc.)
..."
Intern - Year Round (JavaScript Developer),2025-08-15,https://jobright.ai/jobs/info/689f8247faa4e875e8288d55?utm_source=1099&utm_campaign=Software Engineer,On Site,"5510 Heritage Oaks Drive, Pensacola, FL, 32526, US",Navy Federal Credit Union,,,"Association,Financial Services",10000+,$16.75-$34.50 /hr,"1. Some College education
2. Ability to work alongside and learn from a senior developer
3. Experience in designing, building, and maintaining systems
..."
Fall 2025 IT Developer Internship,2025-08-15,https://jobright.ai/jobs/info/689f6b1783d13d1f5b6c6703?utm_source=1099&utm_campaign=Software Engineer,On Site,"Knoxville, TN",Altar'd State,2025-Fall,2025,"E-Commerce,Fashion",1001-5000,,"1. Currently enrolled as a Junior or Senior in a Bachelor’s degree program in Computer Science, Software Engineering, Information Systems, or a related field.
2. Strong understanding of programming principles and object-oriented programming concepts.
3. Positive attitude and eagerness to learn
..."
Presales Solutions Architect Intern,2025-08-15,https://jobright.ai/jobs/info/689f636779a9f966625567df?utm_source=1099&utm_campaign=Software Engineer,On Site,"Hopkinton, Massachusetts, United States",Dell Technologies,2026-June,2026-December / 2027-May,"Data Management,Information and Communications Technology (ICT)",10000+,$27.70-$30.75 /hr,"1. Pursuing an Undergraduate Degree in a technical or business-related field
2. An innovative thinker and a self-starter with a desire-to-win type mindset
3. Graduating with a Bachelors in December 2026 or May 2027 and the ability to join the internship program on 6/1/2026"
Advanced HeyGen & API Development with High-Profile Clients - Potential O-1 Pathway,2025-08-15,https://jobright.ai/jobs/info/68a00040faa4e875e828ca39?utm_source=1099&utm_campaign=Software Engineer,On Site,San Francisco Bay Area,Innovative Global Holdings LLC,,,,1-10,,"1. Proficiency in HeyGen platform including Avatar IV and Instant Avatar
2. Understanding of REST APIs and JSON data structures
3. Video editing experience (DaVinci Resolve, Premiere Pro, or After Effects)
..."
GE Vernova CIC Software Engineer Intern - Fall 2026,2025-08-15,https://jobright.ai/jobs/info/689f396e83d13d1f5b6c4d5d?utm_source=1099&utm_campaign=Software Engineer,On Site,"Rochester, NY",GE Vernova,2026-Fall,,"Energy,Energy Efficiency",10000+,$21-$34 /hr,"1. Must be enrolled in a full-time undergraduate or graduate program in a technical field of study in Engineering, Computer Science, Computer Engineering, or IT.
2. Must maintain a minimum 3.0 cumulative GPA (without rounding).
3. Must be highly self-motivated and be able to work under minimal supervision.
..."
Software Engineering Intern,2025-08-15,https://jobright.ai/jobs/info/68a02742faa4e875e828e8fc?utm_source=1099&utm_campaign=Software Engineer,On Site,"Pittsburgh, PA",Epistemix,,,"Analytics,Consumer Goods",11-50,,"1. Current field of study in Computer Science, Software Engineering, or related field.
2. Strong proficiency in software development in C++, python or Typescript (Javascript/ReactJS).
3. Experience with Git source control management.
..."
"Software Engineering Intern (Salt Lake City, UT)",2025-08-15,https://jobright.ai/jobs/info/689e551583d13d1f5b6bafde?utm_source=1099&utm_campaign=Software Engineer,On Site,"Salt Lake City, UT",L3Harris Technologies,,,"Commercial,Information Technology",10000+,,"1. Pursuing a bachelor's degree in computer science, Computer Engineering, Software Engineering, Electrical Engineering, Wireless Engineering, Information Security, Mathematics, Digital Arts & Sciences or related field"
Software Engineer Intern (Summer 2026 - Austin),2025-08-14,https://jobright.ai/jobs/info/68a401e52d2a252445cd4e3d?utm_source=1099&utm_campaign=Software Engineer,On Site,"Austin, TX",Optiver,2026-Summer,2026-December / 2027-June,"Financial Services,FinTech",501-1000,,"1. A student pursuing a bachelor’s, master’s, or PhD in Computer Science or Computer Engineering
2. On track to graduate between December 2026 to June 2027, with junior standing or higher
3. Passionate for writing clean code, well-architected systems, and continuous improvement
..."
Software Engineering Intern,2025-08-14,https://jobright.ai/jobs/info/68a7e5f6d627244576e2f614?utm_source=1099&utm_campaign=Software Engineer,On Site,"Chantilly, VA",Lynk,,,"Information Technology,Internet",11-50,,"1. Enrolled in at least a bachelor’s degree or Masters or PhD in a STEM-related program
2. Strong interpersonal skills and ability to work effectively in a team environment, accomplishing tasks with limited resources at a rapid pace
3. Growing skill level using Windows and Linux OS, and proficiency with some other technical software package or programming
..."
EDA QA/Testing Intern,2025-08-14,https://jobright.ai/jobs/info/689e996379a9f9666254e1d2?utm_source=1099&utm_campaign=Software Engineer,On Site,"Mountain View, CA",Silimate (YC S23),,,"Data Center Automation,Software",1-10,$52-$7K /yr,"1. Available for 15-40 hours/week in-person in Mountain View, CA
2. Excited about driving product quality for a fast-moving startup
3. Familiar with basic VLSI frontend concepts & tools (SystemVerilog, common EDA methodology)
..."
Embedded Software Intern (Winter/Spring 2026),2025-08-14,https://jobright.ai/jobs/info/689e92c783d13d1f5b6bdc77?utm_source=1099&utm_campaign=Software Engineer,On Site,"Somerville, MA",Formlabs,2026-Winter,,"3D Printing,3D Technology",501-1000,$3700-$4100 /yr,"1. Experience working with embedded systems
2. Passionate about firmware and embedded electronics
3. Willing to work with C++ or C, comfortable working with Python
..."
Front-End Development Intern,2025-08-14,https://jobright.ai/jobs/info/689e9294faa4e875e827dcd5?utm_source=1099&utm_campaign=Software Engineer,On Site,"Champaign, IL",Brunswick Corporation,,2024 / 2025 / 2026,"Boating,Fitness",10000+,$21-$29 /hr,"1. To be considered for the internship, candidates must have permanent US Work authorization. We are unable to sponsor temporary work visas or accept CPT/OPT authorization for this role.
2. Currently enrolled in a BS in Computer Science, Software Development, Software Engineering, or other similar program at University of Illinois Champaign-Urbana
3. Experience with Java/C++ or other similar programming languages"
Technology Scouting Intern,2025-08-14,https://jobright.ai/jobs/info/689e9294faa4e875e827dcd2?utm_source=1099&utm_campaign=Software Engineer,On Site,"Champaign, IL",Brunswick Corporation,,,"Boating,Fitness",10000+,$18-$26 /hr,"1. To be considered for the internship, candidates must have permanent US Work authorization. We are unable to sponsor temporary work visas or accept CPT/OPT authorization for this role.
2. Currently enrolling in a BS degree in Business, Engineering, Computer Science, or a related technical field at the University of Illinois-Champaign Urbana.
3. Strong analytical and research skills with the ability to synthesize complex information.
..."
Computer Graphics Software Development Intern,2025-08-14,https://jobright.ai/jobs/info/689e929283d13d1f5b6bdc41?utm_source=1099&utm_campaign=Software Engineer,On Site,"Champaign, IL",Brunswick Corporation,,,"Boating,Fitness",10000+,$21-$29 /hr,"1. To be considered for the internship, candidates must have permanent US Work authorization. We are unable to sponsor temporary work visas or accept CPT/OPT authorization for this role.
2. Current enrollment in a BS in a field related to Computer Science at the University of Illinois Urbana-Champaign.
3. Portfolio highlighting a variety of projects.
..."
Software Development Intern,2025-08-14,https://jobright.ai/jobs/info/689e928d79a9f9666254df2d?utm_source=1099&utm_campaign=Software Engineer,On Site,"Champaign, IL",Brunswick Corporation,,,"Boating,Fitness",10000+,$21-$29 /hr,"1. To be considered for the internship, candidates must have permanent US Work authorization. We are unable to sponsor temporary work visas or accept CPT/OPT authorization for this role.
2. Currently enrolled in a BS in Computer Science or Computer Engineering at University of Illinois Champaign-Urbana
3. Prior experience with Software Engineering or Web/App development (Industry, Internship, or project experience).
..."
EDA QA/Testing Intern,2025-08-14,https://jobright.ai/jobs/info/689e8367faa4e875e827d3ad?utm_source=1099&utm_campaign=Software Engineer,On Site,"Mountain View, CA, US",Silimate (YC S23),2025,,"Data Center Automation,Software",1-10,$30-$40 /hr,"1. Available for 15-40 hours/week in-person in Mountain View, CA
2. Excited about driving product quality for a fast-moving startup
3. Familiar with basic VLSI frontend concepts & tools (SystemVerilog, common EDA methodology)
..."
Gameplay Programmer Intern,2025-08-14,https://jobright.ai/jobs/info/689e8180faa4e875e827d271?utm_source=1099&utm_campaign=Software Engineer,On Site,"Multi Location
Cary, NC
Cary,North Carolina,United States",Epic Games,2026,,"Developer Platform,Gaming",1001-5000,,"1. Strong C++ knowledge
2. Interest in gameplay programming
3. Interest in game engine technologies
..."
Full Stack Software Engineering Intern - Winter,2025-08-14,https://jobright.ai/jobs/info/689f801ffaa4e875e8288c8f?utm_source=1099&utm_campaign=Software Engineer,On Site,San Francisco Office,Atomic Semi,2024-January,,"Industrial,Manufacturing",1-10,$110K-$132K /yr,"1. Proficiency in a few programming languages, ideally Rust and Python
2. Solid understanding of Linux, including backend development
3. REST APIs + JavaScript/React or HTML templating experience
..."
2026 Business Software Summer Internship,2025-08-14,https://jobright.ai/jobs/info/689e77a579a9f9666254d025?utm_source=1099&utm_campaign=Software Engineer,Hybrid,"Auburn Hills, MI",Stellantis,2026-May,2026,"Automotive,Industrial",10000+,,"1. Pursuing a bachelor's degree or higher from an accredited college or university
2. Able to work full-time, 40 hours per week during the internship"
2026 Information & Communication Technology Summer Internship,2025-08-14,https://jobright.ai/jobs/info/689e779e79a9f9666254d018?utm_source=1099&utm_campaign=Software Engineer,Hybrid,"Auburn Hills, MI",Stellantis,2026-May,2026-Spring,"Automotive,Industrial",10000+,,"1. Pursuing an associate degree or higher from an accredited college or university
2. Able to work full-time, 40 hours per week during the internship
3. Must be willing and able to work in a plant environment"
2026 Technical Software Summer Internship,2025-08-14,https://jobright.ai/jobs/info/689e777b79a9f9666254cfc5?utm_source=1099&utm_campaign=Software Engineer,Hybrid,"Auburn Hills, MI",Stellantis,2026-Summer,2026-Spring,"Automotive,Industrial",10000+,,"1. Pursuing an associate degree or higher from an accredited college or university
2. Able to work full-time, 40 hours per week during the internship"
Firmware Engineer Co-Op (January 2026),2025-08-14,https://jobright.ai/jobs/info/689eb2e183d13d1f5b6bf01a?utm_source=1099&utm_campaign=Software Engineer,On Site,"Multi Location
Andover, MA
Andover, Massachusetts",Schneider Electric,2026-January,,"Electronics,Energy",10000+,,"1. Currently pursuing a degree in Computer Science, Electrical Engineering, Electronics or related field (Master's preferred).
2. C or C++ coding skills
3. Should have Python coding skills
..."
Software Developer Intern- Fall 2025 (Onsite),2025-08-14,https://jobright.ai/jobs/info/689e7342faa4e875e827cbc1?utm_source=1099&utm_campaign=Software Engineer,On Site,"Somerset, NJ",Mirion Technologies,2025-Fall,,,51-100,,"1. Currently pursuing a Bachelor's or Master's degree in Computer Science, Software Engineering, or a related field.
2. Must be in junior or senior year
3. Strong problem-solving skills and attention to detail.
..."
Intern,2025-08-14,https://jobright.ai/jobs/info/689e320a79a9f96662547cd0?utm_source=1099&utm_campaign=Software Engineer,Hybrid,Remote job,KATBOTZ®,2025,,,11-50,,"1. Currently pursuing or recently completed a degree in Marketing, Engineering, Business, or a related field.
2. Strong analytical and problem-solving skills.
3. Excellent communication and interpersonal abilities.
..."
OCI Advanced Degree Software Engineer - Full-time Intern Conversion,2025-08-14,https://jobright.ai/jobs/info/689df4aa79a9f96662545c71?utm_source=1099&utm_campaign=Software Engineer,Remote,United States,NetSuite,2026-June,2026-June / 2026-July,"Cloud Computing,Computer",10000+,,"1. Applicants are required to read, write, and speak the following languages: English
2. Intended for students graduating with their Master’s degree by, or have graduated within, 12 months of cohort start date in June/July 2026.
3. 0 to 2+ years of experience
..."
OCI Undergrad Software Engineer - Full-time Intern Conversion,2025-08-14,https://jobright.ai/jobs/info/689df287faa4e875e82758fa?utm_source=1099&utm_campaign=Software Engineer,Remote,United States,NetSuite,,,"Cloud Computing,Computer",10000+,,"1. 0 to 2+ years of experience in software development
2. Basic to intermediate knowledge of software architecture
3. Ability to design, develop, troubleshoot and debug software programs for databases, applications, tools, networks etc.
..."
Software Intern,2025-08-14,https://jobright.ai/jobs/info/6881a287f4f06100f3a28737?utm_source=1099&utm_campaign=Software Engineer,On Site,"Burlington, MA",Cadence,,,"Aerospace,Electronic Design Automation (EDA)",10000+,,"1. Industry experience developing and maintaining C++ based applications on a Unix or Linux environment
2. Experience with quality and software processes
3. Proficiency designing data structures, algorithms, and software engineering principles"
Application Engineer: Co-Op,2025-08-14,https://jobright.ai/jobs/info/68a7202733dd7158bbca49a1?utm_source=1099&utm_campaign=Software Engineer,On Site,"Atlanta, GA",Waystar,,,"Finance,Health Care",1001-5000,,"1. Current college student attending a school that provides academic credit for participating in the alternating 3-term co-op program
2. 0-3 years’ experience
3. Basic understanding of programming concepts
..."
OCI Advanced Degree Software Engineer - Full-time Intern Conversion,2025-08-14,https://jobright.ai/jobs/info/689de17ffaa4e875e8275120?utm_source=1099&utm_campaign=Software Engineer,Remote,United States,Oracle,2026-June,2026-June,"Data Governance,Data Management",10000+,$74K-$158K /yr,"1. Have graduated with a Master’s degree or PhD in Computer Science or an equivalent science/engineering field by June 2026.
2. Are proficient (i.e., able to complete coding projects with no assistance) in one or more of these programming languages: Java, Python, C, C#, C++, JavaScript, CSS, HTML, SQL, Scala
3. Have completed coursework, projects, internships, and or research in 3 or more of the following: Algorithms and Data Structures, Artificial Intelligence, Big Data, Database, Machine Learning, Object-Oriented Programming, Operating Systems, Software Programming, Web Development, Micro-Services Architecture, Container Architectures (e.g., Docker, Kubernetes), User Interface Design
..."
OCI Undergrad Software Engineer - Full-time Intern Conversion,2025-08-14,https://jobright.ai/jobs/info/689de0b879a9f966625453a1?utm_source=1099&utm_campaign=Software Engineer,Remote,United States,Oracle,2026-June,2026-June,"Data Governance,Data Management",10000+,$57K-$141K /yr,"1. Graduate with a Bachelor’s degree in Computer Science or an equivalent science/engineering field by June 2026.
2. Are proficient (i.e., able to complete coding projects with no assistance) in one or more of these programming languages: Java, Python, C, C#, C++, JavaScript, CSS, HTML, SQL, Scala
3. Have completed coursework, projects, internships, and or research in 3 or more of the following: Algorithms and Data Structures, Artificial Intelligence, Big Data, Database, Machine Learning, Object-Oriented Programming, Operating Systems, Software Programming, Web Development, Micro-Services Architecture, Container Architectures (e.g., Docker, Kubernetes), User Interface Design
..."
"Software Engineer: Fullstack Intern Opportunities for University Students, Redmond",2025-08-14,https://jobright.ai/jobs/info/689efc2879a9f96662554305?utm_source=1099&utm_campaign=Software Engineer,On Site,"Redmond, WA",Microsoft,,,"Artificial Intelligence (AI),Data Management",10000+,$11K-$12K /yr,"1. Enrolled in a full time bachelor's or master’s program in Computer Science, Engineering, or related field during the academic term immediately before the internship.
2. Must have at least 1 semester/term remaining following the completion of the internship.
3. One year of programming experience in an object-oriented language."
"Software Engineer: Frontend Intern Opportunities for University Students, Redmond",2025-08-14,https://jobright.ai/jobs/info/689efd9783d13d1f5b6c401c?utm_source=1099&utm_campaign=Software Engineer,On Site,"Redmond, WA",Microsoft,,,"Artificial Intelligence (AI),Data Management",10000+,$11K-$12K /yr,"1. Enrolled in a full time bachelor's or master’s program in Computer Science, Engineering, or related field during the academic term immediately before the internship.
2. Must have at least 1 semester/term remaining following the completion of the internship.
3. One year of programming experience in an object-oriented language."
"Software Engineer: Fullstack Intern Opportunities for University Students, Atlanta",2025-08-14,https://jobright.ai/jobs/info/689efd3283d13d1f5b6c3ec3?utm_source=1099&utm_campaign=Software Engineer,On Site,"Atlanta, GA",Microsoft,,,"Artificial Intelligence (AI),Data Management",10000+,$11K-$12K /yr,"1. Enrolled in a full time bachelor's or master’s program in Computer Science, Engineering, or related field during the academic term immediately before the internship.
2. Must have at least 1 semester/term remaining following the completion of the internship.
3. One year of programming experience in an object-oriented language."
"Software Engineer: Systems Intern Opportunities for University Students, Redmond",2025-08-14,https://jobright.ai/jobs/info/689e7d4483d13d1f5b6bcefb?utm_source=1099&utm_campaign=Software Engineer,Hybrid,"Redmond, WA",Microsoft,,,"Artificial Intelligence (AI),Data Management",10000+,$11K-$12K /yr,"1. Enrolled in a full time bachelor's or master’s program in Computer Science, Engineering, or related field during the academic term immediately before the internship.
2. Must have at least 1 semester/term remaining following the completion of the internship.
3. One year of programming experience in an object-oriented language."
2026 Sr Returning Intern (IBM Research),2025-08-14,https://jobright.ai/jobs/info/688134a8f4f06100f3a251c3?utm_source=1099&utm_campaign=Software Engineer,Hybrid,"Multi Location
San Jose, CA
Albany, NY
Yorktown Heights, NY",IBM,2026-January,,"Business Development,Business Information Systems",10000+,,1. Successful completion of a 2025 IBM Research Co-op or Internship
Intern (Enterprise Architecture Analyst Intern),2025-08-14,https://jobright.ai/jobs/info/68a6e78433dd7158bbca38ed?utm_source=1099&utm_campaign=Software Engineer,On Site,"Amherst, OH",Nordson Corporation,,,"Industrial,Manufacturing",5001-10000,,"1. Pursuing a degree in computer science, data science, business management or information systems management at an accredited school.
2. Classwork or practical experience around Software design, development & testing.
3. Ability to understand end-to-end business process and of the existing technology landscape.
..."
Software Engineer (Co-op Summer 2025),2025-08-13,https://jobright.ai/jobs/info/689d777979a9f96662540a6e?utm_source=1099&utm_campaign=Software Engineer,Remote,"Multi Location
Buffalo-Niagara Area
New York Metropolitan",RepRally,2025-Summer,,"Marketplace,Software",1-10,,"1. Interest in both front-end and back-end development.
2. Familiarity with JavaScript/TypeScript, React, and at least one back-end framework.
3. Strong problem-solving skills and attention to detail.
..."
2026 Campus Recruiting Autonomous Driving Center Internship Position,2025-08-13,https://jobright.ai/jobs/info/689d6ffc79a9f96662540563?utm_source=1099&utm_campaign=Software Engineer,On Site,"San Diego, CA",XPENG Deutschland,2026,,,11-50,,"1. End-to-End Autonomous Driving AI experience
2. Knowledge of large foundation model training
3. Experience with simulation-driven physical AI
..."
"Internship, Content Integration Engineer, Vehicle Firmware (Winter/Spring 2026)",2025-08-13,https://jobright.ai/jobs/info/689fffb7faa4e875e828c851?utm_source=1099&utm_campaign=Software Engineer,On Site,"Palo Alto, CA",Tesla,2026-January,2026 / 2027,"Automotive,Electric Vehicle",10000+,$30.05-$42.07 /hr,"1. Currently pursuing a degree in Computer Science or a related field, with an expected graduation date between 2026–2027
2. Proficient in JavaScript, HTML, and CSS. Familiarity with modern web frameworks such as Vue.js, React, or Angular
3. Backend development experience with Node.js or Python/Ruby/Bash for content processing
..."
Software Engineering Intern  – Summer 2026,2025-08-13,https://jobright.ai/jobs/info/689d4a69faa4e875e826e87a?utm_source=1099&utm_campaign=Software Engineer,On Site,"Los Angeles, CA",K2 Space Corporation,2026-Summer,,"Aerospace,Machinery Manufacturing",51-100,$30-$40 /hr,"1. Must be currently enrolled in a Bachelor’s or Master’s degree in computer science, computer engineering, electrical engineering, or other relevant engineering discipline
2. 6+ months of experience using technical engineering skills outside of the university classroom setting (eg: laboratory, research, extracurricular project teams, volunteering, personal projects or prior internship/work experience)
3. Development experience in Rust, C/C++, or Go
..."
"Internship, High Voltage Systems Embedded Software Engineer, Vehicle Firmware (Winter/Spring 2026)",2025-08-13,https://jobright.ai/jobs/info/689d3cea83d13d1f5b6ae5b7?utm_source=1099&utm_campaign=Software Engineer,On Site,"Palo Alto, CA",Tesla,2026-January,2026-May / 2027-May,"Automotive,Electric Vehicle",10000+,$36.06-$56.13 /hr,"1. Currently working towards a degree in Electrical Engineering, Computer Engineering, Software Engineering, Mechatronics, or a related field of study with a graduation date between May 2026 – May 2027
2. Proficiency in C and/or C++ as well as python
3. Strong software fundamentals
..."
"Internship, UI Developer, Vehicle Firmware (Winter/Spring 2026)",2025-08-13,https://jobright.ai/jobs/info/689d3ccafaa4e875e826e4e5?utm_source=1099&utm_campaign=Software Engineer,On Site,"Palo Alto, CA",Tesla,2026-January,2026-May / 2027-May,"Automotive,Electric Vehicle",10000+,$36.06-$56.13 /hr,"1. Degree in Computer Engineering, Computer Science, Electrical Engineering, or a related field of study with a graduation date between May 2026 – May 2027
2. Strong C++ or C programming skills
3. Excellent grasp of fundamental computer science concepts and embedded development
..."
"Internship, Software Validation Engineer, Vehicle Firmware (Winter/Spring 2026)",2025-08-13,https://jobright.ai/jobs/info/689d3c6d83d13d1f5b6ae4a0?utm_source=1099&utm_campaign=Software Engineer,On Site,"Palo Alto, CA",Tesla,2026-January,2026-April / 2027-May,"Automotive,Electric Vehicle",10000+,$36.06-$56.13 /hr,"1. Currently pursuing a degree in Computer Science, Mechatronics, Computer Engineering, Electrical Engineering, or a related field of study with a graduation date between April 2026 – May 2027
2. Understanding of physics fundamentals and first principles concepts
3. Hands-on technical experience debugging complex systems involving networked microprocessors and software-controlled electrical or electromechanical devices
..."
"Internship, Software QA Engineer, Vehicle Software (Winter/Spring 2026)",2025-08-13,https://jobright.ai/jobs/info/689d3c5e83d13d1f5b6ae473?utm_source=1099&utm_campaign=Software Engineer,On Site,"Palo Alto, CA",Tesla,2026-January,2026 / 2027,"Automotive,Electric Vehicle",10000+,$40-$56 /hr,"1. Currently pursuing a Degree in Computer Science or a related field with a graduation date between 2026 - 2027
2. Experience in software testing, automation scripting (Python, C++, or similar), and test framework design
3. Familiarity with Agile methodologies and continuous integration/continuous deployment (CI/CD)
..."
Software Engineering Intern,2025-08-13,https://jobright.ai/jobs/info/689d394b79a9f9666253e6d2?utm_source=1099&utm_campaign=Software Engineer,Remote,United States,Roadz,,,"Artificial Intelligence (AI),Data Integration",11-50,,"1. You're rocking (or about to rock) a BS in Computer Science or something equally awesome
2. You've got 0-5 years of coding under your belt (school projects, hackathons, side hustles - it all counts!)
3. Python and JavaScript are your jam
..."
"Software Engineer: Fullstack Intern Opportunities for University Students, Redmond",2025-08-13,https://jobright.ai/jobs/info/689d35a079a9f9666253e2ea?utm_source=1099&utm_campaign=Software Engineer,Hybrid,"Redmond, Washington, United States",Microsoft,2025,,"Artificial Intelligence (AI),Data Management",10000+,$5610-$11010 /mon,"1. Enrolled in a full time bachelor's or master’s program in Computer Science, Engineering, or related field during the academic term immediately before the internship.
2. Must have at least 1 semester/term remaining following the completion of the internship.
3. One year of programming experience in an object-oriented language."
"Software Engineer: Frontend Intern Opportunities for University Students, Redmond",2025-08-13,https://jobright.ai/jobs/info/689d359efaa4e875e826df5a?utm_source=1099&utm_campaign=Software Engineer,Hybrid,"Redmond, Washington, United States",Microsoft,2025,,"Artificial Intelligence (AI),Data Management",10000+,$5610-$11010 /mon,"1. Enrolled in a full time bachelor's or master’s program in Computer Science, Engineering, or related field during the academic term immediately before the internship.
2. Must have at least 1 semester/term remaining following the completion of the internship.
3. One year of programming experience in an object-oriented language."
"Software Engineer: Fullstack Intern Opportunities for University Students, Atlanta",2025-08-13,https://jobright.ai/jobs/info/689d359983d13d1f5b6adf53?utm_source=1099&utm_campaign=Software Engineer,Hybrid,"Atlanta, Georgia, United States",Microsoft,,,"Artificial Intelligence (AI),Data Management",10000+,$5610-$11010 /mon,"1. Enrolled in a full time bachelor's or master’s program in Computer Science, Engineering, or related field during the academic term immediately before the internship.
2. Must have at least 1 semester/term remaining following the completion of the internship.
3. One year of programming experience in an object-oriented language."
"Software Engineer: Systems Intern Opportunities for University Students, Redmond",2025-08-13,https://jobright.ai/jobs/info/689d3558faa4e875e826de51?utm_source=1099&utm_campaign=Software Engineer,Hybrid,"Redmond, Washington, United States",Microsoft,2025,,"Artificial Intelligence (AI),Data Management",10000+,$5610-$11010 /mon,"1. Enrolled in a full time bachelor's or master’s program in Computer Science, Engineering, or related field during the academic term immediately before the internship.
2. Must have at least 1 semester/term remaining following the completion of the internship.
3. One year of programming experience in an object-oriented language."
API Developer Intern (Remote Opportunity),2025-08-13,https://jobright.ai/jobs/info/689d2ff679a9f9666253e02b?utm_source=1099&utm_campaign=Software Engineer,Remote,"Multi Location
Atlanta, GA
Austin, TX
Miami, FL",VetsEZ,,,"Database,Information Services",101-250,,"1. Currently pursuing or recently completed a Bachelor's degree in Computer Science, Information Technology, or related field.
2. Basic experience with object-oriented programming (e.g., Java, Python) and either RESTful APIs or SQL (all three preferred).
3. Familiarity with Agile development methodologies.
..."
Embedded Software Engineering Intern - Winter,2025-08-13,https://jobright.ai/jobs/info/689e6af2faa4e875e827c419?utm_source=1099&utm_campaign=Software Engineer,On Site,San Francisco Office,Atomic Semi,2024-January,,"Industrial,Manufacturing",1-10,$110K-$132K /yr,"1. Pursuing a Bachelor’s Degree or higher in Electrical and Computer Engineering, Computer Science, or similar field
2. Proficiency in Python/C/C++
3. Low level systems programming experience and good understanding of embedded systems and OS concepts (Linux/RTOS)
..."
Internship- Software Engineering (Spring 2026),2025-08-13,https://jobright.ai/jobs/info/689d1ef4faa4e875e826d327?utm_source=1099&utm_campaign=Software Engineer,On Site,"El Segundo, CA",Space Kinetic Corp.,2026-Spring,,"Aerospace,Logistics",1-10,$20-$30 /hr,"1. Currently enrolled in a Computer Science, Software Engineering, or related program at an accredited college or university
2. Passion for solving real-world engineering programs in software
3. Strong programming fundamentals in OOP Languages such as C++, C#, or Java
..."
Internship- Software Engineering (Fall 2025),2025-08-13,https://jobright.ai/jobs/info/689d162683d13d1f5b6ad098?utm_source=1099&utm_campaign=Software Engineer,On Site,"El Segundo, CA",Space Kinetic Corp.,2025-Fall,2025-Fall,"Aerospace,Logistics",1-10,$20-$30 /hr,"1. Currently enrolled in a Computer Science, Software Engineering, or related program at an accredited college or university
2. Passion for solving real-world engineering programs in software
3. Strong programming fundamentals in OOP Languages such as C++, C#, or Java
..."
2026 Campus Recruiting Autonomous Driving Center Internship Position,2025-08-13,https://jobright.ai/jobs/info/689d14a579a9f9666253d3e4?utm_source=1099&utm_campaign=Software Engineer,On Site,"Santa Clara/San Diego, CA",XPENG,2026,,"Automotive,Autonomous Vehicles",1001-5000,,"1. Experience or coursework in Machine Learning (VLMs, LLMs, Foundation Models, etc.)
2. Knowledge of AI Modeling
3. Familiarity with AI Infrastructure
..."
Tech Internship 2026 (General Referral),2025-08-13,https://jobright.ai/jobs/info/689d10a6faa4e875e826ccca?utm_source=1099&utm_campaign=Software Engineer,Hybrid,"Tempe, Remote - US",GoDaddy,2026-Summer,,"Domain Registrar,Online Portals",5001-10000,,"1. Completing a BS/MS in a computer science, information system, UX or related field.
2. Experience in one programming language such as Java, Python, HTML, JavaScript, C#, Go Lang etc.
3. Strong foundation in data structures, algorithms, software designs, micro services, and cloud computing.
..."
"Co-op – Software Engineer – Cambridge, MA – January - August 2026",2025-08-13,https://jobright.ai/jobs/info/689d5ad683d13d1f5b6af012?utm_source=1099&utm_campaign=Software Engineer,On Site,"Cambridge, MA",Philips,2026-January,,"B2B,Consumer Electronics",10000+,$25-$45 /hr,"1. Pursuing a MS in Computer Science, Computer Information Systems, Computer Engineering, or related degrees.
2. Strong understanding of object-oriented software development concepts and methodologies.
3. Understanding of Design and implementation of scalable, secure cloud architecture based on Amazon Web Services, leveraging AWS Data pipeline to process and move data using AWS services like EC2, S3, Hive, Elastic MapReduce, DynamoDB and PostgreSQL.
..."
Facilities and Innovation Intern,2025-08-13,https://jobright.ai/jobs/info/689cfb6383d13d1f5b6ac6d1?utm_source=1099&utm_campaign=Software Engineer,On Site,"Miami, FL",Friends of The Underline,,,,1-10,,"1. Excellent communication skills.
2. Ability to work and/or assist the public.
3. Ability to comply with both The Underline and county policies and procedures.
..."
WaveServer Software Developer - Fall 2025 - 4 months,2025-08-13,https://jobright.ai/jobs/info/689ce95083d13d1f5b6abe95?utm_source=1099&utm_campaign=Software Engineer,Hybrid,"Atlanta, GA",Ciena,2025-Fall,2025,"Collaboration,Delivery",5001-10000,$27-$37 /hr,"1. Working towards a degree in Electrical/Computer Engineering, Computer Science or a related field coupled with a proven track record in software development.
2. Demonstrated ability to develop with one or more of the following programming languages - C, C++.
3. Experience working with Linux-based developer tools and debugging environment such as GNU, GCC, GDB etc."
WordPress Designer/Developer & Intern Program Lead,2025-08-13,https://jobright.ai/jobs/info/689db0edfaa4e875e8273882?utm_source=1099&utm_campaign=Software Engineer,On Site,"Grand Rapids, MI",Tech Collaborative,,,,1-10,,"1. Real WordPress experience — you've built and customized full sites
2. Solid design sense — you understand layout, color, usability, and accessibility
3. Comfort with tools like Elementor, Divi, Figma, Adobe XD, or similar
..."
WaveServer Software Developer - Fall 2025 - 4 months,2025-08-13,https://jobright.ai/jobs/info/689cae5383d13d1f5b6a9c46?utm_source=1099&utm_campaign=Software Engineer,Hybrid,Atlanta,Ciena,2025-Fall,2025,"Collaboration,Delivery",5001-10000,$27-$37.50 /hr,"1. Working towards a degree in Electrical/Computer Engineering, Computer Science or a related field coupled with a proven track record in software development.
2. Demonstrated ability to develop with one or more of the following programming languages - C, C++.
3. Experience working with Linux-based developer tools and debugging environment such as GNU, GCC, GDB etc."
Spring 2026 Co-Op - Release Management (Bachelor's),2025-08-13,https://jobright.ai/jobs/info/686777f00e96fc554c1e677b?utm_source=1099&utm_campaign=Software Engineer,On Site,"Canonsburg, PA",Ansys,2025-January,2025-January / 2025-April,"Enterprise Software,Information Services",1001-5000,,"1. Pursuing a bachelor's degree in mechanical engineering or related technical degree with a GPA of 3.0 or higher.
2. Currently enrolled in a full-time degree program and returning to university after the completion of the internship program."
Software Engineer Intern (Summer 2026 - Chicago),2025-08-13,https://jobright.ai/jobs/info/6892dda3f5ee707a15dc95b2?utm_source=1099&utm_campaign=Software Engineer,On Site,"Chicago, IL",Optiver,2026-Summer,2026-December / 2027-June,"Financial Services,FinTech",501-1000,$60K-$70K /yr,"1. A student pursuing a bachelor’s, master’s, or PhD in Computer Science or Computer Engineering
2. On track to graduate between December 2026 to June 2027, with junior standing or higher
3. Passionate for writing clean code, well-architected systems, and continuous improvement
..."
Computation Intern,2025-08-13,https://jobright.ai/jobs/info/6880f2a329ad6b2744add63f?utm_source=1099&utm_campaign=Software Engineer,On Site,"Multi Location
Round Rock, TX
Austin, TX
United States-Texas-Austin",HDR,2025,,"Architecture,Consulting",5001-10000,,"1. Currently enrolled in an undergraduate or graduate Engineering program
2. Attention to detail
3. Possess strong problem-solving and communication skills
..."
Research Intern - Processing using DRAM (Fall 2025),2025-08-12,https://jobright.ai/jobs/info/689c30ed79a9f966625377e0?utm_source=1099&utm_campaign=Software Engineer,On Site,"San Jose, CA",SK hynix America,2025-Fall,,,,$25-$47 /hr,"1. Master's degree in Electrical Engineering, Computer Engineering, or a related field.
2. Strong understanding of memory architectures (e.g., DRAM, HBM) and their role in modern computing.
3. Knowledge of hardware/software co-design principles and memory hierarchy optimizations.
..."
Research Intern - Memory Centric AI Machine (Fall 2025),2025-08-12,https://jobright.ai/jobs/info/689c2fec83d13d1f5b6a7412?utm_source=1099&utm_campaign=Software Engineer,On Site,"San Jose, CA",SK hynix America,2025-Fall,,,,$25-$47 /hr,"1. Accepted or currently enrolled in a PhD program in Computer Science or a related STEM field
2. Ph.D. in a relevant field with research experience in AI systems (LLM, GNN)
3. Hands-on experience with ML/DL frameworks like TensorFlow/Keras or PyTorch
..."
Embedded Controls Software Intern,2025-08-12,https://jobright.ai/jobs/info/68a0236cfaa4e875e828e748?utm_source=1099&utm_campaign=Software Engineer,On Site,"Warrendale, PA",Komatsu,2025,,"Construction,Industrial",10000+,$15086-$31088 /yr,"1. Currently pursuing Bachelor of Science Degree in Computer Science, Electrical Engineering, Computer Engineering, Software Engineering
2. Currently pursuing Master of Science degree in Control Systems Development, Electrical Engineering, Computer Engineering
3. Proven strengths in embedded and networked systems and software development
..."
"Internship, C++ Software Engineer, Systems, AI (Winter/Spring 2026)",2025-08-12,https://jobright.ai/jobs/info/68a56e0133dd7158bbc9a541?utm_source=1099&utm_campaign=Software Engineer,On Site,"Palo Alto, CA",Tesla,2026-January,2026 / 2027,"Automotive,Electric Vehicle",10000+,"$100,000-$150,000 /yr","1. Experience programming C/C++ software, including modern C/C++ (C++14/17/20)
2. Currently pursuing a degree in Computer Science, Physics, Computer Engineering, Electrical Engineering or related fields with a graduation date between 2026-2027"
Application Developer Intern,2025-08-12,https://jobright.ai/jobs/info/68a01618cc9ee94dc911c192?utm_source=1099&utm_campaign=Software Engineer,Hybrid,"Lawrence, MA",AgeSpan,,,"Elder Care,Health Care",251-500,,"1. Currently pursuing a degree in Computer Science, Software Engineering, or a related field.
2. Basic knowledge of programming languages such as Java, Python, JavaScript or power platform.
3. Familiarity with web application development.
..."
"Internship, Fullstack Software Engineer, Fleetnet (Winter/Spring 2026)",2025-08-12,https://jobright.ai/jobs/info/68a408b0541cc34798409cea?utm_source=1099&utm_campaign=Software Engineer,On Site,"Palo Alto, CA",Tesla,2026-January,2026 / 2027,"Automotive,Electric Vehicle",10000+,$40-$56 /hr,"1. Currently pursuing a degree in Computer Science or a related field with a gradation date between 2026 - 2027
2. Experience in web development building highly reliable, mission-critical software
3. Proficiency in frontend and backend development, with frequent production releases
..."
Software Engineer Intern,2025-08-12,https://jobright.ai/jobs/info/689c0e79faa4e875e826594a?utm_source=1099&utm_campaign=Software Engineer,On Site,NYC Metro Area,TransPerfect,,,"Language Learning,Service Industry",5001-10000,$25-$30 /hr,"1. Bachelor's degree in Computer Science, or related field
2. Ability to turn design into reusable components
3. Team coordination skills
..."
2025-2026 Campus Internship – Information Systems/Information Technology,2025-08-12,https://jobright.ai/jobs/info/687f27db2097a271a899b3db?utm_source=1099&utm_campaign=Software Engineer,On Site,"Multi Location
Midland, MI
Houston, TX
Midland (MI, USA)
Houston (TX, USA)",Dow,2026-Summer,2025 / 2026,"Agriculture,Chemical",10000+,,"1. Must be within one or two years of graduation and currently enrolled in a university working towards a Bachelor's or Master's in Computer Science, Computer Engineering, Cybersecurity, Information Systems, or a closely related discipline.
2. A minimum requirement for this U.S. based position is the ability to work legally in the United States. No visa sponsorship/support is available for this position, including for any type of U.S. permanent residency (green card) process.
3. Candidates must have a strong interest in the application of information technology to meet rapidly changing business needs and the ability to work with diverse, global teams in an empowered environment.
..."
"Firmware Engineering Intern, Fall 2025",2025-08-12,https://jobright.ai/jobs/info/689be90683d13d1f5b6a474e?utm_source=1099&utm_campaign=Software Engineer,On Site,"Multi Location
San Bruno, CA
San Bruno, California",Mill,2025-Fall,2025,"Animal Feed,CleanTech",101-250,$35-$45 /hr,"1. Currently pursuing a bachelor's degree or higher in Computer Science, Electrical Engineering, or a related field, or able to demonstrate equivalent experience.
2. Solid understanding of embedded systems programming and firmware testing methodologies.
3. Proficiency in C programming for embedded systems, particularly focusing on writing and maintaining unit tests.
..."
US 2026 Software - Embedded Intern,2025-08-12,https://jobright.ai/jobs/info/689be89c83d13d1f5b6a46c3?utm_source=1099&utm_campaign=Software Engineer,On Site,"San Jose, CA",TetraMem - Accelerate The World,2026,,,11-50,$35-$45 /hr,"1. Currently pursuing a degree in Computer Science, Electrical Engineering, or related field
2. Familiar with C/C++, Rust and Python for embedded systems
3. Familiar with AI and Machine learning concepts and models
..."
IT Intern,2025-08-12,https://jobright.ai/jobs/info/689be13e83d13d1f5b6a41ec?utm_source=1099&utm_campaign=Software Engineer,On Site,"Multi Location
Laramie, WY
Laramie, WY US (Primary)",Trihydro Corporation,,,"Consulting,Environmental Consulting",251-500,,"1. Currently enrolled junior, senior, and graduate students are encouraged to apply.
2. Strong problem-solving and communication skills.
3. Eager to learn and apply workflow automation tools within Microsoft 365."
Software Engineer Intern,2025-08-12,https://jobright.ai/jobs/info/689bdcb483d13d1f5b6a3fca?utm_source=1099&utm_campaign=Software Engineer,Hybrid,"Minneapolis, MN",The Minnesota Star Tribune,,,"Journalism,Mobile",1001-5000,,"1. Some experience with coding, either through coursework, personal projects, or previous internships
2. Interest in web development and modern frameworks like React, NextJS, NestJS or similar
3. Familiarity with JavaScript, Typescript, or similar languages
..."
Software Engineer Intern,2025-08-12,https://jobright.ai/jobs/info/689c0ae279a9f9666253575d?utm_source=1099&utm_campaign=Software Engineer,On Site,"Mountain View, CA",Commure,,2026,"Health Care,Innovation Management",251-500,$33-$40 /yr,"1. Currently pursuing a Bachelor’s or Master’s degree in Computer Science, Engineering, or a related field.
2. Graduating from University before June 2026.
3. Proficiency in Python.
..."
"Internship, Android Engineer, Mobile Software (Winter/Spring 2026)",2025-08-12,https://jobright.ai/jobs/info/689bbbb4faa4e875e826319a?utm_source=1099&utm_campaign=Software Engineer,On Site,"Palo Alto, CA",Tesla,2026-January,2026 / 2027,"Automotive,Electric Vehicle",10000+,$40-$56 /hr,"1. Currently pursuing a Degree in Computer Science or a related field with a gradation date between 2026 - 2027
2. Familiar with Swift, Kotlin, or Typescript. Android, and/or iOS
3. Excellent grasp of fundamental computer science concepts, good at solving complex technical problems
..."
"Internship, Video Game C++ Engineer, Infotainment (Winter/Spring 2026)",2025-08-12,https://jobright.ai/jobs/info/689bba6e79a9f966625334b1?utm_source=1099&utm_campaign=Software Engineer,On Site,"Palo Alto, CA",Tesla,2026-January,2026 / 2027,"Automotive,Electric Vehicle",10000+,$40-$56 /hr,"1. Currently pursuing a degree in Computer Science or a related field with a gradation date between 2026 - 2027
2. Able to relocate and work on site in Palo Alto, CA
3. Strong proficiency in C++
..."
"Internship, Software Engineer, Maps & Self-Driving Navigation (Winter/Spring 2026)",2025-08-12,https://jobright.ai/jobs/info/689bb90d79a9f96662533249?utm_source=1099&utm_campaign=Software Engineer,On Site,"Palo Alto, CA",Tesla,2026-January,2026 / 2027,"Automotive,Electric Vehicle",10000+,$40-$56 /hr,"1. Currently pursuing a degree in Computer Science or a related field with a gradation date between 2026 - 2027
2. Proficient in one of C++, Python, Go, Scala
3. Experience writing and shipping customer-facing code
..."
"Intern, Operational Innovation & Digital Solutions",2025-08-12,https://jobright.ai/jobs/info/689bb4b883d13d1f5b6a2cc3?utm_source=1099&utm_campaign=Software Engineer,On Site,"Multi Location
Chicago, IL
Chicago, Illinois, United States",Altera Digital Health,Summer,,,1001-5000,,"1. Currently enrolled in a bachelor's or master's degree program in Computer Science, Management Information Systems, Data Science, Software Engineering, Health Informatics, or a related discipline.
2. Passion for healthcare and interest in advancing healthcare technology through innovative digital solutions.
3. Strong proficiency or hands-on experience with modern digital tools, specifically in: Workflow automation platforms (e.g., Microsoft Power Automate or similar industry-leading tools).
..."
Software Engineering Co-op,2025-08-12,https://jobright.ai/jobs/info/689bb3e879a9f96662532f78?utm_source=1099&utm_campaign=Software Engineer,On Site,"Rochester, NY",Ocean Optics,,,"Manufacturing,Optical Communication",251-500,$15-$18 /hr,"1. Currently enrolled in a Bachelor’s or Master’s program in Computer Science, Electrical Engineering, Computer Engineering, or a related field.
2. Exposure to engineering principles through coursework or academic projects in fields like optics, electronics, or systems integration.
3. Eagerness for collaboration, learning, and contributing innovative ideas.
..."
Agency 81 Web Development,2025-08-12,https://jobright.ai/jobs/info/689bb37683d13d1f5b6a2a6c?utm_source=1099&utm_campaign=Software Engineer,On Site,"Stevens Point, WI",Universities of Wisconsin,,2025 / 2026-Summer,,10000+,$15-$15 /hr,"1. Strong visual designer
2. Familiarity with UX principles
3. Taken/currently in CNMT 210
..."
Test Engineering/SW Co-Op (Winter/Spring 2026),2025-08-12,https://jobright.ai/jobs/info/689bb26579a9f96662532d0e?utm_source=1099&utm_campaign=Software Engineer,On Site,"Irvine, CA","Skyworks Solutions, Inc.",2026-Winter,,"Automotive,Manufacturing",1001-5000,$22-$47 /hr,"1. Major: Electrical and Computer Engineering or Computer Science
2. Years of Study: 3-5 (Bachelor's level: junior/senior or first year Master's)
3. A solid background in basic electrical engineering principals
..."
IT Intern,2025-08-12,https://jobright.ai/jobs/info/689ba4d879a9f96662532473?utm_source=1099&utm_campaign=Software Engineer,On Site,"Charleston, SC","Mercedes-Benz Vans, LLC (Charleston, SC)",2025-September,2024 / 2025,"Automotive,Manufacturing",501-1000,$20-$20 /hr,"1. This position requires a minimum of a high school diploma.
2. Working towards a 4 year degree or having graduated within the past 12 months in IT (Computer Science, Information Systems, Information Technology, or equivalent) is required to participate in the intern program.
3. Applicants should be eager, driven, focused, hard-working individuals that are ready to assist a growing company with heavy production demands.
..."
Intern - Software Engineer,2025-08-12,https://jobright.ai/jobs/info/689b9d1283d13d1f5b6a1bca?utm_source=1099&utm_campaign=Software Engineer,On Site,"Multi Location
American Fork, UT
American Fork, Utah",Domo,,,"Analytics,Business Intelligence",501-1000,,"1. Software development experience (internship experience ok) and coursework in server development Java, Kotlin or similar languages
2. Software development experience (internship experience ok) and coursework in development areas such as algorithms, databases, and distributed systems
3. Demonstrated aptitude for learning new technologies
..."
2026 Technology Summer Internship - Early Careers (Software Engineer),2025-08-12,https://jobright.ai/jobs/info/687eabeddb19f31cf0d6c25a?utm_source=1099&utm_campaign=Software Engineer,Hybrid,"Multi Location
Iselin, NJ
Irving, TX
Phoenix, AZ
Chandler, AZ
Charlotte, NC
St Louis, MO
ISELIN, NJ
CHARLOTTE, NC",Wells Fargo,2026-June,2026-December / 2027-June,"Banking,Financial Services",10000+,$18-$65 /hr,"1. 6+ months of work experience, or equivalent demonstrated through one or a combination of the following: work experience, training, military experience, education"
Intern (Enterprise Architecture Analyst Intern),2025-08-12,https://jobright.ai/jobs/info/689b6326faa4e875e825fe53?utm_source=1099&utm_campaign=Software Engineer,On Site,USA - Ohio - Amherst,Nordson Industrial Coating Systems,,,,101-250,,"1. Pursuing a degree in computer science, data science, business management or information systems management at an accredited school.
2. Classwork or practical experience around Software design, development & testing.
3. Ability to understand end-to-end business process and of the existing technology landscape.
..."
Embedded Software Engineer Intern - Fall 2025 (Avionics),2025-08-12,https://jobright.ai/jobs/info/688c54e8906ac06e1d1d31e2?utm_source=1099&utm_campaign=Software Engineer,On Site,"Torrance, CA",Castelion,2025-Fall,2025,"Aerospace,Government",51-100,$30-$30 /hr,"1. Currently pursuing a BS or MS in Computer Engineering, Electrical Engineering, Computer Science, or a related technical field
2. Rising junior, senior, or graduate student at the time of the internship
3. Strong C/C++ programming skills for embedded systems
..."
Application Developer Co Op (Jan-Aug 2026),2025-08-12,https://jobright.ai/jobs/info/689a92eefaa4e875e8259d0f?utm_source=1099&utm_campaign=Software Engineer,On Site,"West Fargo, ND",Bobcat Company,2026-January,2026,"Machinery Manufacturing,Manufacturing",1001-5000,,"1. Jr. or Sr. standing seeking a Bachelor’s Degree in MIS or Computer Science
2. Be able to commit to Doosan Information and Communications America for the entire term of the co-op(8 months)
3. Able to understand business requirement documents and develop systems that meet the business needs
..."
Duales Studium Informatik - Informationstechnik (m/w/d) 2026,2025-08-12,https://jobright.ai/jobs/info/688dc6b16a4aac5783cd7583?utm_source=1099&utm_campaign=Software Engineer,On Site,"Location, WV",ABB,2026-August,2026,"Automotive,Energy",10000+,"€1.267,00€-€1.443,00€ /mon","1. Die allgemeine oder fachgebundene Hochschulreife oder die Fachhochschulreife (mit Zusatzprüfung an der jeweiligen Hochschule/Berufsakademie)
2. Gute Abschlüsse in den mathematischen, informationstechnischen und betriebswirtschaftlichen Fächern sowie in Englisch und Deutsch wären hilfreich
3. Spaß an technischen Themen, kniffeligen Fragestellungen und neuen Softwareprogrammen
..."
Product Engineer Intern,2025-08-11,https://jobright.ai/jobs/info/68ab455edaf1431824c8eb47?utm_source=1099&utm_campaign=Software Engineer,On Site,"San Francisco, CA, US",Nowadays (YC S23),2025-Fall,2026-Spring,"Artificial Intelligence (AI),Event Management",1-10,,"1. You are a current student or new grad pursuing a degree in Computer Science or a related field with a graduation date of Spring 2026 or earlier.
2. You have excellent communication and interpersonal skills and are genuinely excited to talk directly with customers.
3. You have experience building projects with technologies like React, Next.js, Node.js, or Python.
..."
Software Engineer Intern,2025-08-11,https://jobright.ai/jobs/info/68ab9505d627244576e3fc3f?utm_source=1099&utm_campaign=Software Engineer,On Site,"San Francisco, CA, US",Nowadays (YC S23),Fall,2026-Spring,"Artificial Intelligence (AI),Event Management",1-10,,"1. You are a current student or new grad pursuing a degree in Computer Science or a related field with a graduation date of Spring 2026 or earlier.
2. You have experience building projects with technologies like React, Next.js, Node.js, or Python (class or personal projects are great!).
3. You have foundational knowledge of SQL databases.
..."
2026 Sr Returning Intern (IBM Research),2025-08-11,https://jobright.ai/jobs/info/68a4082a541cc34798409bce?utm_source=1099&utm_campaign=Software Engineer,On Site,"San Jose, CA",IBM Canada Software Lab - Toronto,2026-January,,,251-500,$96K-$176K /yr,"1. Bachelor's Degree
2. Successful completion of a 2025 IBM Research Co-op or Internship"
Software Development Co-op,2025-08-11,https://jobright.ai/jobs/info/689ac42bfaa4e875e825bfa8?utm_source=1099&utm_campaign=Software Engineer,On Site,"Wixom, MI",LightGuide,,,"Augmented Reality,Industrial Automation",51-100,,"1. Strong PC skills with some Audio-Visual Multimedia (AVMM) and Program Logic Controller (PLC) Experience a plus
2. Work independently or as a member of a distributed team
3. Support at customer sites and interact with customers at different levels
..."
Implementation Intern,2025-08-11,https://jobright.ai/jobs/info/68a3f8ab2d2a252445cd4562?utm_source=1099&utm_campaign=Software Engineer,On Site,"Centennial, CO","Fast Enterprises, LLC",Summer,,"Consulting,GovTech",1001-5000,$25-$25 /hr,"1. Current undergraduate student in Computer Science, Information Systems, Mathematics, or Engineering (students from all areas of study with technical training or experience will be considered).
2. Experience in a .NET or similar development environment.
3. Exposure to SQL in Microsoft SQL Server, Oracle, PostgreSQL, MySQL, or a similar database management system.
..."
Software Engineering Co-op,2025-08-11,https://jobright.ai/jobs/info/68a543a5758f2e4ac3fdd4c8?utm_source=1099&utm_campaign=Software Engineer,On Site,Rochester,Halma plc,,,"Developer Tools,Hardware",10000+,$15-$18 /hr,"1. Currently enrolled in a Bachelor’s or Master’s program in Computer Science, Electrical Engineering, Computer Engineering, or a related field.
2. Exposure to engineering principles through coursework or academic projects in fields like optics, electronics, or systems integration.
3. Eagerness for collaboration, learning, and contributing innovative ideas.
..."
Application Developer Co Op (Jan-Aug),2025-08-11,https://jobright.ai/jobs/info/689a96fa5574fd6bc0c83d9a?utm_source=1099&utm_campaign=Software Engineer,On Site,Fargo-Moorhead,Bobcat Company,2024-January,,"Machinery Manufacturing,Manufacturing",1001-5000,,"1. Jr. or Sr. standing seeking a Bachelor’s Degree in MIS or Computer Science
2. Be able to commit to Doosan Information and Communications America for the entire term of the co-op(8 months)
3. Able to understand business requirement documents and develop systems that meet the business needs
..."
"Research Intern, Computational Design",2025-08-11,https://jobright.ai/jobs/info/689a95e45574fd6bc0c83c63?utm_source=1099&utm_campaign=Software Engineer,On Site,"Menlo Park, CA",SRI,2025-Fall,2025 / 2026,"Advanced Materials,Artificial Intelligence (AI)",1001-5000,$40-$45 /hr,"1. Currently enrolled in a Master’s or Ph.D. degree program in Mechanical Engineering, Electrical Engineering, Physics, Applied Math, Material Science, Computer Science, or related discipline.
2. At least two years of academic research experience as an undergraduate or graduate student.
3. Strong mathematical and computational foundations, especially geometric and physical modeling.
..."
QA Intern,2025-08-11,https://jobright.ai/jobs/info/689a8f5283d13d1f5b699d2c?utm_source=1099&utm_campaign=Software Engineer,On Site,"Multi Location
Fort Collins, CO USLaramie, WY US (Primary)
Fort Collins, CO",Trihydro Corporation,,,"Consulting,Environmental Consulting",251-500,$17-$18 /hr,"1. Applicants must be in pursuit of a bachelor’s degree in an IT related field or must be on track to complete a reputable QA bootcamp.
2. Strong understanding and knowledge of computer software programs.
3. Strong attention to detail, accuracy and completeness, and a commitment to producing high-quality deliverables.
..."
Flight Software Engineer Intern - Fall 2025 (Avionics),2025-08-11,https://jobright.ai/jobs/info/688d832fe5cead4afd45619e?utm_source=1099&utm_campaign=Software Engineer,On Site,"Torrance, CA",Castelion,2025-Fall,2025,"Aerospace,Government",51-100,$30-$30 /hr,"1. Currently pursuing a BS or MS in Computer Engineering, Electrical Engineering, Computer Science, Aerospace Engineering, or a related technical field
2. Rising junior, senior, or graduate student at the time of the internship
3. Strong programming skills in C/C++ for embedded systems
..."
Markets Engineering Intern,2025-08-11,https://jobright.ai/jobs/info/689b69d183d13d1f5b6a01b6?utm_source=1099&utm_campaign=Software Engineer,On Site,Austin,Base Power Company,,,"Battery,Electrical Distribution",51-100,,"1. First-principles thinker with a strong problem-solving mindset.
2. Expertise in optimization techniques and sequential decision-making algorithms.
3. Proficiency in statistics, machine learning, and data-driven decision-making.
..."
GTG Intern - Software Engineer,2025-08-11,https://jobright.ai/jobs/info/689a82035574fd6bc0c831ca?utm_source=1099&utm_campaign=Software Engineer,Hybrid,"Chicago, IL",Grainger,Summer,2025-Winter / 2026-Spring,"Hospitality,Industrial",10000+,$30-$30 /hr,"1. Pursuing a degree in Computer Science, Computer Engineering, or equivalent practical experience
2. Experience in one or more general purpose programming language
3. Expected graduation with a Bachelor's degree between Winter 2025 – Spring 2026
..."
Software Engineer Intern,2025-08-11,https://jobright.ai/jobs/info/689a8136faa4e875e82592e3?utm_source=1099&utm_campaign=Software Engineer,On Site,"Multi Location
Seattle, WA
Atlanta, Georgia, United States",Anduril Industries,2026-Summer,,"Aerospace,Artificial Intelligence (AI)",1001-5000,$40-$50 /hr,"1. Must be pursuing a Bachelor’s or Master's degree in Computer Science, Computer/Software Engineering, Mathematics, Physics, or any related field.
2. Must be a rising senior at the time of their internship and returning to school at the end of their internship to continue their academic studies for at least one quarter/semester.
3. Familiarity with algorithms, data structures, storage systems, cloud infrastructure, front-end frameworks, and other technical tools.
..."
"AUSTIN - IT Solutions, Internship",2025-08-11,https://jobright.ai/jobs/info/689a80805574fd6bc0c83076?utm_source=1099&utm_campaign=Software Engineer,On Site,"Austin, TX","BGE, Inc.",,,,,,"1. Must be full-time student in the process of obtaining a Bachelor's degree in Civil Engineering, Construction, Landscape Architecture, Environmental Science, or a related discipline.
2. Strong proficiency with business software (MS Office) and ability to learn industry-specific software.
3. Strong verbal and written communication skills in English.
..."
Software Algorithm/Embedded Intern,2025-08-11,https://jobright.ai/jobs/info/689a75085574fd6bc0c82aae?utm_source=1099&utm_campaign=Software Engineer,Hybrid,"Multi Location
Santa Clara, CA
Santa Clara, United States",STMicroelectronics,,,"Automotive,Electronics",10000+,$32-$43 /hr,"1. Working towards a Bachelor’s or Master's degree in Computer Science, Electrical Engineering, Physics or equivalent field.
2. Experience with implementing algorithms on embedded platforms using C, C++ programming language.
3. Experience with Python and tools used for Machine Learning analysis and development."
Software Engineer Intern / Basketball Operations,2025-08-11,https://jobright.ai/jobs/info/689a7301faa4e875e8258c80?utm_source=1099&utm_campaign=Software Engineer,Remote,"Oklahoma City, OK",Oklahoma City Thunder,,,"Sports,Sports Leagues and Teams",101-250,,"1. Currently enrolled in an accredited college or university pursuing a degree in computer science or related field
2. Outstanding analytical and quantitative problem-solving skills
3. Some experience with programming languages such as Python, JavaScript, and SQL
..."
Embedded Software Engineering Co-Op Student,2025-08-11,https://jobright.ai/jobs/info/688bc8f11808534a89cb61cd?utm_source=1099&utm_campaign=Software Engineer,On Site,"Multi Location
Huntsville, AL
Huntsville, United States",Frontgrade Technologies,,,"E-Commerce,Electronics",1001-5000,$22-$27 /hr,"1. High School diploma
2. Currently enrolled in a B.S. program in Computer Engineering, Computer Science, or Electrical Engineering
3. Junior standing by the time of the co-op (3rd year of a 4- or 5-year program)
..."
Application Developer Co Op (Jan-Aug),2025-08-11,https://jobright.ai/jobs/info/689a89d1faa4e875e8259843?utm_source=1099&utm_campaign=Software Engineer,On Site,"Multi Location
West Fargo, ND
Fargo, ND",DDI | Development Dimensions International,2024-January,,"Consulting,Management Consulting",1001-5000,,"1. Jr. or Sr. standing seeking a Bachelor’s Degree in MIS or Computer Science
2. 3.0 or higher GPA preferred
3. Be able to commit to Doosan Information and Communications America for the entire term of the co-op(8 months)
..."
Advanced Degree Software Engineer - Full-time Intern Conversion,2025-08-11,https://jobright.ai/jobs/info/689a50b283d13d1f5b69819d?utm_source=1099&utm_campaign=Software Engineer,Remote,United States,Oracle,2026-June,2026-August,"Data Governance,Data Management",10000+,$74K-$158K /yr,"1. Have graduated with a Master’s degree or PhD in Computer Science or an equivalent science/engineering field by August 2026.
2. Are proficient (i.e., able to complete coding projects with no assistance) in one or more of these programming languages: Java, Python, C, C#, C++, JavaScript, CSS, HTML, SQL, Scala.
3. Have completed coursework, projects, internships, and or research in 3 or more of the following: Algorithms and Data Structures, Artificial Intelligence, Big Data, Database, Machine Learning, Object-Oriented Programming, Operating Systems, Software Programming, Web Development, Micro-Services Architecture, Container Architectures (e.g., Docker, Kubernetes), User Interface Design.
..."
Undergrad Software Engineer - Full-time Intern Conversion,2025-08-11,https://jobright.ai/jobs/info/689a4b8e5574fd6bc0c8193c?utm_source=1099&utm_campaign=Software Engineer,Remote,United States,Oracle,2026-June,2026-August,"Data Governance,Data Management",10000+,$57K-$141K /yr,"1. Graduate with a Bachelor’s degree in Computer Science or an equivalent science/engineering field by August 2026.
2. Are proficient (i.e., able to complete coding projects with no assistance) in one or more of these programming languages: Java, Python, C, C#, C++, JavaScript, CSS, HTML, SQL, Scala.
3. Have completed coursework, projects, internships, and or research in 3 or more of the following: Algorithms and Data Structures, Artificial Intelligence, Big Data, Database, Machine Learning, Object-Oriented Programming, Operating Systems, Software Programming, Web Development, Micro-Services Architecture, Container Architectures (e.g., Docker, Kubernetes), User Interface Design.
..."
"Software Engineer, Planner Vehicle Dynamics",2025-08-11,https://jobright.ai/jobs/info/689a4248faa4e875e8257226?utm_source=1099&utm_campaign=Software Engineer,On Site,"Mountain View, CA",Waymo,,,"Artificial Intelligence (AI),Automotive",1001-5000,$204K-$259K /yr,
"Software Engineer, Planner Vehicle Dynamics",2025-08-11,https://jobright.ai/jobs/info/689a1f9483d13d1f5b6963f0?utm_source=1099&utm_campaign=Software Engineer,On Site,"Mountain View, California",Waymo,,,"Artificial Intelligence (AI),Automotive",1001-5000,"$204,000-$259,000 /yr",
Advanced Degree Software Engineer - Full-time Intern Conversion,2025-08-11,https://jobright.ai/jobs/info/689a1f5d5574fd6bc0c7fdbc?utm_source=1099&utm_campaign=Software Engineer,Remote,United States,Oracle,2026-June,2026-June / 2026-July,"Data Governance,Data Management",10000+,,"1. Applicants are required to read, write, and speak the following languages: English
2. Intended for students graduating with their Master’s or Doctorate degree by, or have graduated within, 12 months of cohort start date in June/July 2026.
3. As a member of the software engineering division, you will apply basic to intermediate knowledge of software architecture to perform software development tasks associated with developing, debugging or designing software applications or operating systems according to provided design specifications.
..."
Fall Co-Op - Quality Assurance Engineer (Data Analytics),2025-08-11,https://jobright.ai/jobs/info/689a1eff5574fd6bc0c7fd81?utm_source=1099&utm_campaign=Software Engineer,On Site,"Wichita, KS",Textron,2025-Fall,,"Aerospace,Finance",10000+,,"1. Pursuing a bachelor's degree required in Analytics, Data Science, Mathematics, Statistics or other related field
2. Professional and diplomatic demeanor
3. Strong sense of accountability and integrity
..."
Undergrad Software Engineer - Full-time Intern Conversion,2025-08-11,https://jobright.ai/jobs/info/689a1e79faa4e875e8255f47?utm_source=1099&utm_campaign=Software Engineer,Remote,United States,Oracle,,,"Data Governance,Data Management",10000+,,"1. Applicants are required to read, write, and speak the following languages: English
2. Design, develop, troubleshoot and debug software programs for databases, applications, tools, networks etc.
3. Apply basic to intermediate knowledge of software architecture to perform software development tasks associated with developing, debugging or designing software applications or operating systems according to provided design specifications.
..."
Undergrad Software Engineer - Full-time Intern Conversion,2025-08-11,https://jobright.ai/jobs/info/689a1c315574fd6bc0c7fc69?utm_source=1099&utm_campaign=Software Engineer,Remote,United States,NetSuite,,,"Cloud Computing,Computer",10000+,,"1. Applicants are required to read, write, and speak the following languages: English
2. Design, develop, troubleshoot and debug software programs for databases, applications, tools, networks etc.
3. Apply basic to intermediate knowledge of software architecture to perform software development tasks associated with developing, debugging or designing software applications or operating systems according to provided design specifications.
..."
Advanced Degree Software Engineer - Full-time Intern Conversion,2025-08-11,https://jobright.ai/jobs/info/689a19a783d13d1f5b6960e8?utm_source=1099&utm_campaign=Software Engineer,Remote,United States,NetSuite,2026-June,2026-June / 2026-July,"Cloud Computing,Computer",10000+,,"1. Applicants are required to read, write, and speak the following languages: English
2. Intended for students graduating with their Master’s or Doctorate degree by, or have graduated within, 12 months of cohort start date in June/July 2026.
3. As a member of the software engineering division, you will apply basic to intermediate knowledge of software architecture to perform software development tasks associated with developing, debugging or designing software applications or operating systems according to provided design specifications.
..."
Software Engineer Intern,2025-08-11,https://jobright.ai/jobs/info/687c86392097a271a898aa5a?utm_source=1099&utm_campaign=Software Engineer,On Site,"Multi Location
Dallas, TX
Dallas, TX - Headquarters",Copart,,,"Automotive,E-Commerce",5001-10000,,"1. Experience developing cutting edge applications
2. Experience developing modular front-end components and building web experiences using HTML5, CSS3, JavaScript
3. Mastery of web standards, cross-browser compatibility and constraints of the web
..."
Engineering Engines Intern – Computer or Software Engineering – US – Summer 2026,2025-08-10,https://jobright.ai/jobs/info/6899881a5574fd6bc0c7cfbc?utm_source=1099&utm_campaign=Software Engineer,On Site,"Cincinnati, OH",GE Aerospace,2026-Summer,,"Aerospace,Commercial",10000+,$20 /hr,"1. Minimum 3.0 cumulative GPA off a 4.0 scale without rounding.
2. Attending a full time matriculated and nationally accredited baccalaureate or graduate program in computer engineering, computer science, software engineering, or another related major.
3. Willingness and ability to work in the United States; primarily locations are Cincinnati, OH or Lynn, MA.
..."
Junior Software Engineer - Internship,2025-08-10,https://jobright.ai/jobs/info/6899710bfaa4e875e8252627?utm_source=1099&utm_campaign=Software Engineer,On Site,"Overland Park, KS",Aechelon Technology Inc.,2024-Summer,,"Information Technology,Software",101-250,,"1. Passion for developing fast code and solid software engineering principles
2. In-depth knowledge of and experience programming in C or C++ languages
3. Two years progress towards B.S. in Computer Science or Computer Engineering
..."
Software Engineering Co-Op,2025-08-10,https://jobright.ai/jobs/info/68268740b7c1e6c1cee26f33?utm_source=1099&utm_campaign=Software Engineer,On Site,"Fort Walton Beach, FL",Kratos Defense and Security Solutions,,,"Consulting,Cyber Security",1001-5000,,"1. Ability to manage sensitive and confidential information in compliance with security standards
2. Strong interpersonal skills and the ability to work effectively within a team environment
3. Professional conduct in interactions with both team members and the public
..."
Salesforce Agentforce Solutions Analyst Intern,2025-08-10,https://jobright.ai/jobs/info/689747ac73b3a600fe896140?utm_source=1099&utm_campaign=Software Engineer,On Site,"St Louis, MO","Omniskope, Inc",,,"Information Technology,Software",11-50,,"1. Complete foundational training in Google Cloud (Level 100 200) and Salesforce Agentforce Gen AI trails
2. Collaborate with Senior Architects to design and test Gen AI prompts and workflows
3. Assist in developing intelligent Salesforce Agents for sales, service, and public sector use cases
..."
Senior Software Engineer - Database Engine Internals,2025-08-10,https://jobright.ai/jobs/info/668a7835dfbe564b9b904c6a?utm_source=1099&utm_campaign=Software Engineer,On Site,"Mountain View, CA",Databricks,,,"Analytics,Artificial Intelligence (AI)",5001-10000,$166000-$225000 /yr,"1. A passion for database systems, storage systems, distributed systems, language design, or performance optimization
2. Experience working towards a multi-year vision with incremental deliverables
3. Motivated by delivering customer value and impact"
Software Engineer Intern - Winter 2026,2025-08-10,https://jobright.ai/jobs/info/68435a3442a8434e13684b87?utm_source=1099&utm_campaign=Software Engineer,On Site,"Multi Location
San Francisco, CA
New York, NY",Rippling,2026-Winter,,"Employment,Human Resources",1001-5000,$10500-$10500 /mon,"1. Previous internship/Co-op experience in software engineering
2. Currently enrolled in a Bachelor’s or Master's degree in computer science or in a related field with at least 1 semester/quarter after their internship is completed
3. Excellent communication skills to work cross functionally and across departments
..."
Software Engineer Intern (Summer '26),2025-08-10,https://jobright.ai/jobs/info/68891f9209808a6103e4528d?utm_source=1099&utm_campaign=Software Engineer,On Site,"Multi Location
New York City
New York, NY",Harmonic,2026-June,2026,"Business Information Systems,Information Technology",51-100,$120000-$120000 /mon,"1. CS/Engineering junior undergrad with a strong academic record
2. Able to work in-person in our NYC office early June - late August
3. Some prior experience with LLMs, Python, and/or TypeScript
..."
Software Engineer Co-Op,2025-08-10,https://jobright.ai/jobs/info/6880c5ea16ea5743a3732e14?utm_source=1099&utm_campaign=Software Engineer,On Site,"Multi Location
San Francisco, CA
New York
Homebased - Little Rock Metro
San Francisco
Homebased - New York",LiveRamp,,,"Advertising,Advertising Platforms",1001-5000,,"1. Possess strong coding skills that you are ready to turn into industry-ready coding skills
2. Background? Recent grads from a Computer Science program or other STEM degrees
3. Excited to learn new languages and technologies
..."
IT Intern - Web Team,2025-08-10,https://jobright.ai/jobs/info/685ef60369775480953a0c13?utm_source=1099&utm_campaign=Software Engineer,Hybrid,"Multi Location
Wheeling, WV
Wheeling, West Virginia","Orrick, Herrington & Sutcliffe LLP",,,,1001-5000,$13-$15 /hr,"1. Proficient with desktop operating systems including current Microsoft Windows and Microsoft Office
2. Understanding of basic scripting and programming
3. Good writing and analytical skills
..."
Web Developer Internship,2025-08-10,https://jobright.ai/jobs/info/6880c9ca16ea5743a373314a?utm_source=1099&utm_campaign=Software Engineer,On Site,"Harrisburg, PA",WebFX,,,"Advertising,Content Marketing",101-250,$22-$22 /hr,"1. A Bachelor’s Degree (either in-progress or completed)
2. GPA above 3.4
3. Experience with PHP/MySQL
..."
"Intern, IT - Transformation and International Tech - ATL (Summer 2026)",2025-08-09,https://jobright.ai/jobs/info/6897efa01b9e81727f1a33d0?utm_source=1099&utm_campaign=Software Engineer,Hybrid,"Atlanta, GA",Delta Air Lines,2026-Summer,,"Service Industry,Transportation",10000+,,"1. Be able to commit to working the entire summer internship program, May 11 – August 7, 2026 (13 weeks)
2. Be willing to work from the Atlanta, GA office. Most teams work a partially onsite / partially remote (hybrid) work schedule with management approval.
3. Have a 2.5 GPA or higher and have completed at least 2 years in a college program. Degree emphasis should be in Computer Science, Software Development, Systems/Industrial/Electrical Engineering, Management Information Systems, Data Science, Data Analytics/Operations Research, Cyber Security, Business Management or a related field
..."
Software Systems Hardware Integration Engineer Intern (Fall 2025),2025-08-09,https://jobright.ai/jobs/info/687c9e2ced63844c944b01e4?utm_source=1099&utm_campaign=Software Engineer,On Site,"Multi Location
San Francisco, CA
San Francisco",Astranis Space Technologies,2025-Fall,,"Aerospace,Internet",251-500,$29-$29 /hr,"1. Currently pursuing a B.S. or M.S. in Computer Science, Electrical or Computer Engineering, or equivalent technical degree
2. Experience with Python and scripting language(s)
3. Experience with embedded systems or related hardware
..."
Software Engineer Intern,2025-08-09,https://jobright.ai/jobs/info/68908bf14c7e851b90ac70f6?utm_source=1099&utm_campaign=Software Engineer,On Site,"Montvale, NJ",PENTAX Medical,,,"3D Printing,Information Technology",251-500,$20-$30 /hr,"1. BS in Computer Science or equivalent
2. Programming and algorithm skills
3. Strong verbal and written communications skills - must be able to develop presentations and present ideas"
Application Software Internship,2025-08-09,https://jobright.ai/jobs/info/688dc7b0e5cead4afd45ab2f?utm_source=1099&utm_campaign=Software Engineer,On Site,"Location, WV",ABB,,,"Automotive,Energy",10000+,,"1. Design enterprise-level web applications (e.g., data management systems, industrial control panels), handling visual presentation of multi-layered information architecture and complex functional modules to balance user-friendliness with robust business logic integrity.
2. Develop intuitive, aesthetically-pleasing visualization solutions for complex data reporting and real-time monitoring dashboards, empowering users to make rapid, data-driven decisions.
3. Design or related background major, currently in the third year of undergraduate or graduate studies.
..."
Multiple Openings-Engineering Development Group Internship,2025-08-09,https://jobright.ai/jobs/info/671a69ea75c42966c795fe8d?utm_source=1099&utm_campaign=Software Engineer,Hybrid,"Natick, MA",MathWorks,,,"Analytics,Database",5001-10000,,"1. Working toward a degree in Engineering or Computer Science
2. Experience with object orientated design and in programming languages such as C++, JavaScript, or MATLAB
3. Passion for learning new technologies
..."
Firmware Engineer Intern,2025-08-09,https://jobright.ai/jobs/info/6876ba2fae2f413e4a5b2f22?utm_source=1099&utm_campaign=Software Engineer,On Site,"Multi Location
Fremont, California, United States
Fremont, CA",Neuralink,,,"Biotechnology,Medical",251-500,$35-$35 /hr,"1. Demonstrated track record of success in a science or engineering field, evidenced by outstanding projects, innovations, or advanced problem-solving
2. Proven experience in software development, preferably with exposure to embedded systems"
Duales Studium Informatik - Informationstechnik (m/w/d) 2025,2025-08-08,https://jobright.ai/jobs/info/688dc77ee5cead4afd45ab0b?utm_source=1099&utm_campaign=Software Engineer,On Site,"Location, WV",ABB,2025-August,2025,"Automotive,Energy",10000+,"€1.267,00€-€1.443,00€ /mon","1. Die allgemeine oder fachgebundene Hochschulreife oder die Fachhochschulreife (mit Zusatzprüfung an der jeweiligen Hochschule/Berufsakademie)
2. Gute Abschlüsse in den mathematischen, informationstechnischen und betriebswirtschaftlichen Fächern sowie in Englisch und Deutsch wären hilfreich
3. Spaß an technischen Themen, kniffeligen Fragestellungen und neuen Softwareprogrammen
..."
Quantitative Technologist (C++ Intern - Summer 2026),2025-08-08,https://jobright.ai/jobs/info/6897ea211b9e81727f1a2fd0?utm_source=1099&utm_campaign=Software Engineer,On Site,Chicago,Radix Trading LLC,2026-Summer,,"Finance,Property Management",11-50,,"1. Persistent Drive to Improve - Do you have an innate desire to rise to the next level, even after great accomplishments?
2. Creative Problem Solving and Probabilistic Thinking - You must enjoy learning and implementing new concepts quickly, combining knowledge from different domains to create new ideas, and take a data-driven and probabilistic approach to testing and implementing new ideas.
3. Team Mindset - We want people who understand 1+1 > 2 and are as committed to making the team better through sharing ideas as they are driven to improve their individual performance.
..."
"Co-op, IT - Software Engineering - ATL (Spring 2026)",2025-08-08,https://jobright.ai/jobs/info/6897e86f1b9e81727f1a2d22?utm_source=1099&utm_campaign=Software Engineer,Hybrid,"Atlanta, GA",Delta Air Lines,2026-Spring,2026-Spring / 2026-Fall,"Service Industry,Transportation",10000+,,"1. Must be able to commit to work full time, 40 hours per week, for a total of 2 rotational semesters (work at Delta during the Spring 2026 semester (January 12 – May 1, 2026), go to school during the summer 2026 semester, then return to Delta to work Fall 2026 semester (August 17 – December 11, 2026).
2. Be willing to work onsite in the Atlanta, GA (ATL) headquarters office. Most teams work a partially onsite / partially remote (hybrid) work schedule with management approval.
3. Be an undergrad college student with a 2.5 GPA or higher and have completed at least 2 years in a college program. Degree emphasis should be in Computer Science, Software Development, Systems/Industrial/Electrical Engineering, Management Information Systems, Data Science, Data Analytics/Operations Research, Cyber Security, Business Management or a related field.
..."
Software Engineer Intern,2025-08-08,https://jobright.ai/jobs/info/6897be548c6d6b44267919a6?utm_source=1099&utm_campaign=Software Engineer,On Site,"Multi Location
Austin, Texas, United States
Fremont, CA",Neuralink,,,"Biotechnology,Medical",251-500,$35-$35 /hr,"1. Strong programming fundamentals
2. Ability to learn rapidly
3. Ability to pick up projects spanning surgical robotics, implant communication, manufacturing automation, cloud infrastructure, and BCI software
..."
Winter 2026 Internship - Software,2025-08-08,https://jobright.ai/jobs/info/688261d86fcd973d15ad8b74?utm_source=1099&utm_campaign=Software Engineer,On Site,"Multi Location
Kent, Washington, United States
Kent, WA",Stoke Space,2026-Winter,,"Aerospace,Product Design",251-500,$28-$40 /hr,"1. Pursuing Bachelor’s or Master’s degree in mechanical engineering, aerospace engineering, electrical engineering, computer engineering, computer science or a similar STEM field
2. Project-level experience with Python, C, or Rust
3. Exceptional command of engineering fundamentals
..."
"Software Engineer, Mobile Intern (Summer 2026)",2025-08-08,https://jobright.ai/jobs/info/6896a4bb8c6d6b44267840d1?utm_source=1099&utm_campaign=Software Engineer,Hybrid,"Multi Location
New York, NY
San Francisco, CA
San Francisco, California",Notion,2026-May,2027,"Apps,Collaboration",501-1000,$57-$61 /hr,"1. Pursuing a bachelor's or master’s degree in computer science, engineering, or another related field. Must graduate before July 2027.
2. Previous mobile internship experience.
3. Working towards a proficiency of one or more programming languages such as Kotlin, Java, Typescript, Node.js, Swift, Go, Python, or Rust.
..."
Software Engineer Intern (Winter 2026),2025-08-08,https://jobright.ai/jobs/info/6898366183d13d1f5b68be60?utm_source=1099&utm_campaign=Software Engineer,Hybrid,"Multi Location
New York, NY
San Francisco, CA",Notion,2026-January,2026,"Apps,Collaboration",501-1000,$57-$61 /hr,"1. Pursuing a bachelor's or master’s degree in computer science, engineering, or another related field. Must graduate before December 2026.
2. Previous internship experience.
3. Working towards a proficiency of one or more programming languages such as Typescript, Node.js, Go, Python, Java, Swift, Rust, or Kotlin.
..."
"Software Engineer, Mobile Intern (Winter 2026)",2025-08-08,https://jobright.ai/jobs/info/68984beffaa4e875e824d58c?utm_source=1099&utm_campaign=Software Engineer,Hybrid,"Multi Location
San Francisco, CA
New York, NY
San Francisco, California",Notion,2026-January,2026-December,"Apps,Collaboration",501-1000,$57-$61 /hr,"1. Pursuing a bachelor's or master’s degree in computer science, engineering, or another related field. Must graduate before December 2026.
2. Previous mobile internship experience.
3. Working towards a proficiency of one or more programming languages such as Kotlin, Java, Typescript, Node.js, Swift, Go, Python, or Rust.
..."
Software Engineer Intern (Summer 2026),2025-08-08,https://jobright.ai/jobs/info/68984cb85574fd6bc0c776a5?utm_source=1099&utm_campaign=Software Engineer,Hybrid,"Multi Location
New York, NY
San Francisco, CA
San Francisco, California",Notion,2026-Summer,2027,"Apps,Collaboration",501-1000,$57-$61 /hr,"1. Pursuing a bachelor's or master’s degree in computer science, engineering, or another related field. Must graduate before July 2027.
2. Previous internship experience.
3. Working towards a proficiency of one or more programming languages such as Typescript, Node.js, Go, Python, Java, Swift, Rust, or Kotlin.
..."
Software Engineering Intern (2026),2025-08-08,https://jobright.ai/jobs/info/68984556faa4e875e824c9f0?utm_source=1099&utm_campaign=Software Engineer,On Site,"Multi Location
San Francisco, CA
Bellevue, WA
Mountain View, CA
Bellevue, Washington",Databricks,2026,2025-Fall / 2026-Spring,"Analytics,Artificial Intelligence (AI)",5001-10000,$54-$60 /hr,"1. You will graduate in fall 2025 or spring 2026 with a degree in Computer Science, Engineering, or related subject
2. You have implementation skills with a general purpose program language, such as Python, Java, or C++
3. You have good knowledge of algorithms, data structures, and OOP principles
..."
Software Engineer Intern - Summer 2026,2025-08-08,https://jobright.ai/jobs/info/689753101b9e81727f1985b0?utm_source=1099&utm_campaign=Software Engineer,On Site,"Multi Location
Chicago, IL
Chicago, Illinois","Belvedere Trading, LLC",2026-Summer,2026-December,Financial Services,251-500,$130000-$130000 /yr,"1. Experience developing efficient, user-friendly, extensible programs, preferably with an object-oriented programming language such as C++, C#, or Java
2. Thrive in a collaborative, entrepreneurial environment
3. Desire to continuously learn in a team environment, solve challenging problems and learn quickly
..."
Intern - Fire,2025-08-08,https://jobright.ai/jobs/info/689850d85574fd6bc0c78039?utm_source=1099&utm_campaign=Software Engineer,On Site,"Lombard, IL",Cintas,,,"Compliance,Manufacturing",10000+,$16-$22 /hr,"1. High School Diploma or GED
2. Currently pursuing a Bachelor's degree"
Student Programmer – Web Development & Open Source Projects (HAX),2025-08-08,https://jobright.ai/jobs/info/68984bbbfaa4e875e824d501?utm_source=1099&utm_campaign=Software Engineer,On Site,"University Park, PA",Penn State University,,,,10000+,$15-$20 /hr,"1. Must be a current Penn State undergraduate student
2. Experience in JavaScript, HTML, and CSS
3. Familiarity with GitHub and basic version control practices
..."
Application Software Engineer - Intern,2025-08-08,https://jobright.ai/jobs/info/68796816ed63844c9449b623?utm_source=1099&utm_campaign=Software Engineer,Hybrid,"Chandler, AZ",Resource Innovations ,,,"Consulting,Energy",251-500,,"1. Bachelor's degree in Software Engineering, Computer Science currently pursuing Master's in a related field
2. Software design and development experience with following technologies:
3. Programming Languages: Java, Javascript, SQL
..."
Student Programmer – Web Development & Open Source Projects (HAX),2025-08-08,https://jobright.ai/jobs/info/6897b0ec8c6d6b4426790971?utm_source=1099&utm_campaign=Software Engineer,On Site,Penn State University Park,Penn State Department of Materials Science and Engineering,,,"Education,Higher Education",,$15-$20 /hr,"1. Must be a current Penn State undergraduate student
2. Experience in JavaScript, HTML, and CSS
3. Familiarity with GitHub and basic version control practices
..."
Analytics & Behavior Change – Engineering FT Position (Graduate - Current Interns Only),2025-08-08,https://jobright.ai/jobs/info/6897a8028c6d6b442678faa8?utm_source=1099&utm_campaign=Software Engineer,Hybrid,NY - New York,CVS Health,,2025-December / 2026-August,"Health Care,Medical",10000+,$86520-$173040 /yr,"1. Meet educational requirements (see Education section)
2. Currently pursuing a Master’s degree program with an expected graduation date between December 2025 and August 2026"
Analytics & Behavior Change – Engineering FT Position (Undergraduate - Current Interns Only),2025-08-08,https://jobright.ai/jobs/info/6897a9891b9e81727f19ef56?utm_source=1099&utm_campaign=Software Engineer,Hybrid,NY - New York,CVS Health,,2025-December / 2026-August,"Health Care,Medical",10000+,$35.66-$148320 /hr,"1. Meet educational requirements (see Education section)
2. Currently pursuing a Bachelor's degree program with an expected graduation date between December 2025 and August 2026"
"Intern, IT - Software Engineering - ATL (Summer 2026)",2025-08-08,https://jobright.ai/jobs/info/68985d6efaa4e875e824f494?utm_source=1099&utm_campaign=Software Engineer,Hybrid,"Atlanta, GA",Delta Air Lines,2026-Summer,,"Service Industry,Transportation",10000+,,"1. Be able to commit to working the entire summer internship program, May 11 – August 7, 2026 (13 weeks)
2. Be willing to work from the Atlanta office. Most teams work a partially onsite / partially remote (hybrid) work schedule with management approval.
3. Have a 2.5 GPA or higher and have completed at least 2 years in a college program. Degree emphasis should be in Computer Science, Software Development, Systems/Industrial/Electrical Engineering, Management Information Systems, Data Science, Data Analytics/Operations Research, Cyber Security, Business Management or a related field
..."
"Intern, IT - Software Engineering - MSP (Summer 2026)",2025-08-08,https://jobright.ai/jobs/info/68986332faa4e875e824fa3d?utm_source=1099&utm_campaign=Software Engineer,Hybrid,"Minneapolis, MN",Delta Air Lines,2026-May,2026,"Service Industry,Transportation",10000+,$22-$23 /hr,"1. Be able to commit to working the entire summer internship program, May 11 – August 7, 2026 (13 weeks)
2. Be willing to work from the Minneapolis St. Paul, MN (MSP) office. Most teams work a partially onsite / partially remote (hybrid) work schedule with management approval.
3. Have a 2.5 GPA or higher and have completed at least 2 years in a college program. Degree emphasis should be in Computer Science, Software Development, Systems/Industrial/Electrical Engineering, Management Information Systems, Data Science, Data Analytics/Operations Research, Cyber Security, Business Management or a related field
..."
"Intern, IT Enterprise Technology (RAISE) - ATL (Summer 2026)",2025-08-08,https://jobright.ai/jobs/info/68975f1a8c6d6b442678a61e?utm_source=1099&utm_campaign=Software Engineer,Hybrid,"Atlanta, GA",Delta Air Lines,2026-Summer,,"Service Industry,Transportation",10000+,,"1. Be able to commit to working the entire summer internship program, May 11 – August 7, 2026 (13 weeks)
2. Be willing to work from the Atlanta, GA office. Most teams work a partially onsite / partially remote (hybrid) work schedule with management approval.
3. Have a 2.5 GPA or higher and have completed at least 2 years in a college program. Degree emphasis should be in Computer Science, Software Development, Systems/Industrial/Electrical Engineering, Management Information Systems, Data Science, Data Analytics/Operations Research, Cyber Security, Business Management or a related field
..."
"Intern, IT Enterprise Technology (RAISE) - MSP (Summer 2026)",2025-08-08,https://jobright.ai/jobs/info/68973e2173b3a600fe895649?utm_source=1099&utm_campaign=Software Engineer,Hybrid,"Minneapolis, MN",Delta Air Lines,2026-Summer,,"Service Industry,Transportation",10000+,$22-$23 /hr,"1. Be able to commit to working the entire summer internship program, May 11 – August 7, 2026 (13 weeks)
2. Be willing to work from the Minneapolis St. Paul, MN (MSP) office. Most teams work a partially onsite / partially remote (hybrid) work schedule with management approval.
3. Have a 2.5 GPA or higher and have completed at least 2 years in a college program. Degree emphasis should be in Computer Science, Software Development, Systems/Industrial/Electrical Engineering, Management Information Systems, Data Science, Data Analytics/Operations Research, Cyber Security, Business Management or a related field
..."
Front End Intern,2025-08-08,https://jobright.ai/jobs/info/6897a51473b3a600fe89cdfc?utm_source=1099&utm_campaign=Software Engineer,Remote,Remote - CAN,WineFetch,,,"E-Commerce,Marketing Automation",11-50,,"1. Be responsible for developing new UI/UX mobile app screens using the latest Angular framework
2. Be responsible for developing, maintaining, and scaling a web application and web api
3. Refactor code to improve efficiency of development
..."
QA & Documentation Intern,2025-08-08,https://jobright.ai/jobs/info/6897adff8c6d6b44267903c6?utm_source=1099&utm_campaign=Software Engineer,Remote,Remote - CAN,WineFetch,,2025-Fall,"E-Commerce,Marketing Automation",11-50,,"1. Strong attention to detail and analytical skills.
2. Great communication skills
3. Good reading and writing skills
..."
Software Engineer Internship | iOS,2025-08-08,https://jobright.ai/jobs/info/6894e7c08c6d6b4426775859?utm_source=1099&utm_campaign=Software Engineer,On Site,"Multi Location
San Francisco, CA
New York, United States
New York, NY (HQ)",Ramp,2026-Summer,2026-December / 2027 / 2028,"Finance,Financial Services",1001-5000,$11000-$11000 /mon,"1. Currently pursuing a B.S. (or higher) in Computer Science or a related technical field, with an expected graduation date between Dec 2026 - 2028
2. Looking for a Summer 2026 program
3. Proficiency in SwiftUI and Swift
..."
"Software Engineer, Internship",2025-08-07,https://jobright.ai/jobs/info/686416f5a74dbdc4b5bb195c?utm_source=1099&utm_campaign=Software Engineer,On Site,"Multi Location
Washington, D.C.
Seattle, WA
New York, NY
Denver, CO
Palo Alto, CA",Palantir Technologies,,2027,"Analytics,Big Data",1001-5000,$10500-$10500 /mon,"1. Engineering background in fields such as Computer Science, Mathematics, Software Engineering, and Physics.
2. Familiarity with data structures, storage systems, cloud infrastructure, front-end frameworks, and other technical tools.
3. Experience coding in programming languages, such as Java, C++, Python, JavaScript, or similar languages.
..."
Quality Assurance Engineering - Intern,2025-08-07,https://jobright.ai/jobs/info/6897a5b61b9e81727f19e9c8?utm_source=1099&utm_campaign=Software Engineer,On Site,"7007 Consolidated Wy, San Diego, CA 92121, USA",Chromalloy,,,"Aerospace,Energy",1001-5000,,"1. Must be enrolled and working toward a Bachelor’s Degree in Mechanical Engineering, Industrial Engineering or another related field.
2. Position requires excellent oral and written communications, self-motivation, team-oriented work practices, strong data analysis & technical problem solving, strong organizational skills, multitasking ability, and excellent computer skills.
3. Familiarity with Control Plans, FMEAs, Root Cause Analysis, Corrective/Preventive Action Plans, Statistics, Supplier/Process management."
Golang developer Internship,2025-08-07,https://jobright.ai/jobs/info/6898619983d13d1f5b68fc65?utm_source=1099&utm_campaign=Software Engineer,Hybrid,"Indiana, United States",Ladybird Web Solution Pvt Ltd,,,"B2B,CRM",11-50,,"1. Basic understanding of Golang (academic or self-learned projects)
2. Familiarity with concepts like REST APIs, version control (Git), and backend development
3. Eagerness to learn and apply new technologies
..."
"Information Technology Apprenticeship, Software Engineering",2025-08-07,https://jobright.ai/jobs/info/68955aa64ed2ea559ca55373?utm_source=1099&utm_campaign=Software Engineer,On Site,"Kennesaw, GA",Kennesaw State University,,,Education,1001-5000,,"1. Bachelor's degree from an accredited institution of higher education in computer science or a related field.
2. No experience required; on-the-job training provided.
3. Able to develop software that meets technical specifications to satisfy business requirements.
..."
Cloud Development Engineer Intern - Fall 2025,2025-08-07,https://jobright.ai/jobs/info/689556e373b3a600fe886beb?utm_source=1099&utm_campaign=Software Engineer,On Site,"Multi Location
Menlo Park, CA
Menlo Park",Signify,2025-Fall,2025,"Hardware,Lighting",10000+,$27-$35 /hr,"1. Actively pursuing a Bachelor's degree in Computer Engineering, Computer Science, or related discipline.
2. Experience with modern programming languages (Go preferred), infrastructure as Code (Terraform preferred), CI pipelines (Gitlab CI preferred), and monitoring (Datadog preferred).
3. Good analytical and problem-solving skills to write scalable, well tested and clean code and have a good understanding of object-oriented development and other software development principles.
..."
Software Quality Engineer Intern - Fall 2025,2025-08-07,https://jobright.ai/jobs/info/689554154ed2ea559ca5502b?utm_source=1099&utm_campaign=Software Engineer,On Site,"Multi Location
Menlo Park, CA
Menlo Park",Signify,2025-Fall,2025,"Hardware,Lighting",10000+,$27-$35 /hr,"1. Actively pursuing a Bachelor's degree in Computer Engineering, Computer Science, or related discipline.
2. Knowledge of software QA methodologies, common testing tools/test case management tools, and processes.
3. Knowledge on writing clear, concise, and comprehensive test plans and test cases.
..."
Software Developer Intern - Summer 2026,2025-08-07,https://jobright.ai/jobs/info/68954d8073b3a600fe88686d?utm_source=1099&utm_campaign=Software Engineer,On Site,"Green Bay, WI",Nicolet National Bank,2026-Summer,,"Banking,Finance",501-1000,,"1. PC, phone system, general office equipment
2. Ability to maintain strict confidentiality
3. Java
..."
Internship - Digital & Technology Associate,2025-08-07,https://jobright.ai/jobs/info/68954a288c6d6b4426778989?utm_source=1099&utm_campaign=Software Engineer,Remote,United States,General Mills,2026-Summer,2026-December / 2027-May,"Food and Beverage,Food Processing",10000+,$32.31-$32.31 /hr,"1. Pursuing a bachelor’s degree in Computer Science, Statistics, MIS, Software Engineering, Engineering Technology, or a related discipline
2. Grad date of December 2026 or May 2027
3. Applicants for this position must be currently authorized to work in the United States on a full-time basis. General Mills will not sponsor applicants for this position for work visas"
IT Internship – Workflow Automation & Digital Solutions (Power Platform),2025-08-07,https://jobright.ai/jobs/info/6877e8325cebcd1dd51d5fca?utm_source=1099&utm_campaign=Software Engineer,On Site,"Raleigh, NC",Booth & Associates,,,Finance,51-100,,"1. Prior hands-on experience with Microsoft Power Platform tools (Power Apps, Power Automate, Power BI, SharePoint).
2. Basic IT troubleshooting skills and a willingness to support users with technical issues.
3. Strong analytical and problem-solving skills.
..."
Software Engineer Internship | Android,2025-08-07,https://jobright.ai/jobs/info/689538a58c6d6b4426778286?utm_source=1099&utm_campaign=Software Engineer,Hybrid,"Multi Location
San Francisco, CA
New York, United States
New York",Ramp,2026-Summer,2026 / 2027 / 2028,"Finance,Financial Services",1001-5000,$11000-$11000 /mon,"1. Currently pursuing a B.S. (or higher) in Computer Science or a related technical field, with an expected graduation date between 2026 - 2028
2. Proficiency in Kotlin for Android development
3. Knowledge of Android UI components and Android SDK
..."
SkillBridge Intern - Platform Engineer,2025-08-07,https://jobright.ai/jobs/info/688cfdd53a30793eb9647b8a?utm_source=1099&utm_campaign=Software Engineer,Remote,"Multi Location
United States
Remote, United States",Defense Unicorns,,,"Apps,Information Technology",101-250,,"1. U.S. Citizenship is required.
2. Eligible Service members must be within 180 days of separating from Service.
3. Strong understanding of system architecture.
..."
"Internship, Software Integration Engineer, AI Platforms (Winter/Spring 2026)",2025-08-07,https://jobright.ai/jobs/info/689522514ed2ea559ca53b84?utm_source=1099&utm_campaign=Software Engineer,On Site,"Palo Alto, CA",Tesla,2026-January,2026 / 2027,"Automotive,Electric Vehicle",10000+,"$100,000-$150,000 /yr","1. Industry experience developing in C/C++, including modern standards (C++14/17/20), multithreading, and Python; familiarity with CUDA or OpenCL is a strong plus
2. Solid understanding of embedded systems architecture and real time software design principles
3. Working knowledge of computer vision, machine learning, and their practical applications in real world systems is a strong plus
..."
"Software Engineer, Internship - Defense Tech",2025-08-07,https://jobright.ai/jobs/info/686416f5a74dbdc4b5bb18cd?utm_source=1099&utm_campaign=Software Engineer,On Site,"Multi Location
Washington, D.C.
New York, NY
Palo Alto, CA",Palantir Technologies,,2027,"Analytics,Big Data",1001-5000,$10500-$10500 /mon,"1. Engineering background in fields such as Computer Science, Mathematics, Software Engineering, and Physics.
2. Familiarity with data structures, storage systems, cloud infrastructure, front-end frameworks, and other technical tools.
3. Active US Security clearance, or eligibility and willingness to obtain a US Security clearance prior to start of internship.
..."
IT Software Developer Intern,2025-08-07,https://jobright.ai/jobs/info/68950a7673b3a600fe884951?utm_source=1099&utm_campaign=Software Engineer,On Site,"Strongsville, OH",Union Home Mortgage Corp.,Summer,,"Banking,Credit",1001-5000,,"1. Passion for software systems, development, and computer science
2. Ability to conform with established coding standards
3. Excellent problem-solving skills
..."
IT Third Party Application Intern,2025-08-07,https://jobright.ai/jobs/info/6895052e4ed2ea559ca52b6f?utm_source=1099&utm_campaign=Software Engineer,On Site,"Strongsville, OH",Union Home Mortgage Corp.,Summer,,"Banking,Credit",1001-5000,,"1. Excellent problem-solving skills
2. Ability to write effective data and process documentation (including business and system requirements, business process diagrams and data flow diagrams)
3. Detail oriented with the ability to exercise sound judgment
..."
IT Quality Assurance Analyst Intern,2025-08-07,https://jobright.ai/jobs/info/689501198c6d6b442677673f?utm_source=1099&utm_campaign=Software Engineer,On Site,"Strongsville, OH",Union Home Mortgage Corp.,Summer,,"Banking,Credit",1001-5000,,"1. Attention to details.
2. Good verbal and written communication skills; ability to communicate findings to developers & project team.
3. Good time management skills with focus on deadlines and deliverables.
..."
"Internship, Software Compiler Engineer, AI Inference (Winter/Spring 2026)",2025-08-07,https://jobright.ai/jobs/info/6894f0a673b3a600fe883852?utm_source=1099&utm_campaign=Software Engineer,On Site,"Palo Alto, CA",Tesla,2026-January,2026-April / 2027-May,"Automotive,Electric Vehicle",10000+,$100000-$150000 /yr,"1. Pursuing a degree in Computer Science, Computer Engineering, or relevant field of study with a graduation date between April 2026 -May 2027
2. Strong C++ programming skills and familiarity with Python
3. Solid understanding of machine learning concepts and fundamentals
..."
Student ERP Systems Manager,2025-08-07,https://jobright.ai/jobs/info/6894f1f94ed2ea559ca51e9b?utm_source=1099&utm_campaign=Software Engineer,On Site,"Manhattan, KS",Kansas State University,,,"Education,Social Entrepreneurship",1001-5000,$71K-$80K /yr,"1. Bachelor's degree and five years of relevant experience
2. Candidates must be legally authorized to work in the U.S. on an ongoing basis without sponsorship"
"Spring 2026 Co-op, Software Development (Bachelors)",2025-08-07,https://jobright.ai/jobs/info/685b06cad8fe2cf3865dc4f0?utm_source=1099&utm_campaign=Software Engineer,On Site,"Canonsburg, PA",Ansys,2026-January,,"Enterprise Software,Information Services",1001-5000,,"1. Dedication to three (3) semester rotations for Engineers and two (2) semesters for Computer Science.
2. Pursuing a BS in Computer science, Computer engineering, Mechanical engineering, Aerospace engineering or related technical field with a GPA of 3.0 or higher.
3. Currently enrolled in a full-time degree program and returning to university after the completion of the co-op program.
..."
Backend Engineer Intern (LLM) - 2025 Fall,2025-08-07,https://jobright.ai/jobs/info/689dc90c83d13d1f5b6b438b?utm_source=1099&utm_campaign=Software Engineer,On Site,"San Mateo, CA",Genies,2025-Fall,,"Apps,Augmented Reality",101-250,$40-$50 /hr,"1. Currently pursuing OR a recent graduate from a Master's degree or Bachelor's in Computer Science, Engineering, Machine Learning, or related field.
2. Course or internship experience related to the following areas: Operating Systems, Data Structures & Algorithms, Machine Learning
3. Strong programming skills in Python, Java, or C++
..."
IT Management Development Associate,2025-08-07,https://jobright.ai/jobs/info/6893e588f47efe2113967b24?utm_source=1099&utm_campaign=Software Engineer,On Site,"Davenport, IA",Nestlé Purina North America,,2026-June,"Consumer Goods,Food and Beverage",5001-10000,$80000-$80000 /yr,"1. Must be open to relocation to one or more of our 24 production facilities across the U.S.
2. Bachelor's degree in Management of Information Systems, Computer Science, Business Administration, or related discipline attained or expected by June 2026."
[Summer 2026] Software Engineer Intern,2025-08-06,https://jobright.ai/jobs/info/6893a548a9199876488ded96?utm_source=1099&utm_campaign=Software Engineer,On Site,"Multi Location
San Mateo, CA, United States
San Mateo, CA",Roblox,2026-Summer,,"3D Technology,Gaming",1001-5000,$62-$62 /hr,"1. Pursuing an undergraduate/graduate degree in computer science, engineering or a related field
2. Working towards proficiency or proficient in one or more programming languages such as Go, Node.js, Ruby, Python, C++, Lua, Swift, C# or Java
3. Passionate about games, user generated content, creator economies, and social networking
..."
Campus UI Software Engineer (Intern),2025-08-06,https://jobright.ai/jobs/info/6893c56e4c7e851b90ae04ca?utm_source=1099&utm_campaign=Software Engineer,On Site,Chicago,Jump Trading Group,,,"Financial Services,Trading Platform",251-500,$250000-$250000 /yr,"1. Hands-on experience and a high level of proficiency in one or more of the following: Web development using Python and Javascript
2. Python development on Linux platform
3. Strong understanding of data structures, algorithms, and threading models
..."
Campus Software Engineer (Intern),2025-08-06,https://jobright.ai/jobs/info/6893c752f47efe2113966eb1?utm_source=1099&utm_campaign=Software Engineer,On Site,Chicago,Jump Trading Group,2024-Summer,,"Financial Services,Trading Platform",251-500,$250000-$250000 /yr,"1. Hands-on experience and a high level of proficiency in one or more of the following: C++ development on Linux platform
2. Hands-on experience and a high level of proficiency in one or more of the following: Python development on Linux platform
3. Strong understanding of data structures and threading models
..."
Software Engineering Intern,2025-08-06,https://jobright.ai/jobs/info/6856158e335b55b54b62a3e0?utm_source=1099&utm_campaign=Software Engineer,On Site,San Francisco Office,Unify,,,"Artificial Intelligence (AI),Software",11-50,,"1. Pursuing a degree in CS or related field, with 1-2+ prior internships or project experience
2. Passion for fast iteration, customer feedback, and learning new tech
3. You’re scrappy, collaborative, and excited to work in a high-trust, high-speed environment
..."
2025 Software Engineer Intern (Fall),2025-08-06,https://jobright.ai/jobs/info/6890b30cf47efe211394f8c3?utm_source=1099&utm_campaign=Software Engineer,Remote,United States,Whatnot,2025-Fall,2025-December / 2026-Summer,"Collectibles,E-Commerce",501-1000,,"1. Pursuing a degree in computer science or other related major graduating in Dec 2025 or by Summer 2026
2. Problem solver and out-of-the-box thinker
3. Willing to take risks and build product and systems for 1M+ users
..."
Full-Stack Engineer Intern,2025-08-06,https://jobright.ai/jobs/info/686d8a586dc4f54b7dcb550e?utm_source=1099&utm_campaign=Software Engineer,Hybrid,"San Francisco, California",AI Fund,,,Artificial Intelligence (AI),11-50,,"1. Strong academic background—currently pursuing or recently graduated with a degree in Computer Science, Engineering, or a related technical field from a top-tier university.
2. Solid understanding of core computer science concepts, including data structures, algorithms, object-oriented programming, and systems design.
3. Demonstrated experience building fullstack applications through personal projects, coursework, hackathons, or open-source contributions.
..."
Software Engineering Intern,2025-08-06,https://jobright.ai/jobs/info/6894b9824ed2ea559ca4fcba?utm_source=1099&utm_campaign=Software Engineer,On Site,"New York, NY",Auctor,,,,11-50,$55-$55 /hr,"1. Solid programming foundations (data structures, algorithms, networking basics)
2. Proficiency in Python and TypeScript (or a strong desire to learn)
3. Curiosity about LLMs, vector databases, and scalable infra
..."
"Campus Graduate Summer Internship Program - 2026 Software Engineer, Technology - New York, NY",2025-08-06,https://jobright.ai/jobs/info/68a3a191403ad4363b1c2b2a?utm_source=1099&utm_campaign=Software Engineer,Hybrid,"New York, New York, United States",American Express,2026-Summer,2026-December / 2027-June,"Credit Cards,Finance",10000+,$24.05-$63 /hr,"1. Master's/MBA degree candidates with an expected graduation date between December 2026 and June 2027
2. Currently enrolled in a Master's/MBA degree program in Computer Science, Computer Engineering, or other technical field.
3. Java
..."
"Campus Graduate Summer Internship Program - 2026 Software Engineer, Technology - Phoenix, AZ",2025-08-06,https://jobright.ai/jobs/info/68a3a13f37d3cc6b0d578828?utm_source=1099&utm_campaign=Software Engineer,Hybrid,"Phoenix, Arizona, United States",American Express,2026-Summer,2026-December / 2027-June,"Credit Cards,Finance",10000+,$24.05-$63 /hr,"1. Master's/MBA degree candidates with an expected graduation date between December 2026 and June 2027
2. Currently enrolled in a Master's/MBA degree program in Computer Science, Computer Engineering, or other technical field.
3. Java
..."
"Campus Undergraduate Summer Internship Program - 2026 Software Engineer, Technology - Sunrise, FL",2025-08-06,https://jobright.ai/jobs/info/68a3a182403ad4363b1c2b20?utm_source=1099&utm_campaign=Software Engineer,Hybrid,"Sunrise, Florida, United States",American Express,2026-Summer,2026-December / 2027-June,"Credit Cards,Finance",10000+,$24.05-$63 /hr,"1. Bachelor’s degree candidates with an expected graduation date between December 2026 and June 2027
2. Currently enrolled in a Bachelor’s degree program in Computer Science, Computer Engineering, or other technical field.
3. Java
..."
"Campus Undergraduate Summer Internship Program - 2026 Software Engineer, Technology - New York, NY",2025-08-06,https://jobright.ai/jobs/info/68a390c1403ad4363b1c23ed?utm_source=1099&utm_campaign=Software Engineer,Hybrid,"New York, New York, United States",American Express,2026-Summer,2026-December / 2027-June,"Credit Cards,Finance",10000+,$24.05-$63 /hr,"1. Bachelor’s degree candidates with an expected graduation date between December 2026 and June 2027
2. Currently enrolled in a Bachelor’s degree program in Computer Science, Computer Engineering, or other technical field.
3. Java
..."
"Campus Undergraduate Summer Internship Program - 2026 Software Engineer, Technology - Phoenix, AZ",2025-08-06,https://jobright.ai/jobs/info/68a390bd37d3cc6b0d578250?utm_source=1099&utm_campaign=Software Engineer,Hybrid,"Phoenix, Arizona, United States",American Express,2026-Summer,2026-December / 2027-June,"Credit Cards,Finance",10000+,$24.05-$63 /hr,"1. Bachelor’s degree candidates with an expected graduation date between December 2026 and June 2027
2. Currently enrolled in a Bachelor’s degree program in Computer Science, Computer Engineering, or other technical field.
3. Java
..."
Software Engineer Intern,2025-08-06,https://jobright.ai/jobs/info/67f295a458a370dded628b79?utm_source=1099&utm_campaign=Software Engineer,On Site,"Fort Collins, CO",Trihydro Corporation,,,"Consulting,Environmental Consulting",251-500,$17-$18 /hr,"1. Applicants must be in pursuit of a bachelor’s or master’s degree in an IT related field.
2. This role utilizes C#, .NET Core, REST Services, Java, Python, Linux, Azure, Docker, and various cloud computing technologies.
3. Duties may include working with HTML5, Entity Framework, CSS, JavaScript, and the MVC framework.
..."
SkillBridge Internship (Frontend Engineer),2025-08-06,https://jobright.ai/jobs/info/687e51aa2097a271a89944e0?utm_source=1099&utm_campaign=Software Engineer,Remote,United States,Hypergiant,,,"Artificial Intelligence (AI),Computer",11-50,,"1. 2+ years of professional software development experience or a computer science / engineering degree.
2. Proficiency with version control and effective collaborative development workflows in a CI/CD environment.
3. Understanding of modern application architecture.
..."
"2026 Confluent Software Engineering Intern Opportunity (Austin, Texas)",2025-08-06,https://jobright.ai/jobs/info/689255af4c7e851b90ad4a75?utm_source=1099&utm_campaign=Software Engineer,Hybrid,"Multi Location
Austin, Texas
Austin, TX",Confluent,2026,2026-December / 2027-August,"Analytics,Cloud Data Services",1001-5000,$45-$61 /hr,"1. Pursuing a Bachelor’s or Master’s in Computer Science, Math, or a related technical field with a graduation date between December 2026- August 2027
2. Self-motivated and able to drive projects with mentorship and project requirements
3. Ability to work effectively in teams and strong verbal and written communication skills
..."
Software Engineering Residency 2025,2025-08-06,https://jobright.ai/jobs/info/68930aadf47efe21139628f0?utm_source=1099&utm_campaign=Software Engineer,On Site,"San Francisco, CA",Persona,2025,,"Cyber Security,Fraud Detection",251-500,,"1. Innovative mindset - You go beyond implementing what is tasked and make product suggestions and features that help push our product forward. You are naturally curious and embrace change.
2. Independent thinking - You can turn around features within days because you learn from your mistakes quickly, and know how to unblock yourself if you get stuck. You give yourself agency to take on new problems and drive them to impactful solutions.
3. People first - You care not just about the code, but the real-world impact your work can have on people. You are excited about building products that real people use, every day.
..."
UI Intern (Unpaid),2025-08-06,https://jobright.ai/jobs/info/683fb028c9cdacca92bb86fe?utm_source=1099&utm_campaign=Software Engineer,On Site,"Multi Location
Bellevue, WA
Bellevue Office, Sunset Corporate Campus",Armada,,,"Artificial Intelligence (AI),Cloud Computing",251-500,,"1. Basic knowledge of JavaScript and web technologies (HTML/CSS)
2. Familiarity with React and component-based UI frameworks
3. Exposure to UI testing tools like Selenium, Cypress, Jest, or similar
..."
SAP iXp Intern - Revenue Accounting Technical,2025-08-06,https://jobright.ai/jobs/info/68769852299cbc74b875e7ae?utm_source=1099&utm_campaign=Software Engineer,Hybrid,"Newtown Square, PA",SAP,2025-August,,"Analytics,Business Intelligence",10000+,,"1. Education: Bachelor’s or Master's in Computer Science, Data Science, or related field
2. Eligibility: Must be currently enrolled, or recently graduated (start date must be within 6 months of graduation date) from a coding academy/bootcamp, apprenticeship, associate, bachelor’s, master’s, or JD/PhD program
3. Experience building Apps, working with APIs
..."
Co-Op Bachelors App Eng,2025-08-06,https://jobright.ai/jobs/info/6876f4a1ae2f413e4a5b5469?utm_source=1099&utm_campaign=Software Engineer,Hybrid,"Mason, OH",Honeywell,,,"Aerospace,Electronics",10000+,,"1. Enrolled in a relevant engineering program
2. Basic understanding of engineering principles
3. Basic AutoCAD knowledge"
Fall 2025 Onboard Infrastructure Engineer,2025-08-06,https://jobright.ai/jobs/info/686e9cd8c26e3704376d62d3?utm_source=1099&utm_campaign=Software Engineer,On Site,"Mountain View, CA",Kodiak,2025-September,,"Autonomous Vehicles,Logistics",101-250,$10000-$10000 /yr,"1. Field(s) of study: Computer Science, Electrical Engineering, Automotive Engineering, Mechanical Engineering, or other related fields.
2. Will consider graduate students at any stage of their Master's or Ph.D. studies.
3. Comfort with fundamental mathematics, linear algebra, and calculus.
..."
"Software Engineer Intern, Backend, Dealer",2025-08-06,https://jobright.ai/jobs/info/689096d24c7e851b90ac79ea?utm_source=1099&utm_campaign=Software Engineer,On Site,New York,Talos,2026-Summer,2027,"Cryptocurrency,Financial Services",51-100,$50-$50 /hr,"1. Class of 2027 pursuing a degree in Computer Science or related field
2. Proficiency in at least one compiled language (e.g., Go, C++, Java)
3. At least one previous internship involving working on backend systems in a production environment, preferably in a user-facing context
..."
Software Developer - Intern,2025-08-05,https://jobright.ai/jobs/info/6892fc90f5ee707a15dcb1ff?utm_source=1099&utm_campaign=Software Engineer,On Site,"Union City, California, United States",Freelancerprox,,,,1-10,,"1. Currently pursuing a degree in Computer Science, Software Engineering, or a related field
2. Strong understanding of programming languages such as Java, C++, or Python
3. Familiarity with web development technologies such as HTML, CSS, and JavaScript
..."
Intern - Software Engineer Product Engineering,2025-08-05,https://jobright.ai/jobs/info/68921719f47efe2113959c86?utm_source=1099&utm_campaign=Software Engineer,Remote,Remote US,Endpoint Clinical,,,"Clinical Trials,Computer",501-1000,$15-$19 /hr,"1. Pursuing a degree in Computer Science, Software Engineering or equivalent and/or appropriate experience
2. Ability to work well in a team environment
3. Technical knowledge of .NET technologies
..."
2025 Code for Good Hackathon - Software Engineer Program - Summer Internship - United States,2025-08-05,https://jobright.ai/jobs/info/6892ee404c7e851b90ada6b2?utm_source=1099&utm_campaign=Software Engineer,On Site,"Austin, TX",JPMorganChase,2025-Summer,2026-December / 2027-June,"Asset Management,Banking",10000+,,"1. Pursuing a B.A., B.S. or 5th year M.A. or M.S. with expected graduation between December 2026, and June 2027
2. A well-rounded academic background
3. Baseline knowledge of software, applications and technical processes within a specific technical discipline (e.g., cloud, artificial intelligence, mobile, etc.)
..."
"Internship, Firmware Engineer, New Programs Engineering  (Winter/Spring 2026)",2025-08-05,https://jobright.ai/jobs/info/6892cb31f47efe211395f268?utm_source=1099&utm_campaign=Software Engineer,On Site,"Hawthorne, CA",Tesla,2025-August,,"Automotive,Electric Vehicle",10000+,$20-$50 /hr,"1. Currently pursuing a degree in Engineering, Computer Science, Mechatronics, or a related field
2. Experience in C/C++
3. Solid understanding of embedded development and low-level coding
..."
Firmware Engineer Intern (Fall 2025),2025-08-05,https://jobright.ai/jobs/info/6892a580f47efe211395de4d?utm_source=1099&utm_campaign=Software Engineer,On Site,"San Jose, CA",Figure,2025-Fall,2025,"Artificial Intelligence (AI),Robotic Process Automation (RPA)",11-50,$35-$45 /hr,"1. Graduate student or recent graduate in Computer Engineering or related field.
2. Minimum 10 weeks internship, 1 to 2 terms preferred.
3. Ability to showcase extra-academic activities working on hardware/software projects.
..."
Summer 2026 Intern - Information Technology,2025-08-05,https://jobright.ai/jobs/info/68929c724c7e851b90ad70ba?utm_source=1099&utm_campaign=Software Engineer,On Site,"Multi Location
Atlanta, GA
Atlanta-GA-US",HD Supply,2026-Summer,,"Construction,Hardware",10000+,,"1. Typically requires BS/BA in a related discipline.
2. Certification may be required in some areas.
3. Generally 0-2 years of experience in a related field OR MS/MA and generally 0-1 year of experience in a related field."
Software Engineering Internship - Summer 2026,2025-08-05,https://jobright.ai/jobs/info/6892d56b4c7e851b90ad921a?utm_source=1099&utm_campaign=Software Engineer,On Site,"Multi Location
Chicago, IL
Chicago, Illinois, United States",Chicago Trading Company,2026-Summer,2026-December / 2027-June,"Financial Services,FinTech",501-1000,,"1. You are pursuing a bachelor's or Master's degree in computer science, Computer Engineering or a similar technical field with Java, C++, or Python experience
2. You will graduate between December 2026-June 2027
3. You have a demonstrated record of success (academics, awards, etc.)
..."
"Software Engineer Intern, Front-End",2025-08-05,https://jobright.ai/jobs/info/68910f924c7e851b90acbbfd?utm_source=1099&utm_campaign=Software Engineer,On Site,"Multi Location
New York, NY
New York",Talos,,2026,"Cryptocurrency,Financial Services",51-100,$50-$50 /hr,"1. Class of 2026 pursuing a degree in Computer Science or related field
2. Experience in React, Angular, or Vue.js, with a solid understanding of web-based frameworks. At Talos, we use React.
3. Demonstrated development experience (applicable coursework, projects, internships, etc.)
..."
Implementation Intern,2025-08-05,https://jobright.ai/jobs/info/689735b71b9e81727f19630a?utm_source=1099&utm_campaign=Software Engineer,On Site,US-,"Fast Enterprises, LLC",Summer,,"Consulting,GovTech",1001-5000,$25-$25 /yr,"1. Current undergraduate student in Computer Science, Information Systems, Mathematics, or Engineering (students from all areas of study with technical training or experience will be considered).
2. Experience in a .NET or similar development environment.
3. Exposure to SQL in Microsoft SQL Server, Oracle, PostgreSQL, MySQL, or a similar database management system.
..."
Jr. Software Development Engineer- San Luis Obispo,2025-08-05,https://jobright.ai/jobs/info/67423c72b23418b7466b49de?utm_source=1099&utm_campaign=Software Engineer,On Site,"San Luis Obispo, CA",Amazon,2025-January,2027-June,"Delivery,E-Commerce",10000+,$16-$75 /hr,"1. Currently enrolled in an accredited college or university Bachelor's or Master's degree program.
2. Majoring in Computer Science, Software Engineering, or related STEM field.
3. Graduating June 2027 and beyond.
..."
Software Engineer,2025-08-05,https://jobright.ai/jobs/info/6891fec1f47efe2113959671?utm_source=1099&utm_campaign=Software Engineer,Hybrid,"Atlanta, GA",Satine Technologies,,,,1-10,,"1. CS degree (or equivalent technical foundation)
2. Demonstrated learning agility - record of mastering new concepts quickly
3. Strong programming fundamentals - data structures, algorithms, clean code practices
..."
Research Internship (Blockchain Storage),2025-08-05,https://jobright.ai/jobs/info/6890bfe4f47efe211394ffd4?utm_source=1099&utm_campaign=Software Engineer,Remote,United States,Supra,,,"Blockchain,Cryptocurrency",101-250,,"1. Very good command over Rust programming.
2. Knowledge and experience with Rust testing tools and testing methodologies.
3. Very good with debugging."
Software Engineering Intern – Summer 2026,2025-08-04,https://jobright.ai/jobs/info/688c510e1808534a89cba98c?utm_source=1099&utm_campaign=Software Engineer,On Site,"North Haven, CT",Medtronic,2026-Summer,2026-Winter / 2027-Spring / 2027-Winter / 2028-Spring,"Artificial Intelligence (AI),Biotechnology",10000+,$29-$33 /hr,"1. Working towards a bachelor’s or master’s degree in computer or software engineering, computer science or related engineering major with an anticipated graduation date of Winter 2026, Spring 2027, Winter 2027 or Spring 2028
2. The ability to participate full time (40 hours/week) as part of our intern cohort from June 1 - August 14 (semester system programs) or June 15 – August 21 (quarter system programs)
3. Legally authorized to work in the U.S. on a full-time basis and do not require sponsorship in the future for an employment visa. The Medtronic Summer Internship Program does not provide work authorization sponsorship for summer intern positions. Individuals with temporary visas such as E, F-1, H-1, H-2, L, B, J or TN, or who need sponsorship for work authorization now or in the future, are not eligible for the Medtronic Summer Internship Program"
"Software Engineer Intern, Backend, Dealer",2025-08-04,https://jobright.ai/jobs/info/68956df38c6d6b44267799ef?utm_source=1099&utm_campaign=Software Engineer,On Site,"New York, United States",Talos,2026-Summer,2027,"Cryptocurrency,Financial Services",51-100,,"1. Class of 2027 pursuing a degree in Computer Science or related field
2. Proficiency in at least one compiled language (e.g., Go, C++, Java)
3. At least one previous internship involving working on backend systems in a production environment, preferably in a user-facing context
..."
"Software Engineer Intern, Backend, PMS",2025-08-04,https://jobright.ai/jobs/info/68956eba4ed2ea559ca55cb4?utm_source=1099&utm_campaign=Software Engineer,On Site,"New York, United States",Talos,2026-Summer,2027,"Cryptocurrency,Financial Services",51-100,,"1. Class of 2027 pursuing a degree in Computer Science or related field
2. Proficiency in at least one compiled language (e.g., Go, C++, Java)
3. At least one previous internship involving working on backend systems in a production environment, preferably in a user-facing context
..."
"Assurance Intern, Information Systems Assurance - Summer 2026 (Dallas)",2025-08-04,https://jobright.ai/jobs/info/68915a86f5ee707a15dbdd7d?utm_source=1099&utm_campaign=Software Engineer,On Site,"Dallas, TX, United States",BDO,2026-Summer,,"Accounting,Business Development",10000+,$37-$41 /hr,"1. Pursuing a degree in Accounting, Computer Science, or Information Systems, required"
"Assurance Intern, Information Systems Assurance - Summer 2026 (Dallas)",2025-08-04,https://jobright.ai/jobs/info/68915a4cf47efe2113954796?utm_source=1099&utm_campaign=Software Engineer,On Site,"23 600 North Pearl, Dallas, TX, 75201, US",BDO USA,2026-Summer,,"Accounting,Consulting",10000+,$37-$41 /hr,"1. Pursuing a degree in Accounting, Computer Science, or Information Systems, required"
"Intern, Information Technology 2026",2025-08-04,https://jobright.ai/jobs/info/689187174c7e851b90acf830?utm_source=1099&utm_campaign=Software Engineer,On Site,"Bartlesville, OK",ConocoPhillips,2026-May,2026-Fall / 2029-Spring / 2029-Fall,"Energy,Mining",10000+,,"1. Must be legally authorized to work in the United States on a full-time basis for anyone other than current employer and/or education institution
2. Pursuing a Bachelor's degree or higher in Computer Engineering, Computer Science, Electrical Engineering, Information Technology, Management Information Systems, other related field, or foreign equivalent
3. Current level in college: Freshman through Senior
..."
ADA Software Engineer Intern,2025-08-04,https://jobright.ai/jobs/info/68911a0ef47efe2113952b4a?utm_source=1099&utm_campaign=Software Engineer,On Site,"Seattle, WA, United States",NetSuite,2025,,"Cloud Computing,Computer",10000+,,"1. 0 to 2+ years of experience
2. Ability to read, write, and speak English"
US 2026 Functional Testing Intern,2025-08-04,https://jobright.ai/jobs/info/689194cd4c7e851b90ad01de?utm_source=1099&utm_campaign=Software Engineer,On Site,"San Jose, CA",TetraMem - Accelerate The World,2026,,,11-50,$35-$45 /hr,"1. Currently pursuing a degree in Electrical Engineering, Computer Engineering/Science, or a related field
2. Foundational knowledge in embedded programming with proficiency in C/C++ for driver and firmware development
3. Solid programming skills in Python and familiarity with MATLAB for test automation and analysis
..."
2026 Summer Internship - Software Development (DV Commodities),2025-08-04,https://jobright.ai/jobs/info/688d294b3a30793eb9648ec4?utm_source=1099&utm_campaign=Software Engineer,On Site,New York,DV Trading LLC,2026-Summer,2026-Winter / 2027-Summer,Trading Platform,251-500,$40-$50 /hr,"1. Currently pursuing a degree in Computer Science, Computer Engineering or related field and expected to graduate between Winter 2026 and Summer 2027
2. Proficient in one or more general purpose programming languages, including C++ and Python
3. Strong quantitative, analytical and problem-solving skills
..."
Full Stack Software Engineer - 2025 Summer Intern,2025-08-04,https://jobright.ai/jobs/info/68901c5ee5cead4afd461b5d?utm_source=1099&utm_campaign=Software Engineer,Remote,United States,Symmetry Systems,2025-Summer,,"Cloud Security,Cyber Security",11-50,,"1. Currently pursuing a degree in Computer Science, Software Engineering, or a related field
2. Experience in software development
3. Strong problem-solving and debugging skills
..."
"Intern, Software Engineering",2025-08-03,https://jobright.ai/jobs/info/68ac079edaf1431824c93039?utm_source=1099&utm_campaign=Software Engineer,On Site,"Fargo, ND",Dynon Avionics,,,"Computer,Manufacturing",101-250,$25-$27 /hr,"1. Proficiency in C++ is required and at least one other programming language, such as Python, is desired.
2. Familiarity with source control software like GIT is required.
3. Excellent problem-solving and analytical skills.
..."
DoD Skillbridge Fellowship- Software Engineer,2025-08-03,https://jobright.ai/jobs/info/6890373ef47efe211394b433?utm_source=1099&utm_campaign=Software Engineer,Hybrid,Remote- US,PVM,,,"Project Management,Real Estate",51-100,,"1. An active-duty service member eligible for the DoD SkillBridge program
2. Interested in software engineering, data, or technology careers
3. Motivated to learn, solve problems, and build high-impact solutions
..."
Winter Intern 2026 - Software Developer,2025-08-03,https://jobright.ai/jobs/info/6877d833866a435525ab49da?utm_source=1099&utm_campaign=Software Engineer,On Site,New York,Five Rings,2026-January,,Service Industry,51-100,$5750-$5750 /wk,1. Proficiency with Python
Bluetooth/Wireless QA Engineer Intern(12month),2025-08-03,https://jobright.ai/jobs/info/68900d936a4aac5783cde1b7?utm_source=1099&utm_campaign=Software Engineer,On Site,"Mountain View, CA",Neusoft,,,"Information Technology,Security",10000+,$20-$30 /hr,"1. Understanding of fundamentals of wireless communications and at least one major wireless standard (802.11 Wifi, Bluetooth, BLE etc)
2. Hands-on experience with wireless test equipment (e.g. spectrum analyzer, packet sniffer, call box)
3. Proficiency in writing and debugging software in Python
..."
"Software Engineer Intern, Backend, PMS",2025-08-03,https://jobright.ai/jobs/info/68909ecc4c7e851b90ac80e9?utm_source=1099&utm_campaign=Software Engineer,On Site,New York,Talos,2026-Summer,2027,"Cryptocurrency,Financial Services",51-100,$50-$50 /hr,"1. Class of 2027 pursuing a degree in Computer Science or related field
2. Proficiency in at least one compiled language (e.g., Go, C++, Java)
3. At least one previous internship involving working on backend systems in a production environment, preferably in a user-facing context
..."
"Software Engineer Intern, BCI Applications",2025-08-02,https://jobright.ai/jobs/info/683a6b008f1dc4958bd0be50?utm_source=1099&utm_campaign=Software Engineer,On Site,"Multi Location
Fremont, CA
Fremont, California, United States",Neuralink,,,"Biotechnology,Medical",251-500,$35-$35 /hr,"1. Evidence in delivering high-impact projects to users or businesses with clear metrics and fast iteration cycle
2. Evidence of exceptional ability in engineering and strong understanding of engineering first principles
3. Fluent in Python
..."
"2026 Summer Internship - Software Development, DV Commodities",2025-08-02,https://jobright.ai/jobs/info/688d493a3a30793eb9649f4a?utm_source=1099&utm_campaign=Software Engineer,On Site,"New York, NY",DV Trading LLC,2026-Summer,2026-Winter / 2027-Summer,Trading Platform,251-500,$40-$50 /hr,"1. Currently pursuing a degree in Computer Science, Computer Engineering or related field and expected to graduate between Winter 2026 and Summer 2027
2. Proficient in one or more general purpose programming languages, including C++ and Python
3. Strong quantitative, analytical and problem-solving skills
..."
Bachelor / Master Thesis in Computer Science Engineering (80-100%),2025-08-02,https://jobright.ai/jobs/info/688dca1fcdbd821a3663f99f?utm_source=1099&utm_campaign=Software Engineer,On Site,"Location, WV",ABB,,,"Automotive,Energy",10000+,,"1. Currently pursuing a Bachelor's or Master’s degree in Computer Science Engineering or equivalent and you have fulfilled prerequisites for starting your Bachelor's or Master’s thesis at your university
2. You possess an enhanced knowledge of HTML, JavaScript, CSS, Python, PHP, Java, C# and SQL
3. You are at ease communicating in English
..."
Internship in Industrial Software Systems (80-100%),2025-08-02,https://jobright.ai/jobs/info/688dc552e5cead4afd45a980?utm_source=1099&utm_campaign=Software Engineer,On Site,"Location, WV",ABB,,,"Automotive,Energy",10000+,,"1. You currently pursue a Bachelor’s or Master’s degree (enrollment to 5th semester or higher is essential) in Computer Science, Engineering or a related field
2. You possess good knowledge of computer architecture (CPU, memory hierarchy, etc.) and have solid programming skills in C/C++ (including debugging and testing)
3. You are comfortable working on Linux and feel familiar with systems-level or embedded programming
..."
Programmer,2025-08-01,https://jobright.ai/jobs/info/688d612627f9022553c0b014?utm_source=1099&utm_campaign=Software Engineer,On Site,"Ogden, UT",Weber State University Department of Automotive Technology,2025,,,1-10,$17-$17 /hr,"1. C# Programming experience (Classroom or Professional)
2. VB.net Programming experience (Classroom or Professional)
3. Availability for at least 20 hours during the week (between the hours of 7:30 am-4 pm, Mon-Fri)
..."
2025 Code for Good Hackathon - Software Engineer Program - Summer Internship - United States,2025-08-01,https://jobright.ai/jobs/info/689256e0f5ee707a15dc4ae7?utm_source=1099&utm_campaign=Software Engineer,On Site,"Austin, TX, United States",JPMorganChase,2025-Summer,2026-December / 2027-June,"Asset Management,Banking",10000+,$45.67-$45.67 /hr,"1. Pursuing a B.A., B.S. or 5th year M.A. or M.S. with expected graduation between December 2026, and June 2027
2. A well-rounded academic background
3. Baseline knowledge of software, applications and technical processes within a specific technical discipline (e.g., cloud, artificial intelligence, mobile, etc.)
..."
2025 Code for Good Hackathon - Software Engineer Program - Summer Internship - United States,2025-08-01,https://jobright.ai/jobs/info/689258cd4c7e851b90ad4e2d?utm_source=1099&utm_campaign=Software Engineer,On Site,"Austin, TX, United States",Chase,2025-Summer,2026-December / 2027-June,"Banking,Financial Services",10000+,$45.67-$45.67 /hr,"1. Pursuing a B.A., B.S. or 5th year M.A. or M.S. with expected graduation between December 2026, and June 2027
2. A well-rounded academic background
3. Baseline knowledge of software, applications and technical processes within a specific technical discipline (e.g., cloud, artificial intelligence, mobile, etc.)
..."
"Software Engineer Intern - Full Stack Web, Summer 2026",2025-08-01,https://jobright.ai/jobs/info/6875b9255cebcd1dd51c2ff3?utm_source=1099&utm_campaign=Software Engineer,On Site,"Chicago, IL",Akuna Capital,2026-Summer,2027-August,Trading Platform,251-500,,"1. Pursuing a Bachelors, Masters, or Ph.D. in technical field – Computer Science/Engineering or equivalent
2. Must graduate by August 2027
3. Major GPA of 3.5 or above
..."
Content Engineer,2025-08-01,https://jobright.ai/jobs/info/687680b6299cbc74b875da8d?utm_source=1099&utm_campaign=Software Engineer,On Site,"Multi Location
San Francisco, CA
San Francisco",Anything,,,"Artificial Intelligence (AI),Developer Tools",1-10,$30-$80 /hr,"1. Strong full stack dev experience (JS/TS, React/React Native/Next/Expo, Node or similar).
2. Love moving from blank page → shipped product in a day.
3. Strong attention to detail & aesthetics – you notice off‑by‑1 px.
..."
Quality Assurance Intern,2025-08-01,https://jobright.ai/jobs/info/688d2cdb27f9022553c09c2c?utm_source=1099&utm_campaign=Software Engineer,Hybrid,"Tucson, AZ",International Rescue Committee,,,"Charity,Communities",5001-10000,,"1. Microsoft Excel, data entry and other record keeping experience.
2. Interested in nonprofit management and quality assurance.
3. Strong attention to detail and organizational skills.
..."
Software Engineering Intern - Summer 2026,2025-08-01,https://jobright.ai/jobs/info/688cd67627f9022553c07156?utm_source=1099&utm_campaign=Software Engineer,On Site,"Needham, MA",HPR (Hyannis Port Research),2026-Summer,,"Financial Services,Manufacturing",11-50,,"1. Pursuing a BS/MS in Computer Engineering, Computer Science or related field and have attained Sophomore standing or higher
2. Successful completion of a course(s) related to Data Structures & Algorithms, Operating Systems, Machine Structure & Assembly-Language, Performance Engineering, and/or Networks & Protocols
3. Must have and maintain at least a 3.0 cumulative GPA, if on a 4.0 scale
..."
Research Engineering Internship (Formal Methods for Testing),2025-08-01,https://jobright.ai/jobs/info/6890accc4c7e851b90ac8a60?utm_source=1099&utm_campaign=Software Engineer,Remote,United States,Supra,,,"Blockchain,Cryptocurrency",101-250,,"1. Final year undergraduate or above
2. Formal methods background"
Software Engineering Intern (2026 Grads Only),2025-08-01,https://jobright.ai/jobs/info/688ab78d9f961617fe21dab4?utm_source=1099&utm_campaign=Software Engineer,On Site,"Multi Location
San Francisco, CA
New York, NY",Baseten,,2025 / 2026,"Artificial Intelligence (AI),Developer Tools",51-100,$130K-$160K /yr,"1. 2+ prior internships or research experiences
2. Minimum of 3-months commitment required to intern
3. Working towards a Bachelor's, Master's, or Ph.D. degree in Computer Science, Engineering, Mathematics, or related field. Advanced coursework in machine learning, systems, and infrastructure is a plus. Graduating in 2025 or 2026.
..."
2026 Campus Recruiting: Software Engineer Intern,2025-08-01,https://jobright.ai/jobs/info/687584c5ae2f413e4a5a7dc9?utm_source=1099&utm_campaign=Software Engineer,On Site,"Draper, Utah, United States",BILL,2026-Summer,2026-December / 2027-July,"Apps,Billing",1001-5000,$53-$53 /hr,"1. A strong foundation of coding skills, and knowledge of: Front end - Javascript, Angular, ReactJS; Back end - Java; Full Stack - Javascript, Ruby on Rails
2. A growth mindset: an eagerness to learn to overcome unique coding challenges, and an interest in picking up new coding skills or technologies
3. Strong coding problem solving skills
..."
Full Stack Engineer (Intern),2025-08-01,https://jobright.ai/jobs/info/687a40e02097a271a897e014?utm_source=1099&utm_campaign=Software Engineer,On Site,"San Francisco, CA",Orchids,,,,1-10,$6K-$12K /yr,"1. Worked on a number of full stack projects in the past that have been deployed and used by real users.
2. Ability to quickly iterate across multiple features.
3. Ability to write clean, robust code.
..."
2026 Intern - Technology,2025-08-01,https://jobright.ai/jobs/info/689f2db783d13d1f5b6c4807?utm_source=1099&utm_campaign=Software Engineer,Remote,United States,FTI Consulting,2026-Summer,2026-December / 2027-August,"Health Care,Information Technology",11-50,$30-$35 /hr,"1. Actively pursuing a full-time bachelor’s degree or completing a fifth-year master’s program with a graduation date between December 2026 – August 2027.
2. Minimum 3.0 Cumulative GPA
3. Ability to work 40 hours per week for the duration of the internship program, taking place between late May 2026 – August 2026
..."
Software Engineering Intern,2025-08-01,https://jobright.ai/jobs/info/687f8bf02097a271a899d373?utm_source=1099&utm_campaign=Software Engineer,On Site,"San Francisco, CA",Vendra (YC S24),,,,1-10,$5K-$7K /yr,"1. Experience building and shipping real software through internships, startups, open-source, or university projects
2. Strong coding skills in Python and/or Javascript"
2026 Software Engineer Program - Summer Internship – United States,2025-08-01,https://jobright.ai/jobs/info/688c68033a30793eb9642fda?utm_source=1099&utm_campaign=Software Engineer,On Site,"Austin, TX, United States",Chase,2026-Summer,2026-December / 2027-June,"Banking,Financial Services",10000+,$45.67-$45.67 /hr,"1. Pursuing a B.A., B.S. or 5th year M.A. or M.S. with expected graduation between December 2026 and June 2027
2. A well-rounded academic background
3. Baseline knowledge of software, applications and technical processes within a specific technical discipline (e.g., cloud, artificial intelligence, mobile, etc.)
..."
Software Engineer Intern,2025-08-01,https://jobright.ai/jobs/info/68640b1c81c76de3a2b71864?utm_source=1099&utm_campaign=Software Engineer,On Site,"Chicago, IL",IMC Trading,2026-June,2026-September / 2027-July,,,$175000-$175000 /yr,"1. Current university student graduating between September 2026 - July 2027 that is pursuing a Computer Science, Engineering, or a related technology degree
2. Strong knowledge of algorithms and data structures is required
3. Strong analytical skills and interest in solving complex problems programmatically
..."
2026 Software Engineer Program - Summer Internship – United States,2025-08-01,https://jobright.ai/jobs/info/688c48511808534a89cba3eb?utm_source=1099&utm_campaign=Software Engineer,On Site,"Austin, TX, United States",JPMorganChase,2026-Summer,2026-December / 2027-June,"Asset Management,Banking",10000+,$45.67-$45.67 /hr,"1. Pursuing a B.A., B.S. or 5th year M.A. or M.S. with expected graduation between December 2026 and June 2027
2. A well-rounded academic background
3. Baseline knowledge of software, applications and technical processes within a specific technical discipline (e.g., cloud, artificial intelligence, mobile, etc.)
..."
Production Code Quality Internship,2025-08-01,https://jobright.ai/jobs/info/6890b72c4c7e851b90ac8f4e?utm_source=1099&utm_campaign=Software Engineer,Remote,United States,Supra,,,"Blockchain,Cryptocurrency",101-250,,"1. Very good command over Rust programming
2. Knowledge and experience with Rust testing tools and testing methodologies
3. Pro-active communication and collaboration abilities with proficiency in written and oral English
..."
Software Engineer Internship,2025-07-31,https://jobright.ai/jobs/info/68a81505d627244576e30d25?utm_source=1099&utm_campaign=Software Engineer,On Site,"Lindon, UT",Stax Bill,,,"Information Technology,SaaS",11-50,,"1. Currently pursuing or recently completed a degree in Computer Science, Computer Engineering, or a related field.
2. Experience with one or more programming languages such as Go, Python, Java, JavaScript, NodeJS or C++.
3. Understanding of software development principles, data structures, and algorithms.
..."
Software Engineering Intern – Summer 2026,2025-07-31,https://jobright.ai/jobs/info/688c42af3a30793eb96419f0?utm_source=1099&utm_campaign=Software Engineer,On Site,"Multi Location
North Haven, Connecticut, United States of America
Minneapolis, Minnesota, United States of America
Lafayette, Colorado, United States of America",Medtronic,2026-Summer,2026-Winter / 2027-Spring / 2027-Winter / 2028-Spring,"Artificial Intelligence (AI),Biotechnology",10000+,"$55,120-$94,120 /yr","1. Working towards a bachelor’s or master’s degree in computer or software engineering, computer science or related engineering major with an anticipated graduation date of Winter 2026, Spring 2027, Winter 2027 or Spring 2028
2. The ability to participate full time (40 hours/week) as part of our intern cohort from June 1 - August 14 (semester system programs) or June 15 – August 21 (quarter system programs)
3. Legally authorized to work in the U.S. on a full-time basis and do not require sponsorship in the future for an employment visa. The Medtronic Summer Internship Program does not provide work authorization sponsorship for summer intern positions. Individuals with temporary visas such as E, F-1, H-1, H-2, L, B, J or TN, or who need sponsorship for work authorization now or in the future, are not eligible for the Medtronic Summer Internship Program"
Software Engineer Intern,2025-07-31,https://jobright.ai/jobs/info/687b680aed63844c944a7a75?utm_source=1099&utm_campaign=Software Engineer,On Site,"Montvale, NJ",PENTAX Medical Americas,,,,251-500,,"1. BS in Computer Science or equivalent
2. Programming and algorithm skills
3. Strong verbal and written communications skills - must be able to develop presentations and present ideas"
Quality Assurance Intern,2025-07-31,https://jobright.ai/jobs/info/688d551827f9022553c0acb3?utm_source=1099&utm_campaign=Software Engineer,On Site,"Tucson, AZ",International Rescue Committee Phoenix,,,,11-50,,"1. Microsoft Excel, data entry and other record keeping experience.
2. Interested in nonprofit management and quality assurance.
3. Strong attention to detail and organizational skills.
..."
University Grad 2026: Software Engineer - Frontend,2025-07-31,https://jobright.ai/jobs/info/688d2a3a3a30793eb9649022?utm_source=1099&utm_campaign=Software Engineer,On Site,New York,Ramp,2026-Summer/Fall,2026-May,"Finance,Financial Services",1001-5000,$142K-$175K /yr,"1. Graduating with a B.S. (or higher) in Computer Science or a related technical field; this role is ideal for a candidate with an expected graduation date in or around May 2026 given the deferred start date in Summer/Fall 2026
2. Proficiency in JavaScript, with a knack for getting the visuals right
3. Experience with one or more object-oriented programming languages
..."
Software Engineering Intern,2025-07-31,https://jobright.ai/jobs/info/6882b7cf6fcd973d15adbf22?utm_source=1099&utm_campaign=Software Engineer,On Site,"San Francisco, CA",Verse,,,"Enterprise Software,Renewable Energy",11-50,$40-$45 /hr,"1. Strong problem-solving skills, eagerness to learn, and mutual kindness and respect for your teammates
2. Good communication skills and collaborative mindset
3. Self-motivation with ability to work independently
..."
Webflow Intern,2025-07-31,https://jobright.ai/jobs/info/688bd403906ac06e1d1ceba3?utm_source=1099&utm_campaign=Software Engineer,On Site,"Los Angeles, CA",SuperWorld🌎❤️,,,"Apps,Augmented Reality",11-50,,"1. Content management system experience and willing to learn Webflow content management
2. Front end development experience to learn Webflow content management
3. A/B testing experience & keen on data driven decision making, analytical experience at Internet company a plus
..."
Software Engineering Intern,2025-07-31,https://jobright.ai/jobs/info/688b49b8906ac06e1d1ca544?utm_source=1099&utm_campaign=Software Engineer,Remote,United States,Atlan,,,"Big Data,Data Governance",251-500,,"1. Must be currently enrolled in or recently graduated from a Master’s program in Computer Science, Software Engineering, or a related field.
2. Must be authorized to work in the United States without visa sponsorship for the internship period (CPT/OPT welcome).
3. Available to commit full-time (30–40 hours/week) for 4 to 12 months.
..."
Software Engineering Intern,2025-07-31,https://jobright.ai/jobs/info/688bac5c3a30793eb963c79e?utm_source=1099&utm_campaign=Software Engineer,On Site,"Cedar Falls, IA",Light & Wonder,,,"Gamification,Gaming",5001-10000,,"1. Bachelor’s degree in Computer Science (or working towards)
2. Software development
3. Quality assurance
..."
Software Developer Intern,2025-07-31,https://jobright.ai/jobs/info/688b97ec1808534a89cb4460?utm_source=1099&utm_campaign=Software Engineer,On Site,"Lafayette, LA",Veris Global,,,"Cloud Management,Consulting",11-50,,"1. Pursuing a Bachelor’s degree or equivalent experience in Computer Science or a related field
2. Experience with HTML and JavaScript
3. Development experience with programming languages
..."
Software Engineering Intern,2025-07-31,https://jobright.ai/jobs/info/688aa18baab47a17f670a5e7?utm_source=1099&utm_campaign=Software Engineer,On Site,New York,Baseten,,2025 / 2026,"Artificial Intelligence (AI),Developer Tools",51-100,$130K-$160K /yr,"1. 2+ prior internships or research experiences
2. Minimum of 3-months commitment required to intern
3. Working towards a Bachelor's, Master's, or Ph.D. degree in Computer Science, Engineering, Mathematics, or related field. Advanced coursework in machine learning, systems, and infrastructure is a plus. Graduating in 2025 or 2026.
..."
Software Engineering Intern,2025-07-31,https://jobright.ai/jobs/info/688b125309808a6103e54603?utm_source=1099&utm_campaign=Software Engineer,Hybrid,"Multi Location
New York, NY
NYC Hybrid",GPTZero,,,"Artificial Intelligence (AI),Information Technology",11-50,,"1. Comfortable building end-to-end experiences from backend to CSS
2. +2 years of experience with modern web frameworks (Express, Next.js, Typescript, and React)
3. +1 years of experience with databases (PostgreSQL, AWS RDS)
..."
Intern- Corporate Real Estate,2025-07-30,https://jobright.ai/jobs/info/688ac37409808a6103e511fa?utm_source=1099&utm_campaign=Software Engineer,Hybrid,"Multi Location
Boston, MA
Remote Client Site - USA - Flexible United States",Cushman & Wakefield,,,"Commercial,Commercial Real Estate",10000+,,"1. Strong interest in technology, AI, and automation
2. Experience with AI and related technologies
3. Excellent research and communication skills."
Computer Science Co-op (Spring 26),2025-07-30,https://jobright.ai/jobs/info/688bd9c33a30793eb963e324?utm_source=1099&utm_campaign=Software Engineer,On Site,"Harrison, OH",Cincinnati Incorporated,2026-Spring,2026-Spring,"3D Technology,CAD",251-500,,"1. Pursuing a degree in Computer Science or Electrical, Computer, or Software Engineering
2. One or more software programming classes completed
3. Must be able to solve challenging software problems
..."
Junior Python Developer Intern,2025-07-30,https://jobright.ai/jobs/info/688a4c1209808a6103e4da8a?utm_source=1099&utm_campaign=Software Engineer,On Site,"Little Rock, AR",Apprenticely,,,,11-50,$15-$15 /hr,"1. Proficient in Python (coursework, bootcamp, or project experience acceptable)
2. Strong understanding of SQL or experience working with databases
3. Strong analytical and problem-solving skills
..."
Software Engineering Internship – Summer 2026,2025-07-30,https://jobright.ai/jobs/info/6887fdff4174df41e0fa22cb?utm_source=1099&utm_campaign=Software Engineer,On Site,"New York, NY, United States",Hudson River Trading,2026-Summer,2027,Financial Services,1001-5000,$5800-$5800 /wk,"1. You are a full-time undergraduate student studying computer science or a related field who is eligible for full-time roles in 2027
2. Programming experience in Python, C or C++ is required
3. A passion for technology and writing code that is elegant, readable, and efficient
..."
Software Developer Co-op/Intern,2025-07-29,https://jobright.ai/jobs/info/688c41f33a30793eb964188a?utm_source=1099&utm_campaign=Software Engineer,On Site,"Cincinnati, OH",London Computer Systems,,,"Information Technology,Software",251-500,,"1. Participate in web application development (including GUI design).
2. Produce efficient, clean, and well-commented code.
3. Analyze, design, test, and implement applications and databases.
..."
Front Office Software Engineer Internship (Summer 2026),2025-07-29,https://jobright.ai/jobs/info/687e9968764c3d7411c44c30?utm_source=1099&utm_campaign=Software Engineer,On Site,"Stamford, CT",Castleton Commodities International,2026-Summer,2026-Winter / 2027-Spring / 2027-Summer,Oil and Gas,251-500,,"1. Currently pursuing a Bachelor’s or Master’s degree in Computer Science, Engineering, Management Information Systems, or related technical field of study.
2. Expected graduation date of Winter 2026 or Spring/Summer 2027.
3. Strong programming experience in Python (preferred libraries: Pandas, NumPy, etc.)
..."
Software Engineer Internship,2025-07-28,https://jobright.ai/jobs/info/6888658273e3e13cbd9451ff?utm_source=1099&utm_campaign=Software Engineer,On Site,"Lindon, UT",Stax Payments,,,"Financial Services,Mobile Payments",251-500,,"1. Currently pursuing or recently completed a degree in Computer Science, Computer Engineering, or a related field.
2. Experience with one or more programming languages such as Go, Python, Java, JavaScript, NodeJS or C++.
3. Understanding of software development principles, data structures, and algorithms.
..."
Quality Assurance Intern,2025-07-28,https://jobright.ai/jobs/info/68903bdb4c7e851b90ac4f78?utm_source=1099&utm_campaign=Software Engineer,Remote,Remote - United States of America,Marmon Foodservice Technologies,,,"Commercial,Food and Beverage",1001-5000,,"1. Currently pursuing a degree in Computer Science, Engineering, Quality Management, or a related field.
2. Basic understanding of software development and testing concepts.
3. Strong attention to detail and analytical thinking.
..."
"Software Engineer Intern, Hippocampus",2025-07-28,https://jobright.ai/jobs/info/675cb53730a02e260e52e181?utm_source=1099&utm_campaign=Software Engineer,On Site,"Multi Location
Austin, Texas, United States
Fremont, CA",Neuralink,2026-Winter,2026-January,"Biotechnology,Medical",251-500,$35-$35 /hr,"1. Demonstrated experience in shipping a product that has been actively used, regardless of tech stack or domain (e.g., full-stack, machine learning, etc.)
2. Ability to design and implement simple and elegant software solutions
3. Proven track record of shipping software with real-world impact
..."
Software Development Internship for Video Surveillance Software,2025-07-28,https://jobright.ai/jobs/info/688797d14174df41e0f9f14b?utm_source=1099&utm_campaign=Software Engineer,On Site,"Norfolk, VA",IPConfigure Inc.,,,"Security,Software",11-50,,"1. Applicants should be actively pursuing a degree in a relevant discipline (e.g., Computer Science, Electrical or Computer Engineering, Mathematics, etc.) at an accredited Virginia university
2. Successful applicants will typically be third or fourth year undergraduate students, graduate students, or recent graduates
3. Will be asked to complete a technical assessment in order to show competence in C++, Java, or JavaScript
..."
"Software Engineer Intern, Implant",2025-07-28,https://jobright.ai/jobs/info/681c17fa51162154c8dcda7c?utm_source=1099&utm_campaign=Software Engineer,On Site,"Multi Location
Austin, Texas, United States
Fremont, CA",Neuralink,,,"Biotechnology,Medical",251-500,$35-$35 /hr,"1. Fluent in Python and C or Rust (don’t get hung up on this—being an exceptional software engineer matters above all)
2. Experience (and comfortable) with the Linux/Unix systems and command line
3. Evidence of exceptional ability in engineering, mathematics, or computer science
..."
BCIC Blockchain Analyst,2025-07-28,https://jobright.ai/jobs/info/6888c72409808a6103e42d87?utm_source=1099&utm_campaign=Software Engineer,On Site,"Boston, MA",Boston Capital Investment Club,,,,11-50,,"1. You have been following the blockchain industry for at least 3 months and are familiar with its general progress.
2. You know what tokens are and be able to talk knowledgeable about at least a few.
3. Your background includes analytical work: taking a problem, breaking it down into component parts, giving them numbers, and building them back into a solution.
..."
Software Engineer Intern/Co-Op - Fall 2025,2025-07-27,https://jobright.ai/jobs/info/6885f059fbbf032d0006f70e?utm_source=1099&utm_campaign=Software Engineer,Hybrid,"Multi Location
Peachtree Corners, GA
Atlanta, GA",SoloPulse Corp,2025-Fall,2025,"Information Technology,Internet",1-10,,"1. Must be pursuing a Bachelor's, Master's, or PhD in Computer Science, Computer Engineering or related quantitative field from an accredited 4-year university
2. Proficiency in Python and C++
3. Familiarity with embedded and real-time systems programming
..."
Software Developer Intern,2025-07-27,https://jobright.ai/jobs/info/68834917835a903aa07f5581?utm_source=1099&utm_campaign=Software Engineer,On Site,"Meridian, ID",Red Aspen,,,"Beauty,Consumer Goods",101-250,$20-$20 /hr,"1. Currently enrolled in a Bachelor’s degree program in Computer Science, Information Technology, Software Engineering, or a related field.
2. Interest in web development, ecommerce platforms, or IT systems, with a willingness to learn Shopify
3. Strong problem-solving skills and attention to detail, with a proactive and curious approach
..."
2025 - 2026 Software Engineer Program Summer Internship - Academic Internship,2025-07-27,https://jobright.ai/jobs/info/68832b936fcd973d15adff38?utm_source=1099&utm_campaign=Software Engineer,On Site,"Atlanta, GA, United States",Chase,,2025-December / 2027-June,"Banking,Financial Services",10000+,$45.67-$45.67 /hr,"1. Completion of the 2025 Software Engineer Internship Program and the acceptance of a 2026 Internship or Full-Time Software Engineer Program offer with JPMorgan Chase
2. Pursuing a B.A., B.S. or 5th year M.A. or M.S. with expected graduation between December 2025 and June 2027 (all majors considered)
3. A well-rounded academic background
..."
Research Engineering Internship (Static Analysis),2025-07-27,https://jobright.ai/jobs/info/6890b1b64c7e851b90ac8ca7?utm_source=1099&utm_campaign=Software Engineer,Remote,United States,Supra,,,"Blockchain,Cryptocurrency",101-250,,"1. Final year undergraduate or above
2. Formal methods background"
"Software Engineer Intern - NASA Grant (Orlando, FL)",2025-07-26,https://jobright.ai/jobs/info/6884f493fbbf032d0006b863?utm_source=1099&utm_campaign=Software Engineer,On Site,"Orlando, FL",Philo Ventures,2025-October,,"Finance,Financial Services",11-50,,"1. Currently pursuing a Bachelor's or Master's degree in Computer Science, Software Engineering, or a related technical field.
2. Foundational understanding of software development principles and practices.
3. Fluency with at least one or more relevant programming languages (e.g., Python, NodeJS, Typescript, React, Postgres).
..."
"Software Engineer Intern - NASA Grant (Lehi, UT)",2025-07-26,https://jobright.ai/jobs/info/6884e69c4174df41e0f958bb?utm_source=1099&utm_campaign=Software Engineer,On Site,"Lehi, UT",Philo Ventures,2025-October,,"Finance,Financial Services",11-50,,"1. Currently pursuing a Bachelor's or Master's degree in Computer Science, Software Engineering, or a related technical field.
2. Foundational understanding of software development principles and practices.
3. Fluency with at least one or more relevant programming languages (e.g., Python, NodeJS, Typescript, React, Postgres).
..."
Innovation Internship,2025-07-25,https://jobright.ai/jobs/info/689722e48c6d6b44267856cd?utm_source=1099&utm_campaign=Software Engineer,On Site,"Mendota, IL",OSF Saint Francis Medical Center,,,,,$17-$17 /hr,"1. Junior or Senior in college
2. Excellent interpersonal skills
3. Ability to interact with various individuals throughout OSF Healthcare
..."
Software Engineer Intern (Fall 2025 and Summer 2026),2025-07-25,https://jobright.ai/jobs/info/687c4ab12097a271a8988677?utm_source=1099&utm_campaign=Software Engineer,On Site,"San Francisco, CA",Nowadays (YC S23),2025-Fall,2026-Spring,"Artificial Intelligence (AI),Event Management",1-10,$5K-$10K /yr,"1. You are a current student or new grad pursuing a degree in Computer Science or a related field with a graduation date of Spring 2026 or earlier.
2. You have experience building projects with technologies like React, Next.js, Node.js, or Python (class or personal projects are great!).
3. You have foundational knowledge of SQL databases.
..."
2025 - 2026 Software Engineer Program Summer Internship - Academic Internship,2025-07-25,https://jobright.ai/jobs/info/68830e86835a903aa07f3285?utm_source=1099&utm_campaign=Software Engineer,On Site,"Atlanta, GA, United States",JPMorganChase,,2025-December / 2027-June,"Asset Management,Banking",10000+,$45.67-$45.67 /hr,"1. Completion of the 2025 Software Engineer Internship Program and the acceptance of a 2026 Internship or Full-Time Software Engineer Program offer with JPMorgan Chase
2. Pursuing a B.A., B.S. or 5th year M.A. or M.S. with expected graduation between December 2025 and June 2027 (all majors considered)
3. A well-rounded academic background
..."
Future MIP Development Scholar (Global Remote),2025-07-25,https://jobright.ai/jobs/info/688068182097a271a89a4668?utm_source=1099&utm_campaign=Software Engineer,Remote,United States,Gurobi Optimization,2026-January,,"Analytics,Computer",11-50,,"1. Proficient in both written and verbal English
2. Proficient in one or more programming languages like Python, Java, C, or C++
3. Master's degree in operations research, computer science, or similar discipline/experience
..."
Product Engineer Intern (Fall 2025 and Summer 2026),2025-07-25,https://jobright.ai/jobs/info/687c4993ed63844c944aca5a?utm_source=1099&utm_campaign=Software Engineer,On Site,"San Francisco, CA",Nowadays (YC S23),2025-Winter,2026-Spring,"Artificial Intelligence (AI),Event Management",1-10,$5K-$10K /yr,"1. You are a current student or new grad pursuing a degree in Computer Science or a related field with a graduation date of Spring 2026 or earlier.
2. You have excellent communication and interpersonal skills and are genuinely excited to talk directly with customers.
3. You have experience building projects with technologies like React, Next.js, Node.js, or Python.
..."
Internship - Software Engineer,2025-07-25,https://jobright.ai/jobs/info/6881834916ea5743a373994d?utm_source=1099&utm_campaign=Software Engineer,On Site,"Multi Location
Austin
Austin, NY",Virtu Financial,2026-June,2026 / 2027,"Analytics,Cryptocurrency",501-1000,$4000-$5000 /wk,"1. Rising juniors, or students expected to be ready for full time employment between December 2026 - June 2027.
2. Excellent academic background in Computer Science, Electrical Engineering or related field
3. Strong programming skills in Python and either Java or C++
..."
Software Developer Intern,2025-07-25,https://jobright.ai/jobs/info/688346f3835a903aa07f553a?utm_source=1099&utm_campaign=Software Engineer,On Site,"Meridian, ID",Red Aspen,,,"Beauty,Consumer Goods",101-250,,"1. Currently enrolled in a Bachelor’s degree program in Computer Science, Information Technology, Software Engineering, or a related field.
2. Interest in web development, ecommerce platforms, or IT systems, with a willingness to learn Shopify
3. Strong problem-solving skills and attention to detail, with a proactive and curious approach
..."
Quality Assurance Intern (IINE Boston),2025-07-24,https://jobright.ai/jobs/info/6882d3e7835a903aa07f0faa?utm_source=1099&utm_campaign=Software Engineer,Hybrid,"Boston, MA",International Institute of New England,2025-Fall,,"Career Planning,Consulting",101-250,,"1. Interest in international, refugee, asylee, and/or immigrant issues.
2. Strong computer skills are essential.
3. Understanding of spreadsheets, including Microsoft Excel.
..."
Software Engineer - Summer Internship,2025-07-23,https://jobright.ai/jobs/info/689d8d1ffaa4e875e82715c4?utm_source=1099&utm_campaign=Software Engineer,On Site,"New York, NY",Bits,Summer,,"Credit Cards,FinTech",11-50,,"1. Are currently pursuing a degree in Computer Science, Software Engineering, or a related field
2. Have a basic understanding of programming languages such as Java, JavaScript, Python, or TypeScript
3. Possess familiarity with web development concepts, including HTML, CSS, and basic JavaScript
..."
Software Development Graduate Roles,2025-07-23,https://jobright.ai/jobs/info/6883de81b54cac0f1e73a713?utm_source=1099&utm_campaign=Software Engineer,On Site,"Multi Location
Boise, Idaho, United States of America
Vancouver, Washington, United States of America",HP,2026,,"Computer,Consumer Electronics",10000+,"$75,900-$113,850 /yr","1. Have no more than 12 months of prior work experience professionally related to the Graduate Hire Requisition they are applying to, (not including internships, teaching assistance, research work, or military experience).
2. Will have completed at least your bachelor’s degree prior to your anticipated start date with HP.
3. Able to obtain work authorization in the United States without requiring sponsorship in the future."
Software Development Graduate Roles,2025-07-23,https://jobright.ai/jobs/info/68972eaf1b9e81727f195947?utm_source=1099&utm_campaign=Software Engineer,On Site,"Corvallis, Oregon, United States of America",HP,2026,,"Computer,Consumer Electronics",10000+,$75900-$113850 /yr,"1. Have no more than 12 months of prior work experience professionally related to the Graduate Hire Requisition they are applying to, (not including internships, teaching assistance, research work, or military experience).
2. Will have completed at least your bachelor’s degree prior to your anticipated start date with HP.
3. Able to obtain work authorization in the United States without requiring sponsorship in the future."
Access VR Summer Employment Intern,2025-07-23,https://jobright.ai/jobs/info/68811295f4f06100f3a23a0c?utm_source=1099&utm_campaign=Software Engineer,On Site,Rockland County,Manhattan Star Academy,Summer,,,51-100,$15-$15 /hr,
Access VR Summer Employment Intern,2025-07-23,https://jobright.ai/jobs/info/6881116516ea5743a3735981?utm_source=1099&utm_campaign=Software Engineer,On Site,Rockland County,Manhattan Star Academy,Summer,,,51-100,$15.50-$15.50 /hr,
"Software Engineer Intern - C++, Summer 2026",2025-07-23,https://jobright.ai/jobs/info/68755944299cbc74b8754004?utm_source=1099&utm_campaign=Software Engineer,On Site,"Chicago, IL",Akuna Capital,2026-Summer,2027-August,Trading Platform,251-500,,"1. Pursuing a BS/MS/ PhD in Computer Science, Engineering, Math, Physics or related field
2. Experience programming in modern C++
3. Experience with several of the following – distributed systems, parallel processing, networking, data structures and algorithms and operating systems
..."
"Software Engineer, Internship",2025-07-23,https://jobright.ai/jobs/info/68643e48360613910d1075a3?utm_source=1099&utm_campaign=Software Engineer,On Site,"Multi Location
New York, NY
Palo Alto, CA
Denver, CO",Palantir Technologies,,2027,"Analytics,Big Data",1001-5000,$10000-$10000 /mon,"1. Engineering background in fields such as Computer Science, Mathematics, Software Engineering, and Physics.
2. Familiarity with data structures, storage systems, cloud infrastructure, front-end frameworks, and other technical tools.
3. Experience coding in programming languages, such as Java, C++, Python, JavaScript, or similar languages.
..."
"Forward Deployed Software Engineer, Internship - Commercial",2025-07-23,https://jobright.ai/jobs/info/68643e48360613910d1075dd?utm_source=1099&utm_campaign=Software Engineer,Hybrid,"New York, NY",Palantir Technologies,,2027,"Analytics,Big Data",1001-5000,$10000-$10000 /mon,"1. Engineering background, preferred in fields such as Computer Science, Mathematics, Software Engineering, Physics, and Data Science.
2. Proficiency with one or more programming languages, such as Python, Java, C++, TypeScript/JavaScript, or similar.
3. Must be planning on graduating in 2027. This should be your final internship before graduating."
Software Engineering Intern ,2025-07-23,https://jobright.ai/jobs/info/6813bf577f52244544d74605?utm_source=1099&utm_campaign=Software Engineer,On Site,"San Francisco, CA, US",Ultra,2025-Summer,,"Artificial Intelligence (AI),B2B",1-10,$100000-$100000 /yr,"1. Skills: Node.js, React
2. Willingness to learn and make a meaningful impact from the first week
3. Ability to collaborate with the CTO in systems design of various parts of the application
..."
"Forward Deployed Software Engineer, Internship - US Government",2025-07-23,https://jobright.ai/jobs/info/68644e5b904a59da9fd9ddb9?utm_source=1099&utm_campaign=Software Engineer,Hybrid,"Multi Location
New York, NY
Washington, DC
Washington, D.C.",Palantir Technologies,,2027,"Analytics,Big Data",1001-5000,$10000-$10000 /mon,"1. Willingness to undergo a US government background investigation, depending on US government project requirements.
2. Engineering background, preferred in fields such as Computer Science, Mathematics, Software Engineering, Physics, and Data Science.
3. Proficiency with one or more programming languages, such as Python, Java, C++, TypeScript/JavaScript, or similar.
..."
Spring Semester 2026 Internship - Computational and Software Engineering,2025-07-22,https://jobright.ai/jobs/info/6881d90841fbda106ee6dc30?utm_source=1099&utm_campaign=Software Engineer,On Site,"Denver, CO",Xcimer Energy Corporation,2026-Spring,,"Energy,Energy Efficiency",11-50,$25-$35 /hr,"1. Qualified candidates must be enrolled in a Bachelor's, Master’s or PhD degree program from an accredited college or university in mechanical engineering, electrical engineering, physics, nuclear engineering, or other related engineering discipline
2. Application of technical skills outside of the classroom (examples include: extracurricular projects, volunteering, personal projects, laboratory research, or prior internship/work experience)
3. Proficiency in CAD software for 3D modeling and simulation
..."
IAE Research Support Assistant (Software Engineer) - Fall 2025,2025-07-22,https://jobright.ai/jobs/info/68805771764c3d7411c51b18?utm_source=1099&utm_campaign=Software Engineer,On Site,"Tampa, FL, United States",USF College of Nursing,2025-Fall,,,,$17.50-$17.50 /hr,1. High School Graduate
IAE Research Support Assistant (Software Engineer) - Fall 2025,2025-07-22,https://jobright.ai/jobs/info/688043c29f72804245708b34?utm_source=1099&utm_campaign=Software Engineer,On Site,"Tampa, FL",University of South Florida,2025-Fall,2025,"Education,Training",10000+,$17-$17 /hr,"1. Must be eligible for a security clearance
2. Pursuing a Bachelor’s degree in Computer Science/Software Engineering Data Science or similar
3. Junior or Senior level, with a current GPA of 3.0 or above
..."
Innovation Internship,2025-07-21,https://jobright.ai/jobs/info/687f2a352097a271a899b4ab?utm_source=1099&utm_campaign=Software Engineer,On Site,"Multi Location
Ottawa, IL
Mendota, IL
Peru, IL",OSF HealthCare,,,"Air Transportation,Education",10000+,$17-$17 /hr,"1. Junior or Senior in college
2. Excellent interpersonal skills
3. Ability to interact with various individuals throughout OSF Healthcare
..."
Genworth IT Development Program Intern – Summer 2026,2025-07-21,https://jobright.ai/jobs/info/687e97efdb19f31cf0d6b839?utm_source=1099&utm_campaign=Software Engineer,Hybrid,"Richmond, Virginia",Genworth,2026-Summer,,"Finance,Financial Services",1001-5000,,"1. Pursuing a Bachelor Degree’s in Computer Science, Engineering (Computer, Systems, Electrical), Computer/Management Information Systems, or Math
2. Academic excellence
3. Strong analytical ability and communication skills
..."
2026 Leap Technology Program - Intern Conversion Application - SWE,2025-07-21,https://jobright.ai/jobs/info/689a48115574fd6bc0c814c4?utm_source=1099&utm_campaign=Software Engineer,Hybrid,"Multi Location
Westlake, TX
900 Salem St, Smithfield RI
1 Spartan Way, Merrimack NH
100 New Millennium Way, Bldg 3, Durham NC",Fidelity Investments,2026,,"Asset Management,Finance",10000+,,"1. Recent completion or in current pursuit of a Computer Science, Software Engineering, or IT bachelor’s degree
2. A solid understanding of software development principles and data structures
3. Hands-on technical project experience: Previous technical internship experience is a plus
..."
Embedded Software Engineering Intern,2025-07-20,https://jobright.ai/jobs/info/68a53a1a33dd7158bbc9824c?utm_source=1099&utm_campaign=Software Engineer,On Site,"Detroit, MI",Airspace Experience Technologies (ASX),ASAP,,Aerospace,1-10,,"1. Pursuing a BS/MS in Computer Engineering, Electrical Engineering, or related field.
2. Coursework or projects in embedded systems, programming, or hardware interfacing.
3. Available for a 3-6 month internship (summer or part-time during the academic year).
..."
PostDoctoral Scholar Open Positions in Computer Science 2025-2026,2025-07-18,https://jobright.ai/jobs/info/687b1c33ed63844c944a6a1f?utm_source=1099&utm_campaign=Software Engineer,On Site,"Irvine, CA",UC Irvine,,,,,$69K-$77K /yr,"1. Doctoral degree (e.g. Ph.D.) or the foreign equivalent in Computer Science or related field.
2. 3 required references (contact information only)"
"Software Engineer Intern, Infrastructure",2025-07-18,https://jobright.ai/jobs/info/67064ff4951d5bd907271090?utm_source=1099&utm_campaign=Software Engineer,On Site,"Multi Location
Fremont, California, United States
Fremont, CA",Neuralink,,,"Biotechnology,Medical",251-500,$35-$35 /hr,"1. Robust software engineering skills, and a track record of building tools & systems that solve problems or automate processes, particularly for software engineering.
2. A solid understanding of core networking protocols, TCP/IP, UDP, ARP, DNS, DHCP, and an understanding of the OSI model of networking.
3. Experience administrating modern Linux systems in production or production-like environments.
..."
Software Developer Intern- Fall 2025 (Onsite),2025-07-17,https://jobright.ai/jobs/info/68a159d383d13d1f5b6d31cd?utm_source=1099&utm_campaign=Software Engineer,On Site,"Somerset, NJ",Mirion,2025-Fall,2025,"Electronics,Manufacturing",1001-5000,,"1. Currently pursuing a Bachelor's or Master's degree in Computer Science, Software Engineering, or a related field.
2. Must be in junior or senior year
3. Strong problem-solving skills and attention to detail.
..."
"Assurance Intern, Information Systems Assurance - Summer 2026 (San Francisco)",2025-07-17,https://jobright.ai/jobs/info/6879b0962097a271a8979587?utm_source=1099&utm_campaign=Software Engineer,On Site,"San Francisco, CA, United States",BDO,2026-Summer,,"Accounting,Business Development",10000+,$37-$41 /hr,"1. Pursuing a degree in Accounting, Computer Science, or Information Systems"
Internship - Information Technology (IT),2025-07-16,https://jobright.ai/jobs/info/6879d5cded63844c9449ec23?utm_source=1099&utm_campaign=Software Engineer,On Site,"Culloden, WV",Service Wire Company,,,"Electronics,Manufacturing",251-500,,"1. Must be enrolled in a college program
2. Strong verbal and written communication skills
3. Strong Microsoft Office skills
..."
Enterprise Applications Engineering Intern - Year-round,2025-07-16,https://jobright.ai/jobs/info/68784a86866a435525ab80e6?utm_source=1099&utm_campaign=Software Engineer,On Site,"Sacramento, CA, US",SMUD,,,"App Marketing,Association",1001-5000,$23.63-$28.80 /hr,"1. Registration as a full-time student (minimum of 12 units) at an accredited college or university in a declared curriculum with a Science, Technology, Engineering or Mathematics (STEM) emphasis."
Software Engineer - Intern,2025-07-16,https://jobright.ai/jobs/info/68784d33ae2f413e4a5c156f?utm_source=1099&utm_campaign=Software Engineer,On Site,"Austin TX, New York City ",Method,Fall,2025 / 2026,"Banking,Financial Services",11-50,$55-$55 /hr,"1. Currently pursuing a Bachelor’s or Master’s degree in Computer Science, Software Engineering, or a related field expecting to graduate in 2025-2026
2. A critical thinker who evaluates existing systems, identifies inefficiencies, and is not afraid to challenge the status quo.
3. A proactive problem solver who takes initiative and drives progress independently.
..."
Summer Intern 2026 - Software Developer,2025-07-16,https://jobright.ai/jobs/info/6877dc865cebcd1dd51d5aa3?utm_source=1099&utm_campaign=Software Engineer,On Site,New York,Five Rings,2026-Summer,,Service Industry,51-100,$5750-$5750 /wk,1. Proficiency with Python
JAVA Fullstack Developer Training,2025-07-15,https://jobright.ai/jobs/info/6876d946ae2f413e4a5b450e?utm_source=1099&utm_campaign=Software Engineer,On Site,"Albuquerque, NM",AGAP Technologies Inc,,,"Information Services,Information Technology",51-100,,"1. Entry level IT opportunities for OPT, LI, L2, and H4EAD.
2. Training and Placements for all Valid EAD’s.
3. Good online training virtual classroom environment.
..."
2025-2026 Information Technology – Software Engineering – Intern,2025-07-15,https://jobright.ai/jobs/info/6876799fae2f413e4a5b00be?utm_source=1099&utm_campaign=Software Engineer,On Site,"Multi Location
Ames, Iowa, United States of America
Richmond Administration Bldg
Bakersfield Kern River Blockhouse
Geismar, Louisiana, United States of America
Belle Chasse, Louisiana, United States of America
Greeley, Colorado, United States of America
Covington, Louisiana, United States of America
Pascagoula, Mississippi, United States of America
El Segundo Administration Bldg
San Ramon, California, United States of America
Houston, Texas, United States of America",Chevron,2025,,"Energy,Fossil Fuels",10000+,$22.50-$45 /hr,"1. Must provide a current, unofficial transcript with online resume (as proof of good academic standing) when applying for this position to be considered.
2. Experience building solutions in one of the following: C#, C++, Angular, Node.js, SQL, Ansible, R, Java, Python
3. Familiarity with Gitflow and source control management methodologies
..."
Tools and Compilers Research and Development,2025-07-15,https://jobright.ai/jobs/info/686fff7ba5ae807a59cf4e0d?utm_source=1099&utm_campaign=Software Engineer,On Site,"New York, New York, United States",Jane Street,,,"Finance,Financial Services",1001-5000,,"1. PhD or masters students
2. Outstanding research experience in programming languages, compilers, verification, and related areas
3. List of peer-reviewed publications included in resume"
Internship - Software Engineering Intern,2025-07-15,https://jobright.ai/jobs/info/687674c0ae2f413e4a5afd36?utm_source=1099&utm_campaign=Software Engineer,On Site,"Herndon, VA",Clarity,,,"Apps,Dating",11-50,,"1. Pursuing a BS in Computer Engineering, Computer Science, or a related field
2. Ability to obtain and maintain a Top Secret Security Clearance
3. Experience with Go or Python (in the classroom or from another internship)
..."
"Software Engineer Intern - C++, Summer 2026",2025-07-14,https://jobright.ai/jobs/info/68759eff299cbc74b87564ee?utm_source=1099&utm_campaign=Software Engineer,On Site,"Chicago, IL",Akuna Capital,2026-Summer,2027-August,Trading Platform,251-500,$130000 /yr,"1. Pursuing a BS/MS/ PhD in Computer Science, Engineering, Math, Physics or related field
2. Experience programming in modern C++
3. Experience with several of the following – distributed systems, parallel processing, networking, data structures and algorithms and operating systems
..."
"Quantitative Development & Strategy Intern, Summer 2026",2025-07-14,https://jobright.ai/jobs/info/68759b72ae2f413e4a5a85dd?utm_source=1099&utm_campaign=Software Engineer,On Site,"Chicago, IL",Akuna Capital,2026-Summer,2027-August,Trading Platform,251-500,$130000 /yr,"1. Pursuing a bachelors, masters, or PhD in a technical field – Engineering, Computer Science, Math, Physics (or related subject)
2. Strong Python programming background
3. Experience in object-oriented programming
..."
"Software Engineer Intern - C# .NET Desktop, Summer 2026",2025-07-14,https://jobright.ai/jobs/info/68759b605cebcd1dd51c20f5?utm_source=1099&utm_campaign=Software Engineer,On Site,"Chicago, IL",Akuna Capital,2026-Summer,2027,Trading Platform,251-500,$130000 /yr,"1. Pursuing a Bachelors, Masters, or Ph.D. in technical field – Computer Science/Engineering or equivalent
2. Must graduate by August 2027
3. Major GPA of 3.5 or above
..."
Engineering Intern - General / AI,2025-07-14,https://jobright.ai/jobs/info/6876e722299cbc74b8761ab2?utm_source=1099&utm_campaign=Software Engineer,On Site,New York,Allium,,,"Analytics,Blockchain",11-50,,"1. Curious mind and an infectious work ethic
2. Ability to work closely with the founding engineering team
3. Interest in accelerating AI efforts to make blockchain data easy to query and understand
..."
"Software Engineer Intern - Full Stack Web, Summer 2026",2025-07-14,https://jobright.ai/jobs/info/68755a6aae2f413e4a5a61e0?utm_source=1099&utm_campaign=Software Engineer,On Site,"Chicago, IL",Akuna Capital,2026-Summer,2027-August,Trading Platform,251-500,"$130,000 /yr","1. Pursuing a Bachelors, Masters, or Ph.D. in technical field – Computer Science/Engineering or equivalent
2. Must graduate by August 2027
3. Major GPA of 3.5 or above
..."
"Software Engineer Intern - Python, Summer 2026",2025-07-14,https://jobright.ai/jobs/info/687554f3299cbc74b8753dba?utm_source=1099&utm_campaign=Software Engineer,On Site,"Chicago, IL",Akuna Capital,2026-Summer,2027-August,Trading Platform,251-500,$130000 /yr,"1. Pursuing a Bachelors, Masters, or Ph.D. in technical field – Computer Science/Engineering, Math, Physics, or equivalent
2. Must graduate by August 2027
3. Major GPA of 3.5 or above
..."
2026 Leap Technology Program - Intern Conversion Application - DE,2025-07-14,https://jobright.ai/jobs/info/689a489a5574fd6bc0c815dd?utm_source=1099&utm_campaign=Software Engineer,Hybrid,"Multi Location
1 Spartan Way, Merrimack NH
900 Salem St, Smithfield RI
100 New Millennium Way, Bldg 3, Durham NC
Westlake, TX",Fidelity Investments,2026,,"Asset Management,Finance",10000+,,"1. Recent completion or in current pursuit of a Computer Science, Software Engineering, or IT bachelor’s degree
2. A solid understanding of software development principles and data structures
3. Hands-on technical project experience
..."
"Quantitative Development & Strategy Intern, Summer 2026",2025-07-14,https://jobright.ai/jobs/info/687551975cebcd1dd51bf70a?utm_source=1099&utm_campaign=Software Engineer,On Site,"Chicago, IL",Akuna Capital,2026-Summer,2027-August,Trading Platform,251-500,"$130,000 /yr","1. Pursuing a bachelors, masters, or PhD in a technical field – Engineering, Computer Science, Math, Physics (or related subject)
2. Strong Python programming background
3. Experience in object-oriented programming
..."
Frontend Engineering Intern,2025-07-14,https://jobright.ai/jobs/info/686c914535584b654269761d?utm_source=1099&utm_campaign=Software Engineer,On Site,"San Francisco, CA",vly.ai (YC F24),Fall,,Software,1-10,$5K-$9K /yr,"1. A design portfolio
2. React / Frontend Engineering
3. Past history of product work"
Software Engineer Intern,2025-07-13,https://jobright.ai/jobs/info/687503685cebcd1dd51bd2ca?utm_source=1099&utm_campaign=Software Engineer,On Site,"San Francisco, CA",Bluejay (YC X25),,,,1-10,$5K-$10K /yr,"1. Designed and shipped projects in AI/ML, especially in NLP, LLMs, or conversational AI.
2. Comfortable owning end-to-end systems—from rapid prototyping to production-ready deployments.
3. Excited by the challenge of building highly scalable, real-time systems.
..."
Qualitest - Internship,2025-07-10,https://jobright.ai/jobs/info/6870837101cc0956e7e82765?utm_source=1099&utm_campaign=Software Engineer,On Site,"California, United States",Qualitest,,,"Consulting,Enterprise Software",1001-5000,,"1. Bachelor’s degree in computer science, IT, or related field
2. Proficiency in HTML, CSS, JavaScript, React.js
3. Proficiency in Python, C#, Java, Node.js
..."
Software Engineering Intern,2025-07-10,https://jobright.ai/jobs/info/68703e7706ad7073463bc63d?utm_source=1099&utm_campaign=Software Engineer,On Site,Huntington Beach,Layup Parts,,,,11-50,$25-$25 /hr,"1. Being awesome! Be the kind of person you want to work with!
2. Be a strong engineer of exceptional ability, driven by engineering fundamentals.
3. Ability to quickly understand and navigate complex systems and established code bases."
Software Engineer,2025-07-10,https://jobright.ai/jobs/info/688026359f72804245707c6b?utm_source=1099&utm_campaign=Software Engineer,On Site,"New York, New York, United States",Jane Street,,,"Finance,Financial Services",1001-5000,,"1. A top-notch programmer with a love for technology
2. Intellectually curious, collaborative, and eager to learn
3. Humble and unafraid to ask questions and admit mistakes"
Intern - Year Round (Microsoft Power Platform Program Services),2025-07-09,https://jobright.ai/jobs/info/686ed936b9087e8e3590c740?utm_source=1099&utm_campaign=Software Engineer,On Site,"Vienna, VA, United States",Navy Federal Credit Union,,2026-December,"Association,Financial Services",10000+,$20.55-$34.50 /hr,"1. Currently pursuing a degree from an accredited college or university
2. Anticipated graduation date of December 2026 or later
3. Currently enrolled in college level courses or a degree-seeking program throughout the duration of the internship"
Cloud Engineer Intern (Start date: fall 2025 / Part time and flexible),2025-07-09,https://jobright.ai/jobs/info/6897ce6873b3a600fe89fae2?utm_source=1099&utm_campaign=Software Engineer,Hybrid,"2340 Dulles Corner Blvd, Herndon, VA 20171, USA",ATPCO,2025-Fall,,Aerospace,501-1000,,"1. Currently working toward a CS, IT, data science or similar degree
2. Experience with SQL, Tableau, appscan, sonar or similar
3. Experience scripting to automate tasks
..."
Federal Work Study - Website Development Intern,2025-07-07,https://jobright.ai/jobs/info/68942b0fa9199876488e32cb?utm_source=1099&utm_campaign=Software Engineer,On Site,"Anderson, IN",Ivy Tech Community College,ASAP,,"Higher Education,Universities",5001-10000,$15-$15 /hr,"1. MUST BE A CURRENT IVY TECH ANDERSON STUDENT WITH AN FAFSA ON FILE.
2. Completed FAFSA on file demonstrating financial need.
3. Maintain an aid-eligible Satisfactory Academic Progress (SAP) status.
..."
Student Web/Application Developer CLC,2025-07-07,https://jobright.ai/jobs/info/686c747e35584b6542cdc59e?utm_source=1099&utm_campaign=Software Engineer,On Site,"Ogden, UT",Weber State University Department of Automotive Technology,,,,1-10,$16-$16 /hr,"1. Web Development Experience
2. Familiarity with programming (especially in Javascript)
3. Familiarity with HTML and CSS
..."
Software Engineering Intern,2025-07-07,https://jobright.ai/jobs/info/686d9beb5f428ecb4c018b55?utm_source=1099&utm_campaign=Software Engineer,Hybrid,"Pensacola, FL or Houston, TX ",Persona AI Inc,2024-September,,,11-50,,"1. Currently pursuing Bachelor's or Master's degree in Computer Science, Robotics, Software Engineering, or related field
2. Genuine curiosity and passion for robotics, AI, or autonomous systems
3. Eagerness to learn and tackle complex technical challenges
..."
Software Engineer,2025-07-07,https://jobright.ai/jobs/info/686c3edb35584b6542942753?utm_source=1099&utm_campaign=Software Engineer,On Site,"Monroeville, PA","Bechtel Plant Machinery, Inc. (BPMI)",,,"Energy,Manufacturing",501-1000,$66K-$123K /yr,"1. Bachelor's degree in Software Engineering, Computer Engineering, Computer Science, or related degree, from an accredited college or university.
2. Minimum GPA of 3.0 for newer college graduates.
3. Requires a security clearance; however, all qualified candidates will be considered regardless of their current clearance status.
..."
Software Developer Intern,2025-07-07,https://jobright.ai/jobs/info/686bdcbd35584b654224d841?utm_source=1099&utm_campaign=Software Engineer,On Site,"Chicago, IL",DRW,,,"Consulting,Finance",1001-5000,$175000-$175000 /yr,"1. Are pursuing a Bachelor's, Master's, or PhD in Computer Science, Computer Engineering, Physics, Mathematics, Machine Learning or any related science discipline and have an expected graduation date between December 2026 and June 2027
2. Have exposure to network programming (TCP/IP), multi-threaded applications, computational intelligence, algorithms, real-time programming or GUI programming
3. Have strong understanding of object-oriented design, data structures and algorithms
..."
NetApp Quality Assurance Student Assistant,2025-07-06,https://jobright.ai/jobs/info/686ab30c35584b6542d96379?utm_source=1099&utm_campaign=Software Engineer,On Site,"Wichita, KS",Wichita State University,,,"Aerospace,Education",1001-5000,,"1. High school diploma or equivalent
2. Must be a freshman
3. Knowledge of Linux
..."
Manzano Deca Intern,2025-07-05,https://jobright.ai/jobs/info/6869991235584b65423731c6?utm_source=1099&utm_campaign=Software Engineer,On Site,"Albuquerque, NM",Albuquerque Public Schools,,,"Education,Primary Education",10000+,$15-$15 /hr,"1. Enrolled in High School or GED
2. Strong written and oral communication skills
3. Organized student with a positive attitude, curiosity, and willingness to learn
..."
Programming Focused Regular Student Technical - CeCE,2025-07-04,https://jobright.ai/jobs/info/687212cd06ad7073463cb034?utm_source=1099&utm_campaign=Software Engineer,On Site,"Edmond, OK",University of Central Oklahoma,,,,1001-5000,,"1. Clear and professional written and verbal communication skills.
2. Ability to work both independently and with a team on diverse technical tasks.
3. A willingness to learn various programming languages.
..."
2025-2026: Information Technology – Software Engineering – Full Time (Previous Intern),2025-07-03,https://jobright.ai/jobs/info/6866d620fd0c13945975c8fc?utm_source=1099&utm_campaign=Software Engineer,Hybrid,"Multi Location
Houston, Texas, United States of America
Ames, Iowa, United States of America
Pascagoula, Mississippi, United States of America
Bakersfield, California, United States of America
Midland, Texas, United States of America
Belle Chasse, Louisiana, United States of America
San Ramon, California, United States of America
El Segundo, California, United States of America
Covington, Louisiana, United States of America
Richmond, California, United States of America
Geismar, Louisiana, United States of America",Chevron,,2024-July,"Energy,Fossil Fuels",10000+,$89000-$127200 /yr,"1. Must be currently enrolled in a four-year college or university and classified as a senior or graduate student with anticipation of receiving a bachelor’s or master’s degree by July 2024; OR college graduates with less than two years’ experience since receiving a degree
2. Must provide a current, unofficial transcript with online resume (as proof of good academic standing) when applying for this position to be considered
3. Experience building solutions in one of the following: C#, C++, Angular, Node.js, SQL, Ansible, R, Java, Python
..."
2025-2026: Information Technology – Software Engineering – Intern (Previous Intern),2025-07-03,https://jobright.ai/jobs/info/6866d620fd0c13945975ccf6?utm_source=1099&utm_campaign=Software Engineer,On Site,"Multi Location
Pascagoula, Mississippi, United States of America
Richmond, California, United States of America
El Segundo, California, United States of America
Belle Chasse, Louisiana, United States of America
Geismar, Louisiana, United States of America
Bakersfield, California, United States of America
Ames, Iowa, United States of America
Greeley, Colorado, United States of America
San Ramon, California, United States of America
Covington, Louisiana, United States of America
Houston, Texas, United States of America",Chevron,2025,,"Energy,Fossil Fuels",10000+,$22.50-$45 /hr,"1. Must provide a current, unofficial transcript with online resume (as proof of good academic standing) when applying for this position to be considered.
2. Experience building solutions in one of the following: C#, C++, Angular, Node.js, SQL, Ansible, R, Java, Python
3. Familiarity with Gitflow and source control management methodologies
..."
Summer 2026 LEAD Information Technology Intern,2025-07-02,https://jobright.ai/jobs/info/6890f0fd4c7e851b90acabe2?utm_source=1099&utm_campaign=Software Engineer,On Site,"Multi Location
Pittsburgh, PA
Chicago, IL",Wabtec Corporation,2026-Summer,2026-December / 2027 / 2028-June,,10000+,$20-$33 /hr,"1. Currently enrolled in a Bachelor’s or Master’s Degree program at an accredited university or credentialed software accelerator program
2. Degree focused in Computer Science, Computer Engineering, Computer Information Systems, IT Security, Informatics, Information Science/Technology, Management Information Systems, Software Engineering, Security and Risk Analysis, or other relevant STEM majors with Software/IT experience
3. Minimum cumulative or in-major 3.0/4.0 GPA
..."
"Forward Deployed Software Engineer, Internship - Defense Tech",2025-07-01,https://jobright.ai/jobs/info/6880c539f4f06100f3a20c81?utm_source=1099&utm_campaign=Software Engineer,On Site,"Multi Location
Washington, DC
Washington, D.C.",Palantir Technologies,,2027,"Analytics,Big Data",1001-5000,$10000-$10000 /mon,"1. Active US Security clearance, or eligibility and willingness to obtain a US Security clearance prior to start of internship
2. Engineering background, preferred in fields such as Computer Science, Mathematics, Software Engineering, Physics, and Data Science.
3. Proficiency with one or more programming languages, such as Python, Java, C++, TypeScript/JavaScript, or similar.
..."
"Software Engineer, Internship - Defense Tech",2025-07-01,https://jobright.ai/jobs/info/68643e48360613910d1076fe?utm_source=1099&utm_campaign=Software Engineer,On Site,"Multi Location
New York, NY
Washington, DC
Palo Alto, CA",Palantir Technologies,,2027,"Analytics,Big Data",1001-5000,$10000-$10000 /mon,"1. Engineering background in fields such as Computer Science, Mathematics, Software Engineering, and Physics.
2. Familiarity with data structures, storage systems, cloud infrastructure, front-end frameworks, and other technical tools.
3. Active US Security clearance, or eligibility and willingness to obtain a US Security clearance prior to start of internship.
..."
"Software Engineer, Internship - Infrastructure",2025-07-01,https://jobright.ai/jobs/info/68643e48360613910d1075a1?utm_source=1099&utm_campaign=Software Engineer,On Site,"New York, NY",Palantir Technologies,,2027,"Analytics,Big Data",1001-5000,$10000-$10000 /mon,"1. Engineering background in fields such as Computer Science, Mathematics, Software Engineering, or Physics.
2. Familiarity with data structures, storage systems, cloud infrastructure, front-end frameworks, and other technical tools.
3. Experience coding in programming languages, such as Java, C++, Python, TypeScript, JavaScript, or similar languages.
..."
"Software Engineer, Internship - Production Infrastructure",2025-07-01,https://jobright.ai/jobs/info/68643e48360613910d1075af?utm_source=1099&utm_campaign=Software Engineer,On Site,"Multi Location
New York, NY
Seattle, WA",Palantir Technologies,,2027,"Analytics,Big Data",1001-5000,$10000-$10000 /mon,"1. Engineering background in fields such as Computer Science, Mathematics, Software Engineering, and Physics.
2. Familiarity with data structures, storage systems, cloud infrastructure, front-end frameworks, and other technical tools.
3. Experience coding in programming languages, such as Java, C++, Python, JavaScript, or similar languages.
..."
Software Engineer Intern - Summer 2026,2025-07-01,https://jobright.ai/jobs/info/68640f40e058bdb146409457?utm_source=1099&utm_campaign=Software Engineer,On Site,"Chicago, United States",IMC Trading,2026-June,2026-September / 2027-July,,,$175000-$175000 /yr,"1. Current university student graduating between September 2026 - July 2027 that is pursuing a Computer Science, Engineering, or a related technology degree
2. Strong knowledge of algorithms and data structures is required
3. Strong analytical skills and interest in solving complex problems programmatically
..."
GRAY MEDIA FUTURE FOCUS NEWS INTERN FALL '25 - WIS-TV,2025-06-30,https://jobright.ai/jobs/info/685adc0119d019170925dd21?utm_source=1099&utm_campaign=Software Engineer,On Site,"Columbia, SC",Gray Media,2025-Fall,,"Broadcasting,Digital Media",5001-10000,$15 /hr,"1. Be currently enrolled in a college/university (preferred Junior/Senior)
2. Strong work ethic and organizational skills
3. Earning a degree in Journalism/Communications, Sales, Marketing, Engineering, News, Sports, or related fields, with a desire to get hands-on experience in the local media industry"
Information Technology Co-Op Student Hybrid - Spring 2026,2025-06-27,https://jobright.ai/jobs/info/685eed7e4e5f63826209c5e8?utm_source=1099&utm_campaign=Software Engineer,Hybrid,"Atlanta, GA",Southern Regional Education Board,2026-Spring,,"Education,Government",51-100,$17-$17 /hr,"1. Must be enrolled in a Georgia Tech’s Bachelor’s degree program of study in computer science, information systems or a related field.
2. Students must have 30 or more completed credits in the course of study.
3. Candidates must have reliable transportation and be able to commit to serving the full duration of the Co-Op, which is expected to include Spring 2026, Fall 2026 and Summer 2027 semesters as per the Georgia Tech Co-Op program schedule.
..."
IT Software Development Intern,2025-06-25,https://jobright.ai/jobs/info/685d219b13e97b6671e211e3?utm_source=1099&utm_campaign=Software Engineer,On Site,"Phoenix, AZ",Maricopa Association of Governments (MAG),,,"Consulting,Government",101-250,$23-$23 /hr,"1. Qualified team-oriented student from Computer Science, Software Engineering, Computer Engineering, or related technical fields
2. Undergraduate students in their third or fourth year as well as graduate students are encouraged to apply
3. Proficient in Microsoft Windows
..."
Intern — Engineering,2025-06-23,https://jobright.ai/jobs/info/68a95a21758f2e4ac3ff9092?utm_source=1099&utm_campaign=Software Engineer,Hybrid,"San Francisco, CA",Unto Labs,,,,1-10,$180K-$250K /yr,"1. Deep expertise in systems programming languages (C, C++, Rust) with a focus on performance optimization
2. Experience and understanding of modern CPU architectures, memory hierarchies, and low-level optimization techniques
3. Expertise in high-performance networking and protocol design
..."
React Native – Remote Intern,2025-06-22,https://jobright.ai/jobs/info/68a7f88fd627244576e2fb40?utm_source=1099&utm_campaign=Software Engineer,Remote,United States,Giridhara Software Services Pvt Ltd,,,"Mobile Apps,SEO",11-50,,"1. Passionate about building mobile apps
2. Willingness to gain real-world experience in React Native and mobile development
3. Availability for remote work with weekly task submissions
..."
Enterprise Architecture Intern: Year-round,2025-06-19,https://jobright.ai/jobs/info/6854b0d19788a9d5a273c15f?utm_source=1099&utm_campaign=Software Engineer,On Site,"Multi Location
Sacramento
95817-1899
US
CA",SMUD,,,"App Marketing,Association",1001-5000,$23.63-$28.80 /hr,"1. Registration as a full-time student (minimum of 12 units) at an accredited college or university in a declared curriculum with a Science, Technology, Engineering or Mathematics (STEM) emphasis that will provide the specific skills and knowledge that will contribute to available work assignments.
2. Familiarity with enterprise architecture frameworks (TOGAF, or similar)
3. Familiarity with system integration concepts
..."
Glassboard Embedded Software Engineering Intern 2025,2025-06-18,https://jobright.ai/jobs/info/6853f14bfdcaaa18ae15505b?utm_source=1099&utm_campaign=Software Engineer,On Site,"Indianapolis, IN",Glassboard,2025,,"Consumer Electronics,Embedded Systems",11-50,,"1. Currently pursuing a Bachelor’s or Master’s degree in Electrical Engineering, Computer Engineering, Computer Science, or a related field.
2. Familiarity with C/C++ programming languages.
3. Basic knowledge of embedded systems, microcontrollers, and communication protocols (e.g., SPI, I2C, UART).
..."
BMD IT Talents,2025-06-16,https://jobright.ai/jobs/info/6850db2bdfc8581f2d6c1e8a?utm_source=1099&utm_campaign=Software Engineer,On Site,"North Fond du Lac, WI",BMD Systemhaus GesmbH,2025-Herbst,,"Enterprise Resource Planning (ERP),Information Technology",501-1000,,"1. Mindestalter 15 Jahre
2. Begeisterung und Neugierde, in die Welt der IT einzutauchen
3. Keine Vorkenntnisse erforderlich"
Software Engineering Intern (Fall 2025),2025-06-16,https://jobright.ai/jobs/info/6851e90394de0179998d10a5?utm_source=1099&utm_campaign=Software Engineer,On Site,New York,Fizz,2025-Fall,2025,"Communities,Consumer Software",11-50,,"1. Be a current or graduating college student that is personally a user of Fizz.
2. Strong fundamentals of CS concepts such as Algorithms, Data Structures, Networking, Operating Systems, Databases.
3. Experience building at least one product from the ground up.
..."
Gradient Ascent Program 🚀,2025-06-16,https://jobright.ai/jobs/info/68adae9e758f2e4ac300df23?utm_source=1099&utm_campaign=Software Engineer,On Site,Anywhere,DeepSky,,,,11-50,,"1. Passionate about tech
2. Eager to learn
3. Ready for the thrill of startup life
..."
Software Developer Intern (New York) – Summer 2026,2025-06-16,https://jobright.ai/jobs/info/685012f0be7ee84085da7019?utm_source=1099&utm_campaign=Software Engineer,On Site,New York,The D. E. Shaw Group,2026-Summer,,"Financial Services,Real Estate",1001-5000,,"1. Impressive records of academic and/or professional achievement
2. Ability to interact with various trading groups
3. Skills to work on a variety of real-world projects
..."
Software Developer Ph.D. Intern (New York) – Summer 2026,2025-06-16,https://jobright.ai/jobs/info/685012f0be7ee84085da6fc4?utm_source=1099&utm_campaign=Software Engineer,On Site,New York,The D. E. Shaw Group,2026-Summer,,"Financial Services,Real Estate",1001-5000,,"1. Ph.D. candidates with impressive records of academic and/or professional achievement
2. Ability to explore how analytical skills gained from graduate programs relate to work done at the firm
3. Experience in building tools for analyzing and trading financial instruments
..."
Generic Application (by Invitation Only),2025-06-16,https://jobright.ai/jobs/info/689ee56783d13d1f5b6c3718?utm_source=1099&utm_campaign=Software Engineer,On Site,"Pinehurst, NC",Sandhills Community College,,,,251-500,,
Test Engineer Intern,2025-06-15,https://jobright.ai/jobs/info/68508fadb2c640ff87221ffa?utm_source=1099&utm_campaign=Software Engineer,On Site,"Austin, Texas",Saronic Technologies,,,"Artificial Intelligence (AI),Manufacturing",251-500,,"1. High School diploma or GED and pursuing an undergraduate or graduate degree in Mechanical Engineering, Mechatronics, Robotics or related degree
2. Coursework in CAD, Machine Element Design, Solid Mechanics
3. Experience with engineering calculations, solid modeling, drawing
..."
Software Engineer Intern,2025-06-14,https://jobright.ai/jobs/info/684e37cbb6a955464d6dba78?utm_source=1099&utm_campaign=Software Engineer,On Site,"San Jose, CA",HydroX AI,,,"Artificial Intelligence (AI),Cyber Security",1-10,,"1. Basic knowledge of Computer Science principles
2. Experience or coursework in Back-End Web Development and Software Development
3. Proficiency in Programming and Object-Oriented Programming (OOP)
..."
Internship - Programming Intern,2025-06-13,https://jobright.ai/jobs/info/684cedb4e36ccd4756a598a5?utm_source=1099&utm_campaign=Software Engineer,On Site,"Eau Claire, WI",Menards,,,"E-Commerce,Manufacturing",10000+,$19.75-$19.75 /hr,"1. Actively enrolled in a college/university, pursuing an Associate or Bachelor degree in Software Design, Software Development, Computer Science, or Computer Programming major
2. Knowledge of the JAVA programming language JSPs, Servlets, EJBs, Spring, Object Oriented Design
3. Excellent design and analytical skills
..."
Full-Stack + Applied AI Software Engineering Intern,2025-06-13,https://jobright.ai/jobs/info/684d4343e4562d07648e13b2?utm_source=1099&utm_campaign=Software Engineer,On Site,"San Francisco, CA",vly.ai (YC F24),Summer,,Software,1-10,$5K-$8K /yr,"1. Strong foundation in React/Next.js and Typescript
2. Experience building scalable, performant AI agents
3. Familiarity with LLM agent infrastructure"
Software Engineering Internship,2025-06-13,https://jobright.ai/jobs/info/684d4343e4562d07648e12f5?utm_source=1099&utm_campaign=Software Engineer,On Site,"San Francisco, CA",Dalus,,,,,$4K-$7K /yr,"1. Must be a US Citizen to apply
2. Love wearing multiple hats and learning new things fast
3. Have strong product intuition and care about UX
..."
Software Engineering Intern,2025-06-13,https://jobright.ai/jobs/info/684d1950f6c375b159cd9a82?utm_source=1099&utm_campaign=Software Engineer,On Site,"San Francisco, CA",Olive (YC W25),Summer,,,1-10,$35-$40 /hr,"1. Super technical (e.g. impressive personal projects, products, internship experience, etc.)
2. Comfortable navigating ambiguity and owning product decisions
3. Quick learner even when you don’t know something!"
Assessment Engineering Intern,2025-06-10,https://jobright.ai/jobs/info/68a63183b6a3617d7fa76119?utm_source=1099&utm_campaign=Software Engineer,Remote,United States,Cambium Assessment,2023-Fall,,"E-Learning,Education",251-500,,"1. Exceptional problem solving skills and the ability to work effectively in a fully remote setting
2. Closely pursuing a Bachelor's degree in Computer Science, Engineering, Statistics, or a related field
3. Basic programming skills in one or more languages
..."
Game Research and Application Intern,2025-06-09,https://jobright.ai/jobs/info/684921babe75354223220e56?utm_source=1099&utm_campaign=Software Engineer,On Site,"Los Angeles, CA",Tencent,,,"Advertising,Internet",10000+,$23-$40 /hr,"1. Conduct in-depth research on global gaming market trends and analyze regional popularity shifts.
2. Break down and evaluate individual games and genre designs to produce insightful analytical reports.
3. Understand regional user behavior and preferences to identify player needs and support cross-market product strategy.
..."
Full Stack Development Intern - Event Technology Platform,2025-06-09,https://jobright.ai/jobs/info/68473c2b38f28f5b481b7957?utm_source=1099&utm_campaign=Software Engineer,On Site,"New York, NY",CrowdPass,,,"Event Management,Software",1-10,,"1. Motivated to help build the next generation of event technology platforms
2. Experience with modern web technologies
3. Frontend Development - Build responsive, intuitive user interfaces with React & Next JS
..."
Game Research and Application Intern,2025-06-09,https://jobright.ai/jobs/info/684799c369fe798fd6b616bb?utm_source=1099&utm_campaign=Software Engineer,On Site,US-California-Los Angeles,Tencent,,,"Advertising,Internet",10000+,$23.66-$40.39 /hr,"1. Conduct in-depth research on global gaming market trends and analyze regional popularity shifts.
2. Break down and evaluate individual games and genre designs to produce insightful analytical reports.
3. Understand regional user behavior and preferences to identify player needs and support cross-market product strategy.
..."
Digital Transformation Internship: Global Call for 2025,2025-06-08,https://jobright.ai/jobs/info/686e3b5555962911d17ad43d?utm_source=1099&utm_campaign=Software Engineer,On Site,"Home, KS",UNDP in the Arab States region,,2025,,51-100,,"1. Fluency in English
2. Be enrolled in a graduate school programme (second university degree or equivalent, or higher), or
3. Be enrolled in the final academic year of a first university degree programme (undergraduate; minimum bachelor’s level or equivalent); or
..."
Software Engineering Residency 2025,2025-06-08,https://jobright.ai/jobs/info/688c47683a30793eb9641be7?utm_source=1099&utm_campaign=Software Engineer,On Site,San Francisco,Persona,2025,,"Cyber Security,Fraud Detection",251-500,$125K-$135K /yr,"1. Innovative mindset - You go beyond implementing what is tasked and make product suggestions and features that help push our product forward. You are naturally curious and embrace change.
2. Independent thinking - You can turn around features within days because you learn from your mistakes quickly, and know how to unblock yourself if you get stuck. You give yourself agency to take on new problems and drive them to impactful solutions.
3. People first - You care not just about the code, but the real-world impact your work can have on people. You are excited about building products that real people use, every day.
..."
Skillbridge internship- Software Engineer,2025-06-04,https://jobright.ai/jobs/info/68909aa94c7e851b90ac7ecf?utm_source=1099&utm_campaign=Software Engineer,Remote,United States,Knexus ,,,"Artificial Intelligence (AI),Machine Learning",11-50,$80000-$110000 /yr,"1. Degree in technical field such as: Computer Science, Software Engineering, Mechanical Engineering, Math, Physics, similar degree, or related experience.
2. Exposure to Artificial Intelligence and/or Machine Learning technologies with the desire to learn more.
3. Surface Warfare Officer (SWO) or Enlisted Surface Warfare Specialist (ESWS) qualified.
..."
Intern (Student) - App / Game Developer,2025-06-04,https://jobright.ai/jobs/info/6867859c647d72b2f744dcc5?utm_source=1099&utm_campaign=Software Engineer,On Site,"Miami, FL",ANTI ELIXIR LLC,,,,,,"1. Your skill in game and app development is your most important qualification
2. Surprise us with your portfolio!
3. Fluency with Wordpress, Wix, and other relevant tools
..."
Intern -- Quality Assurance (Year Round),2025-06-02,https://jobright.ai/jobs/info/6837618fb79ed7cb8a1d862a?utm_source=1099&utm_campaign=Software Engineer,On Site,"Erwin, TN",BWXT,,,"Clean Energy,Industrial Engineering",5001-10000,$19-$26 /hr,"1. Must be a US Citizen (no dual citizenship).
2. Must be a currently enrolled student pursuing a B.S. degree.
3. Applicant must be willing to commit to working part time during the school year and full time during the summer and break periods.
..."
"Software Engineer, Intern (Fall 2025)",2025-06-01,https://jobright.ai/jobs/info/688c4850906ac06e1d1d2a67?utm_source=1099&utm_campaign=Software Engineer,On Site,San Francisco,Persona,2025-Fall,2025,"Cyber Security,Fraud Detection",251-500,,"1. Pursuing a Bachelor's or Master's in computer science, engineering, math, or related discipline with a strong CS background
2. Previous programming experience is a must. While we use Ruby/Rails, Typescript, React, Redux, Android, iOS, and Python, we care more about engineering skills than knowledge of specific languages or frameworks.
3. Proficiency in full-stack development, previous experience with data modeling and schema design
..."
Software Engineer - Intern,2025-05-31,https://jobright.ai/jobs/info/6888c2299f961617fe20f8d3?utm_source=1099&utm_campaign=Software Engineer,On Site,"Washington D.C., District of Columbia, United States",I.R.E,,,,1-10,,"1. Currently pursuing a Bachelor's or Master's degree in Computer Science, Software Engineering, or a related field.
2. Basic knowledge of one or more programming languages such as Python, Java, JavaScript, C++, etc.
3. Understanding of object-oriented programming and software development principles.
..."
Software Engineering Internships,2025-05-30,https://jobright.ai/jobs/info/68909a57f5ee707a15db7f4f?utm_source=1099&utm_campaign=Software Engineer,Remote,United States,Apple,,,"Artificial Intelligence (AI),Consumer Electronics",10000+,,"1. Pursuing BS/MS/PhD program in Computer Science, Electrical Engineering, Computer Engineering, Data Science, Design, or related fields.
2. At the end of the internship, you must return to school to continue your education or the internship must be the last requirement for you to graduate."
Intern - Software Engineer (Spring 2026),2025-05-28,https://jobright.ai/jobs/info/685f888b57375ed7f5327ae2?utm_source=1099&utm_campaign=Software Engineer,On Site,"Neenah, WI",Plexus Corp.,2026-Spring,2026,"Automotive,Business Development",10000+,$23-$27 /hr,1. Student working toward a Bachelor’s degree in Computer Engineering or Software Engineering for entire duration of internship.
"Game Research & Development Intern, Engine Research",2025-05-28,https://jobright.ai/jobs/info/687df285764c3d7411c3ff1c?utm_source=1099&utm_campaign=Software Engineer,On Site,US-California-Los Angeles,Tencent,,,"Advertising,Internet",10000+,$27-$57.70 /hr,"1. Strong coding skills in one of following programming languages: C++, python, TensorFlow/Torch
2. Solid knowledge in calculus, linear algebra, basic numerical analysis
3. A strong sense of responsibility and good communication skills"
"Game Research & Development Intern, Engine Research",2025-05-28,https://jobright.ai/jobs/info/6897406773b3a600fe8958e8?utm_source=1099&utm_campaign=Software Engineer,On Site,US-California-Los Angeles,Tencent,,,"Advertising,Internet",10000+,$27.12-$57.70 /hr,"1. Strong coding skills in one of following programming languages: C++, python, TensorFlow/Torch
2. Solid knowledge in calculus, linear algebra, basic numerical analysis
3. A strong sense of responsibility and good communication skills"
Software Engineering Co-op_Summer 2026,2025-05-27,https://jobright.ai/jobs/info/68a354c21ab5f8579e8a4af2?utm_source=1099&utm_campaign=Software Engineer,Hybrid,"USA, Louisville, KY",Haier,2026-May,December 2026,,251-500,,"1. Currently enrolled in an accredited university pursuing a bachelor's degree or higher in Engineering (Computer, or Software Engineering)
2. December 2026 or later graduation date
3. Cumulative GPA >=3.0 (out of 4.0)
..."
MBA Intern | Business + Game Analyst | Music Tech,2025-05-26,https://jobright.ai/jobs/info/68355ee7fa2725e8adbf61c6?utm_source=1099&utm_campaign=Software Engineer,Remote,California,Splash,,,"Artificial Intelligence (AI),Machine Learning",11-50,,"1. Currently enrolled in an MBA program, recently graduated, or have equivalent business/data experience
2. Fast, practical thinker who can define what to measure and how to do it without perfect data
3. Know your way around data dashboards, KPIs, funnel metrics, and user segmentation
..."
"Intern, Software Engineer",2025-05-26,https://jobright.ai/jobs/info/6834cdd48bdd9011000b63ff?utm_source=1099&utm_campaign=Software Engineer,Hybrid,"Multi Location
Milwaukee, Wisconsin, United States
Mayfield Heights, Ohio, United States",Rockwell Automation,,,"Hardware,Industrial Automation",10000+,,"1. You must be currently pursuing a bachelor's or advanced degree from an accredited college or university.
2. Legal authorization to work in the US is required. We will not sponsor individuals for employment visas for this internship. This includes OPT/CPT/STEM Visas."
Software Engineering Intern,2025-05-20,https://jobright.ai/jobs/info/68a3caf61ab5f8579e8a84c1?utm_source=1099&utm_campaign=Software Engineer,Hybrid,United States,Henry Schein One,,2026-May,"Computer,Software",1001-5000,$20-$23 /hr,"1. Enrolled in a Bachelor's Degree program in Computer Science or a related field, with a graduation date of May 2026 or later
2. Solid understanding of computer science fundamentals like data structures, algorithms, and object-oriented design with familiarity in one development language
3. Problem-solving mindset with the ability to troubleshoot technical issues
..."
Intern — Engineering,2025-05-19,https://jobright.ai/jobs/info/682ccb1fa809ce9b8629af2e?utm_source=1099&utm_campaign=Software Engineer,Hybrid,San Francisco,Unto Labs,,,,1-10,$180000-$250000 /yr,"1. Deep expertise in systems programming languages (C, C++, Rust) with a focus on performance optimization
2. Experience and understanding of modern CPU architectures, memory hierarchies, and low-level optimization techniques
3. Expertise in high-performance networking and protocol design
..."
Software Engineer Intern,2025-05-18,https://jobright.ai/jobs/info/68a15b41faa4e875e8293434?utm_source=1099&utm_campaign=Software Engineer,On Site,"McLean, VA",Prescient Edge,,2022-Spring,"Information Technology,Security",101-250,,"1. Must be a U.S. Citizen
2. Current software engineering student in good standing at an accredited university and scheduled to graduate by spring 2022
3. Currently enrolled in or completed course work that is relevant to assigned organizational area
..."
Technical Software Liaison Intern (Unpaid),2025-05-17,https://jobright.ai/jobs/info/68450110fafa07939801757a?utm_source=1099&utm_campaign=Software Engineer,On Site,"Cherry Hill, NJ",Neuropath Behavioral Healthcare,,,"Health Care,Medical",51-100,,"1. Current college student, or recent graduate.
2. Applicants must be pursuing a Bachelor’s degree in Computer Science, Information Technology, or a related field, or equivalent practical experience.
3. 3+ years of experience in software implementation, technical support, or a related role.
..."
Chip/EDA Software Intern,2025-05-17,https://jobright.ai/jobs/info/680b42f98debe05a93529061?utm_source=1099&utm_campaign=Software Engineer,On Site,"Mountain View, CA",Silimate (YC S23),,,"Data Center Automation,Software",1-10,$30-$40 /yr,"1. Available for at 15-40 hours/week in-person in Mountain View, CA
2. Excited to contribute to core product for a fast-moving AI EDA startup
3. Good at writing/shipping high-quality code (Python/C++) quickly
..."
Firmware Engineering Internship/Co-op (Summer/Fall 2025),2025-05-15,https://jobright.ai/jobs/info/684b49190bd4764c7a2e938f?utm_source=1099&utm_campaign=Software Engineer,On Site,"Palo Alto, CA, US",Teleo,2025-Summer,,"Construction,Fleet Management",11-50,$5000-$6000 /mon,"1. Undergraduate or graduate degree in Electrical Engineering or Computer Science in progress
2. Proven experience bringing up PCBAs, µC and developing algorithms on RTOS
3. Strong interest in embedded firmware development for safety-critical application"
Intern (Student) - App / Game Developer at ANTI ELIXIR LLC,2025-05-15,https://jobright.ai/jobs/info/68268cd1ebc3a5296b86dd74?utm_source=1099&utm_campaign=Software Engineer,On Site,"Miami, United States",ANTI ELIXIR LLC,,,,,,"1. Your skill in game and app development is your most important qualification
2. Surprise us with your portfolio!
3. Fluency with Wordpress, Wix, and other relevant tools
..."
Computer Engineering Intern,2025-05-15,https://jobright.ai/jobs/info/6819404a38a8554d93de9abd?utm_source=1099&utm_campaign=Software Engineer,On Site,"Lincoln, NE",Teledyne Technologies Incorporated,,,"Electronics,Energy",10000+,,"1. Candidate must be pursuing a degree in Electrical or Computer Engineering or related field.
2. Candidate should have excellent written and verbal communication skills.
3. Hours will be a minimum of 15 - 20 hours per week between 8AM and 5PM Monday through Friday during the school year."
Junior Full Stack Software Engineer (Part-Time/Internship),2025-05-14,https://jobright.ai/jobs/info/68258a683a7150d73972b21a?utm_source=1099&utm_campaign=Software Engineer,On Site,"Annapolis Junction, MD",Interclypse,,,"Consulting,Information Technology",51-100,,"1. Pursing a Bachelor’s Degree in Computer Science, Computer Engineering, or Information Systems
2. 0 - 4 years experience with software development, preferably some exposure to JavaScript or Java
3. 0 - 4 years experience with MongoDB and/or SQL"
Website Developer Intern or Experienced,2025-05-14,https://jobright.ai/jobs/info/68603a48e6aba5b7dc0e486f?utm_source=1099&utm_campaign=Software Engineer,Hybrid,Remote job,Nexodus Inc,,2024 / 2025 / 2026,,1-10,,"1. Proficiency in HTML, CSS, and JavaScript.
2. Experience with web design platforms (e.g., WordPress, Shopify, Squarespace).
3. Strong attention to detail and problem-solving skills.
..."
Intern - Engineering Firmware,2025-05-11,https://jobright.ai/jobs/info/68a5439133dd7158bbc98778?utm_source=1099&utm_campaign=Software Engineer,On Site,NJ-Fairfield,Milestone AV Technologies,,,"Electronics,Manufacturing",501-1000,,"1. Knowledge or interest in Embedded Linux and associated toolchain
2. Interested in design, verification, and validation of software.
3. Ability to create and maintain timelines for deliverables as assigned
..."
Tabletop Gaming QA Intern,2025-05-11,https://jobright.ai/jobs/info/6822ad872f294374cee50d2a?utm_source=1099&utm_campaign=Software Engineer,On Site,"Carlsbad, CA",The Upper Deck Company,,,Sports,101-250,,"1. Passion for Tabletop Gaming – MUST have a passion for the tabletop industry and a strong understanding of different games.
2. Strong Attention to Detail – Ability to identify subtle errors or inconsistencies in a game.
3. Excellent Communication Skills – Ability to explain issues and provide constructive feedback clearly and concisely.
..."
"Software Engineer, Intern (Summer 2026) ",2025-05-09,https://jobright.ai/jobs/info/681e2e8ba8b809fd846e0ace?utm_source=1099&utm_campaign=Software Engineer,On Site,Chicago,Aquatic Capital Management,2026-Summer,2026-Fall / 2027-Spring,"Consulting,Financial Services",101-250,,"1. Active student pursuing a BS, MS, or PhD in mathematics, statistics, machine learning, physics, computer science, or other scientific disciplines with an expected graduation date between Fall 2026 and Spring 2027.
2. Solid programming skills in Python and/or C++
3. Strong understanding of algorithms, systems, and computer architecture
..."
Software Engineer Internship: Public Health Systems - Bachelor's Degree,2025-05-09,https://jobright.ai/jobs/info/681db110e109e5930821f21c?utm_source=1099&utm_campaign=Software Engineer,On Site,"Portsmouth, VA",Oak Ridge Institute for Science and Education,,2025,,251-500,,"1. Current student pursuing a Bachelor's degree or be post Bachelor's degree.
2. Obtain CompTIA Security+ certification within 180 days of starting.
3. U.S Citizenship is required, must be able to pass a background investigation.
..."
Software Engineering Internship,2025-05-08,https://jobright.ai/jobs/info/681d4cfb4dfbb0228dde4757?utm_source=1099&utm_campaign=Software Engineer,On Site,"San Francisco, CA, US",Dalus,,,,,,1. Must be a US Citizen to apply
Cloud Engineer Intern,2025-05-06,https://jobright.ai/jobs/info/681a584d62cc9c68a5a4e2a6?utm_source=1099&utm_campaign=Software Engineer,On Site,"2340 Dulles Corner Blvd, Herndon, VA 20171, USA",ATPCO,,,Aerospace,501-1000,,"1. Currently working toward a CS, IT, data science or similar degree
2. Experience with SQL, Tableau, appscan, sonar or similar
3. Experience scripting to automate tasks
..."
Engineering Intern,2025-05-05,https://jobright.ai/jobs/info/6835b3c169b44ddd28eecdb8?utm_source=1099&utm_campaign=Software Engineer,On Site,San Francisco ,Cluely,,,,51-100,$200-$200 /yr,"1. Experience with Electron/Typescript/React OR building native Mac apps in Swift
2. Experience with Docker/Kubernetes/DevOps
3. Have 1-3+ years of full-time experience at a hypergrowth startup"
Computer Engineering Intern,2025-05-05,https://jobright.ai/jobs/info/68222260d0e6c0cf2cb16abe?utm_source=1099&utm_campaign=Software Engineer,On Site,"US - Lincoln, NE",Teledyne Judson Technologies,,,"Electronics,Manufacturing",11-50,,"1. Candidate must be pursuing a degree in Electrical or Computer Engineering or related field.
2. Candidate should have excellent written and verbal communication skills.
3. Hours will be a minimum of 15 - 20 hours per week between 8AM and 5PM Monday through Friday during the school year."
Risk Quantitative Programming Intern,2025-04-30,https://jobright.ai/jobs/info/681858909b4f84929f3106fe?utm_source=1099&utm_campaign=Software Engineer,On Site,"Jersey City, NJ",Futu Clearing Inc.,,,"Financial Services,Security",51-100,,"1. Currently pursuing an undergraduate or graduate degree in a related field.
2. Eligibility for academic credit is required.
3. Strong analytical and quantitative skills.
..."
Associate Engineer Internship,2025-04-30,https://jobright.ai/jobs/info/68126c293d90d5e580d8fcb8?utm_source=1099&utm_campaign=Software Engineer,Hybrid,Seattle,Highspot,,,"Artificial Intelligence (AI),Enterprise Software",1001-5000,,"1. Currently pursuing a B.S. or M.S. / M.Sc. in Computer Science or a similar field.
2. Strong software engineering fundamentals.
3. Exposure to machine learning or AI.
..."
Software Engineer Intern,2025-04-29,https://jobright.ai/jobs/info/68126c293d90d5e580d8fcc0?utm_source=1099&utm_campaign=Software Engineer,On Site,San Jose Office,TENEX.AI,June,,,11-50,,"1. Solid understanding of software engineering principles and best practices.
2. Strong technical background with analytical and problem-solving skills.
3. Previous related experience in software engineering (applicable coursework, projects, internships, etc.).
..."
"Full Stack Engineer, Intern",2025-04-25,https://jobright.ai/jobs/info/680bc91a968f71640d77db70?utm_source=1099&utm_campaign=Software Engineer,On Site,"San Francisco, CA",SafetyKit,,,"Fraud Detection,Information Technology",1-10,$150K-$200K /yr,"1. You love language models.
2. You code and ship at very high velocity.
3. You aren’t scared to use codegen models to code and ship even faster.
..."
Android Developer - Internship,2025-04-25,https://jobright.ai/jobs/info/680b63a60b9a24c1f30bfadc?utm_source=1099&utm_campaign=Software Engineer,On Site,"Chicago, IL","Digital Factory, Inc.",,,"Advertising,Banking",11-50,,"1. Knowledge of iOS back-end services
2. Knowledge of Apple’s design principles and application interface guidelines
3. Proficient in code versioning tools including Git
..."
Software Engineering - Solutions Architect,2025-04-25,https://jobright.ai/jobs/info/680b63a60b9a24c1f30bfada?utm_source=1099&utm_campaign=Software Engineer,On Site,"Chicago, IL","Digital Factory, Inc.",,,"Advertising,Banking",11-50,,"1. Knowledge of iOS back-end services
2. Knowledge of Apple’s design principles and application interface guidelines
3. Proficient in code versioning tools including Git
..."
Web Developer - Rails - Full Stack,2025-04-25,https://jobright.ai/jobs/info/680b63a60b9a24c1f30bfadb?utm_source=1099&utm_campaign=Software Engineer,On Site,"Chicago, IL","Digital Factory, Inc.",,,"Advertising,Banking",11-50,,"1. Basic understanding of server-side CSS pre-processing platforms
2. Basic knowledge of image authoring tools, to be able to crop, resize, or perform small adjustments on an image
3. Expertise in knowledge and behavior regarding security compliance, data sources
..."
iOS Developer - Internship,2025-04-25,https://jobright.ai/jobs/info/680b63a60b9a24c1f30bfad8?utm_source=1099&utm_campaign=Software Engineer,On Site,"Chicago, IL","Digital Factory, Inc.",,,"Advertising,Banking",11-50,,"1. BS in Computer Science, Computer Engineering or equivalent work experience
2. At least 2 years of programming experience in Objective C and iOS Development
3. Substantial development experience with Swift and XCode
..."
"Software Engineer, Intern (Summer 2025)",2025-04-24,https://jobright.ai/jobs/info/688c46ea3a30793eb9641bb8?utm_source=1099&utm_campaign=Software Engineer,On Site,San Francisco,Persona,2025-Summer,,"Cyber Security,Fraud Detection",251-500,,"1. Pursuing a Bachelor's or Master's in computer science, engineering, math, or related discipline with a strong CS background
2. Previous programming experience is a must. While we use Ruby/Rails, Typescript, React, Redux, Android, iOS, and Python, we care more about engineering skills than knowledge of specific languages or frameworks
3. Proficiency in full-stack development, previous experience with data modeling and schema design
..."
Federal Work Study - Website Development Intern,2025-04-24,https://jobright.ai/jobs/info/680a5e824b2004984517381f?utm_source=1099&utm_campaign=Software Engineer,On Site,"Anderson, IN",Ivy Tech Community College Indianapolis,ASAP,,,101-250,$15-$15 /hr,"1. MUST BE A CURRENT IVY TECH ANDERSON STUDENT WITH AN FAFSA ON FILE.
2. Must be authorized to work in the United States.
3. Completed FAFSA on file demonstrating financial need.
..."
Summer Internship,2025-04-23,https://jobright.ai/jobs/info/68121865a8e763f5a227078e?utm_source=1099&utm_campaign=Software Engineer,On Site,"San Francisco, CA, US",Markprompt,2025-Summer,,"Artificial Intelligence (AI),Customer Service",1-10,,"1. Experience with TypeScript
2. Familiarity with Supabase
3. Knowledge of Next.js
..."
Test Engineer - Intern-2,2025-04-23,https://jobright.ai/jobs/info/687cfe392097a271a898dabf?utm_source=1099&utm_campaign=Software Engineer,Hybrid,"Redmond, Washington",Centific,,,"Analytics,Artificial Intelligence (AI)",5001-10000,,"1. Basic familiarity with Microsoft Office 365 including Outlook, Excel, and PowerPoint.
2. General knowledge of online communication.
3. Willingness to work overtime if necessary.
..."
Engineering Intern (Fall 2025),2025-04-22,https://jobright.ai/jobs/info/6807f6242901213ac06aa1e4?utm_source=1099&utm_campaign=Software Engineer,On Site,"Huntsville, AL",Sanmina,2025-Fall,2025,"Industrial Engineering,Manufacturing",10000+,,"1. U.S. CITIZENSHIP IS REQUIRED
2. Highly motivated Co-Op candidates
3. Passionate about engineering
..."
Software and Product Development Engineer Intern,2025-04-21,https://jobright.ai/jobs/info/68909275f5ee707a15db775c?utm_source=1099&utm_campaign=Software Engineer,Remote,United States,Diverse Health,Rolling,,,1-10,,"1. Current undergraduate or graduate student in Computer Science, Software Engineering, Health Informatics, or a related field
2. Familiar with Salesforce, React, Firebase, or equivalent frameworks
3. Strong interest in building tech solutions for equitable healthcare access
..."
Programmer Trainee,2025-04-21,https://jobright.ai/jobs/info/68064039d36d40bd984482f4?utm_source=1099&utm_campaign=Software Engineer,On Site,"Bluefield, VA",Greek Peak Mountain Resort,,,,,$19.81-$29.72 /hr,"1. Bachelor’s degree in Computer Science, Information Technology, or related field (or currently pursuing).
2. Basic knowledge of programming languages such as Python, Java, JavaScript, or C++.
3. Familiarity with databases (e.g., MySQL, PostgreSQL) and version control systems (e.g., Git).
..."
Brad Kraft Memorial Scholarship,2025-04-20,https://jobright.ai/jobs/info/68069e83cf9aa3974e8c7422?utm_source=1099&utm_campaign=Software Engineer,On Site,"Houston, TX",NorthStar Memorial Group,2024-December,,Information Technology,1001-5000,$5000-$5000 /yr,"1. Active enrollment in a college or university program accredited by the American Board of Funeral Service Education (ABFSE)
2. GPA of 2.6 or higher
3. The application process includes an essay, and open-ended questions
..."
Computer Science Internship,2025-04-16,https://jobright.ai/jobs/info/67f7b24c0bb3f8b39a3c5f6c?utm_source=1099&utm_campaign=Software Engineer,Hybrid,"Multi Location
College Park, MD
College Park, Maryland",Rackner,,,"Apps,Cloud Computing",11-50,,"1. Currently pursuing a Bachelor's or Master's degree in Computer Science or a related field.
2. Strong programming skills in languages such as Python, Java, C++, or similar.
3. Familiarity with data structures, algorithms, and software development methodologies.
..."
Core Vision Intern,2025-04-16,https://jobright.ai/jobs/info/689c94d983d13d1f5b6a8f06?utm_source=1099&utm_campaign=Software Engineer,On Site,"Natick, Massachusetts",Cognex Corporation,2024-Summer,,"Industrial Automation,Manufacturing",1001-5000,,"1. High energy and motivated learner.
2. Creative, motivated, and looking to work hard for a fast-moving company.
3. Strong analytical and problem-solving skills.
..."
Full Stack Engineer Intern,2025-04-15,https://jobright.ai/jobs/info/67eb82472637d0c1370fad7c?utm_source=1099&utm_campaign=Software Engineer,Remote,California,Splash,,,"Artificial Intelligence (AI),Machine Learning",11-50,,"1. Contribute to the development of Splash’s web and gaming-based music tools, improving usability and scalability.
2. Work across the full stack - frontend (React, TypeScript), backend (Python, Node.js), and databases.
3. Learn and apply AI-powered development tools to optimize coding efficiency and problem-solving.
..."
UX / UI Development Intern,2025-04-15,https://jobright.ai/jobs/info/67eb82472637d0c1370fad70?utm_source=1099&utm_campaign=Software Engineer,Remote,California,Splash,,,"Artificial Intelligence (AI),Machine Learning",11-50,,"1. Experience with front-end technologies (React, TypeScript, JavaScript, HTML, CSS).
2. A passion for UX/UI design and a strong understanding of user-centered principles.
3. A problem-solving mindset – you enjoy debugging, troubleshooting, and finding creative design solutions.
..."
Software Engineer Internship,2025-04-14,https://jobright.ai/jobs/info/67d8e91c0bc13c664da1749c?utm_source=1099&utm_campaign=Software Engineer,On Site,"San Francisco, CA",Clerkie,2025,2024 / 2025,"Artificial Intelligence (AI),Finance",11-50,$90K-$110K /yr,"1. A soon-to-be or recent graduate (class of 2024 or 2025 preferred) with a degree in Computer Science, Software Engineering, or a related field
2. Proficiency in JavaScript/TypeScript and experience with React.js, Next.js, or Node.js
3. Comfortable working with databases (SQL or NoSQL, e.g., PostgreSQL, MongoDB)
..."
Internship: Game Developer (Spring-Summer),2025-04-11,https://jobright.ai/jobs/info/6813bf577f52244544d745a8?utm_source=1099&utm_campaign=Software Engineer,On Site,"Redwood City, CA, USA",DreamWorld,2025-Spring-Summer,,,51-100,,"1. C++
2. Git
3. Unreal Engine
..."
Backend Intern (Python),2025-04-11,https://jobright.ai/jobs/info/6813bf577f52244544d745c9?utm_source=1099&utm_campaign=Software Engineer,Remote,IN / Remote (IN),ClickPe (YC W23),,,"Finance,Financial Services",1-10,,"1. Python
2. AWS
3. Postman
..."
Software Engineering Intern,2025-04-11,https://jobright.ai/jobs/info/6811c13c8de4c363a14a6b1f?utm_source=1099&utm_campaign=Software Engineer,Remote,Remote (US),Venu AI,,,"B2B,Events",11-50,,"1. Skills: Python, React, Microsoft Azure
2. Quickly learn and use Python, React, Django, Microsoft Azure AI/ML, databases, and github devops automation.
3. Be a passionate, proactive team player, a good communicator, bring a positive energy to the team, and help team members to enable others to be successful, happy, and fulfilled on the team.
..."
Software Engineering Intern (Summer 2025),2025-04-11,https://jobright.ai/jobs/info/6813bf577f52244544d745f3?utm_source=1099&utm_campaign=Software Engineer,Remote,Remote (US),Cair Health,2025-Summer,,,,,"1. Proven experience in software development, preferably deploying solutions at scale.
2. Experience with front-end engineering.
3. Excellent problem-solving skills and a growth mindset.
..."
Software Engineer Intern,2025-04-11,https://jobright.ai/jobs/info/6811fd543e0d86058a2797dd?utm_source=1099&utm_campaign=Software Engineer,On Site,"New York, NY, US",Nitrode (YC W25),June,2026,,1-10,,"1. Pursuing a bachelor's or master’s degree in computer science, engineering, or equivalent
2. If returning full-time/ targeting a 2026 full-time start date. Must be able to start FTE December 2025 - August 2026
3. Previous internship experience
..."
Software Engineering Intern,2025-04-11,https://jobright.ai/jobs/info/68121828a8e763f5a2270429?utm_source=1099&utm_campaign=Software Engineer,On Site,"San Francisco, CA",Olive (YC W25),Summer,,,1-10,$15000-$20000 /yr,"1. Skills: TypeScript
2. Skills: PostgreSQL
3. Super technical (e.g. impressive personal projects, products, internship experience, etc.)
..."
Software Engineer Intern,2025-04-11,https://jobright.ai/jobs/info/6813bf577f52244544d74699?utm_source=1099&utm_campaign=Software Engineer,On Site,"San Francisco, CA, US",AfterQuery,2025,,,51-100,$60000-$90000 /yr,"1. At least 1-2 previous internships in front-end / full-stack development
2. Proficiency in JavaScript (Next.js) and Python, with demonstrated experience building full-stack web applications.
3. Expert-level experience with Docker containerization, including container lifecycle management, networking, and custom image creation.
..."
Remote Solutions Engineering Intern | US citizens only,2025-04-11,https://jobright.ai/jobs/info/67f9aeb57e1357c68b53959b?utm_source=1099&utm_campaign=Software Engineer,Remote,California,Shakudo,2025,2025,"Artificial Intelligence (AI),Machine Learning",11-50,$20-$30 /hr,"1. U.S. citizenship (client requirement).
2. Actively enrolled or recently graduated in a CS, EECS, or related technical degree program (junior, senior, or recent grad, but we are open to promising sophomores with strong coding skills!)
3. Strong Python and JavaScript skills— you should be comfortable reading and working with both.
..."
Software Engineering Intern,2025-04-08,https://jobright.ai/jobs/info/67f5e6d06ed402c4c05aa893?utm_source=1099&utm_campaign=Software Engineer,On Site,Los Angeles,Flyby Robotics,2025-May,,"Aerospace,Machinery Manufacturing",11-50,,"1. Currently pursuing a BS/MS in Computer Science or a related technical field.
2. 6+ months of software programming or development experience
3. Strong proficiency in Python is required
..."
"Assurance Intern, Information Systems Assurance - Summer 2026 (San Francisco)",2025-04-08,https://jobright.ai/jobs/info/67f53c6e4fd45cf8a0215537?utm_source=1099&utm_campaign=Software Engineer,On Site,"One Bush Street, San Francisco, CA, 94104, US",BDO USA,2026-Summer,,"Accounting,Consulting",10000+,$37-$41 /hr,"1. Pursuing a degree in Accounting, Computer Science, or Information Systems"
SAP Development Trainee,2025-04-05,https://jobright.ai/jobs/info/6841178730748dfaeffbc5c6?utm_source=1099&utm_campaign=Software Engineer,On Site,"Milano, TX",P&A Solutions,,,"Consulting,Information Technology",51-100,,"1. Laurea preferibilmente in discipline tecnico-scientifiche quali Ingegneria (Informatica, Elettronica e delle Telecomunicazioni), Informatica, Matematica, Fisica e Statistica
2. Conoscenza basilare del paradigma di programmazione orientato agli oggetti
3. Attitudine positiva e propensione al lavoro di squadra
..."
SkillBridge Software Developer,2025-04-03,https://jobright.ai/jobs/info/67f07b5ec2d841b76fca2744?utm_source=1099&utm_campaign=Software Engineer,On Site,"Multi Location
Aurora, CO
Fairfax, VA",NASK Incorporated,,,"Analytics,Developer Platform",51-100,,"1. MUST be transitioning US Military personnel with your COMMAND'S approval for this program
2. In lieu of a degree, relevant work experience
3. Ability to quickly learn new software and technical subjects
..."
Software Engineer Co-op,2025-04-03,https://jobright.ai/jobs/info/67ef3ac38459ff38f478b178?utm_source=1099&utm_campaign=Software Engineer,On Site,"Monroeville, PA",Compunetix,2025-Summer,,"Mobile Apps,Robotics",251-500,,"1. Candidates MUST be a US Citizen.
2. Applicants must be clearable for a US security clearance.
3. Pursuing a bachelor’s degree in Computer Science or Computer Engineering.
..."
Software Development Internship,2025-03-31,https://jobright.ai/jobs/info/67eac23133939bb70c4aa1ae?utm_source=1099&utm_campaign=Software Engineer,On Site,"3 Huntington Quadrangle, Melville, NY, 11747, US",Northwell Health,2025-May,,"Consulting,Health Care",5001-10000,$2500-$2500 /hr,"1. High School Diploma or equivalent
2. Currently enrolled as an Undergraduate Senior at NYIT, majoring in Computer Science
3. Experience: 0-2 years of experience as a Software Developer
..."