Position Title,Date,Apply,Work Model,Location,Company,Hire Time,Graduate Time,Company Industry,Company Size,Salary,Qualifications
Deepfield Software Engineer Co-op,2025-08-28,https://fa-evmr-saasfaprod1.fa.ocs.oraclecloud.com/hcmUI/CandidateExperience/en/sites/CX_1/job/24190?utm_source=Simplify&ref=Simplify,On-site,"Ann Arbor, MI",Nokia,Summer 2026,2025-2026,Software Engineering,100-1000,,Summer 2026 internship
Software Developer (Co-op),2025-08-28,https://corpay.wd103.myworkdayjobs.com/en-US/ext_001/job/Vancouver---PayByPhone/Software-Developer--Co-op-_R06820?utm_source=Simplify&ref=Simplify,On-site,"Vancouver, CAN",Corpay,Summer 2026,2025-2026,Software Engineering,100-1000,,Summer 2026 internship
Software Development Intern,2025-08-28,https://dmainc.wd5.myworkdayjobs.com/en-US/dma/job/Fort-Wayne-IN/Software-Development-Intern---Spring-2026_REQ127?utm_source=Simplify&ref=Simplify,On-site,"Fort Wayne, IN",DMA,Summer 2026,2025-2026,Other,100-1000,,Summer 2026 internship position
Engine Software Engineer Intern,2025-08-28,https://www.epicgames.com/site/en-US/careers/jobs/5623220004?utm_source=Simplify&ref=Simplify,On-site,"Cary, NC",Epic Games,Summer 2026,2025-2026,Software Engineering,100-1000,,Summer 2026 internship position
Corporate Intern Software Engineer II,2025-08-28,https://walmart.wd5.myworkdayjobs.com/en-US/WalmartExternal/job/XMLNAME--USA--2025-Intern-Conversion--2026-Corporate-Intern-Software-Engineer-II---Sunnyvale--CA_R-2273398?utm_source=Simplify&ref=Simplify,On-site,"Sunnyvale, CA",Walmart,Summer 2026,2025-2026,Software Engineering,100-1000,,Summer 2026 internship position
Software Engineering Intern,2025-08-28,https://www.samsara.com/company/careers/roles/7179025?utm_source=Simplify&ref=Simplify,On-site,"San Francisco, CA",Samsara,Summer 2026,2025-2026,Software Engineering,100-1000,,Summer 2026 internship position
Software Engineering Intern,2025-08-28,https://jobs.ashbyhq.com/Commure-Athelas/566a84fb-d93e-4177-ac07-3c16d3ae8e8d/application?utm_source=Simplify&ref=Simplify,On-site,"Mountain View, CA",Commure,Summer 2026,2025-2026,Software Engineering,1000-10000,,Summer 2026 internship position
Hormel Foods – IT Application Development Analyst Intern,2025-08-28,https://ekkh.fa.us2.oraclecloud.com/hcmUI/CandidateExperience/en/sites/CX_2002/jobs/job/30545?utm_source=Simplify&ref=Simplify,On-site,"Rochester, MN",Hormel Foods,Summer 2026,2025-2026,Other,100-1000,,Summer 2026 internship position
2026 Summer Internship - Software Engineering,2025-08-28,https://newrez.wd1.myworkdayjobs.com/NRZ/job/TX-Coppell/XMLNAME-2026-Summer-Internship---Software-Engineering_R8395?utm_source=Simplify&ref=Simplify,On-site,"Coppell, TX",Newrez,Summer 2026,2025-2026,Software Engineering,1000-10000,,Summer 2026 internship position
Software Development Coop,2025-08-28,https://fa-evmr-saasfaprod1.fa.ocs.oraclecloud.com/hcmUI/CandidateExperience/en/sites/CX_1/job/23984?utm_source=Simplify&ref=Simplify,On-site,"Sunnyvale, CA",Nokia,Summer 2026,2025-2026,Other,100-1000,,Summer 2026 internship
Tech Internship,2025-08-28,https://fa-ewmy-saasfaprod1.fa.ocs.oraclecloud.com/hcmUI/CandidateExperience/en/sites/CX_1/jobs/job/2158?utm_source=Simplify&ref=Simplify,On-site,"Holmdel, NJ NYC Lehi, UT",Verisk,Summer 2026,2025-2026,Other,100-1000,,Summer 2026 internship position
2026 Summer Internship - AVS Mobile Software Engineer - Corporate and Business Services - CEO,2025-08-28,https://zebra.eightfold.ai/careers/job/343627780597?utm_source=Simplify&ref=Simplify,On-site,"Wheeling, IL",Zebra Technologies,Summer 2026,2025-2026,Software Engineering,100-1000,,Summer 2026 internship position
Internship - Application Development,2025-08-28,https://rhsc.wd5.myworkdayjobs.com/delta_dental_of_michigan/job/Okemos-MI/Internship---Application-Development_JR100958-1?utm_source=Simplify&ref=Simplify,On-site,"East Lansing, MI",Delta Dental,Summer 2026,2025-2026,Other,100-1000,,Summer 2026 internship position
TDP Software Intern,2025-08-28,https://geico.wd1.myworkdayjobs.com/en-US/External/job/Chevy-Chase-MD/TDP-Software-Intern_R0059640?utm_source=Simplify&ref=Simplify,Multiple Locations,"19 locations Springfield, VA Indianapolis, IN Cheektowaga, NY Lakeland, FL Coralville, IA Fredericksburg, VA Virginia Beach, VA Woodbury, NY Tukwila, WA Mt Laurel Township, NJ Macon, GA Lenexa, KS Jacksonville, FL Sorrento Valley, San Diego, CA Richardson, TX Tucson, AZ Katy, TX Anchorage, AK Bethesda, MD",Geico,Summer 2026,2025-2026,Other,100-1000,,Summer 2026 internship position
Firmware Engineering Intern,2025-08-28,https://generac.wd5.myworkdayjobs.com/en-US/external/job/Waukesha-WI---USA/Firmware-Engineering-Intern_JR9249?utm_source=Simplify&ref=Simplify,On-site,"Waukesha, WI",Generac,Summer 2026,2025-2026,Hardware Engineering,100-1000,,Summer 2026 internship position
2026 Summer-Aflac Corporate Intern,2025-08-28,https://careers.aflac.com/job/2026-Summer-Aflac-Corporate-Intern-GA/1320690100/?ats=successfactors&utm_source=Simplify&ref=Simplify,On-site,"Columbus, GA",Aflac,Summer 2026,2025-2026,Other,100-1000,,Summer 2026 internship position
Intern Software Engineer - Embedded Posted Date,2025-08-28,https://careers-gdms.icims.com/jobs/67794/intern-software-engineer---embedded/job?utm_source=Simplify&ref=Simplify,On-site,"Orlando, FL",General Dynamics,Summer 2026,2025-2026,Hardware Engineering,100-1000,,Summer 2026 internship position
Full-Stack Engineer Intern,2025-08-28,https://www.workatastartup.com/jobs/80516?utm_source=Simplify&ref=Simplify,On-site,"New York, NY",CrowdVolt,Summer 2026,2025-2026,Software Engineering,100-1000,,Summer 2026 internship position
"Software Engineering, Handheld Mobile Computer",2025-08-28,https://careers.zebra.com/careers/job/343627851934?utm_source=Simplify&ref=Simplify,On-site,"Holtsville, NY",Zebra,Summer 2026,2025-2026,Software Engineering,100-1000,,Summer 2026 internship
Software Engineering Internship,2025-08-28,https://egup.fa.us2.oraclecloud.com/hcmUI/CandidateExperience/en/sites/CX/job/20256957?utm_source=Simplify&ref=Simplify,On-site,"Delaware, OH",Vertiv,Summer 2026,2025-2026,Software Engineering,100-1000,,Summer 2026 internship position
Associate Solutions Developer,2025-08-28,https://jobs.dayforcehcm.com/en-US/thg/ALLCAREERS/jobs/38827?utm_source=Simplify&ref=Simplify,On-site,"Worcester, MA",The Hanover,Summer 2026,2025-2026,Software Engineering,100-1000,,Summer 2026 internship
Associate Software Developer,2025-08-28,https://jobs.spectrum.com/job/maryland-heights/2026-summer-intern-associate-software-developer/4673/85449990864?utm_source=Simplify&ref=Simplify,On-site,"Maryland Heights, MO",Spectrum,Summer 2026,2025-2026,Software Engineering,100-1000,,Summer 2026 internship
"Systems Engineering Intern, Scenario Taxonomy",2025-08-28,https://boards.greenhouse.io/embed/job_app?token=7169069&utm_source=Simplify&ref=Simplify,On-site,"Mountain View, CA",Nuro,Summer 2026,2025-2026,Hardware Engineering,100-1000,,Summer 2026 internship position
Technology Software Development & Engineering Intern,2025-08-28,https://www.pepsicojobs.com/main/jobs/392034?lang=en-us&utm_source=Simplify&ref=Simplify,On-site,"Plano, TX Purchase, NY",PepsiCo,Summer 2026,2025-2026,Software Engineering,100-1000,,Summer 2026 internship position
AVS Mobile Software Engineer,2025-08-28,https://careers.zebra.com/careers/job/343627780597?utm_source=Simplify&ref=Simplify,On-site,"Lincolnshire, IL",Zebra,Summer 2026,2025-2026,Software Engineering,100-1000,,Summer 2026 internship
Full Stack Engineering Intern,2025-08-28,https://jobs.ashbyhq.com/abridge/5a73a97b-d2c4-4cf3-8fce-081b3cb92a3b?utm_source=Simplify&ref=Simplify,On-site,"San Francisco, CA",Abridge,Summer 2026,2025-2026,Software Engineering,1000-10000,,Summer 2026 internship position
Cybersecurity Analyst Intern,2025-08-28,https://www.janestreet.com/join-jane-street/position/8069279002/?utm_source=Simplify&ref=Simplify,On-site,"New York, NY",Jane Street,Summer 2026,2025-2026,Other,100-1000,,Summer 2026 internship position
Software Engineer Intern - AI Applications,2025-08-28,https://lifeattiktok.com/search/7540823148805032210?utm_source=Simplify&ref=Simplify,On-site,"Seattle, WA",TikTok,Summer 2026,2025-2026,Data Science,10000+,,Summer 2026 internship position
Backend Software Engineering Intern,2025-08-28,https://job-boards.greenhouse.io/verkada/jobs/4836993007?utm_source=Simplify&ref=Simplify,On-site,"San Mateo, CA",Verkada,Summer 2026,2025-2026,Software Engineering,100-1000,,Summer 2026 internship position
Test Engineering Summer Internship 2026,2025-08-28,https://motorolasolutions.wd5.myworkdayjobs.com/Careers/job/Greater-Chicago-Area/Test-Engineering-Summer-Internship-2026_R57150?utm_source=Simplify&ref=Simplify,On-site,"Chicago, IL",Motorola,Summer 2026,2025-2026,Hardware Engineering,100-1000,,Summer 2026 internship position
AI Fluency Co-op,2025-08-28,https://hcmportal.wd5.myworkdayjobs.com/en-US/Search/job/US---AIR-GROUP-BUILDING-KYARP/AI-Fluency-Co-op_R25028843?utm_source=Simplify&ref=Simplify,Multiple Locations,"4 locations Philadelphia, PA Newark, NJ Arlington, VA Parsippany-Troy Hills, NJ",United Parcel Service (UPS),Summer 2026,2025-2026,Data Science,100-1000,,Summer 2026 internship
Deutsche Bank – Deutsche Bank Internship Program - Technology - Data and Innovation - Tdi - 2026Yello Enterprise,2025-08-28,https://db.recsolu.com/external/requisitions/Bw7mjFK6IZkEJB1Wtse0YA?utm_source=Simplify&ref=Simplify,On-site,NYC,Deutsche Bank,Summer 2026,2025-2026,Other,100-1000,,Summer 2026 internship position
Software Engineering Internship,2025-08-28,https://careers-sig.icims.com/jobs/9571/job?utm_source=Simplify&ref=Simplify,On-site,"Ardmore, PA",Susquehanna International Group (SIG),Summer 2026,2025-2026,Software Engineering,100-1000,,Summer 2026 internship position
Mobile App Developer Co-op,2025-08-28,https://job-boards.greenhouse.io/sharkninjaoperatingllc/jobs/4592691006?utm_source=Simplify&ref=Simplify,On-site,"Needham, MA",SharkNinja,Summer 2026,2025-2026,Software Engineering,100-1000,,Summer 2026 internship
Software Development Intern,2025-08-28,https://job-boards.greenhouse.io/ripplematchinterns/jobs/8131844002?utm_source=Simplify&ref=Simplify,On-site,"Madison, WI",Epic,Summer 2026,2025-2026,Other,100-1000,,Summer 2026 internship position
"Cloud Engineering, Data & Analytics - Software Engineering Intern",2025-08-28,https://pwc.wd3.myworkdayjobs.com/en-US/US_Entry_Level_Careers/job/IL-Rosemont/Cloud-Engineering--Data---Analytics----Software-Engineering-Intern---Summer-2026_658438WD?utm_source=Simplify&ref=Simplify,Multiple Locations,"11 locations Rosemont, IL Atlanta, GA Minneapolis, MN Chicago, IL Washington, DC Boston, MA New York, NY Dallas, TX Philadelphia, PA Seattle, WA Houston, TX",PwC,Summer 2026,2025-2026,Software Engineering,100-1000,,Summer 2026 internship position
Frontend Software Engineer Intern - Web and Client - Global Payment,2025-08-28,https://jobs.bytedance.com/en/position/7538583899431373063/detail?utm_source=Simplify&ref=Simplify,On-site,"San Jose, CA",ByteDance,Summer 2026,2025-2026,Software Engineering,10000+,,Summer 2026 internship position
Software Engineer Intern,2025-08-28,https://boards.greenhouse.io/embed/job_app?token=7183241&utm_source=Simplify&ref=Simplify,Remote,Remote in USA,Dropbox,Summer 2026,2025-2026,Software Engineering,1000-10000,,Summer 2026 internship position
Campus – Technology Program Intern,2025-08-28,https://fanniemae.wd1.myworkdayjobs.com/FannieMaeCareers/job/Reston-Town-Center/Campus---Technology-Program-Intern-_JR1262?utm_source=Simplify&ref=Simplify,On-site,"Plano, TX Reston, VA",Fannie Mae,Summer 2026,2025-2026,Other,100-1000,,Summer 2026 internship position
Application Developer Intern,2025-08-28,"https://jobs.l3harris.com/job/Melbourne-Application-Developer-Intern-(Melbourne,-FL)-FL-32919/1320080300/?ats=successfactors&utm_source=Simplify&ref=Simplify",On-site,"Melbourne, FL",L3Harris Technologies,Summer 2026,2025-2026,Software Engineering,100-1000,,Summer 2026 internship position
Software Engineering Co-op,2025-08-28,https://haier.wd3.myworkdayjobs.com/ge_appliances/job/USA-Louisville-KY/Software-Engineering-Co-op-Fall-2026_REQ-23563?utm_source=Simplify&ref=Simplify,On-site,"Louisville, KY",GE Appliances,Summer 2026,2025-2026,Software Engineering,100-1000,,Summer 2026 internship
Information Digital Technology & Security Intern,2025-08-28,https://boeing.wd1.myworkdayjobs.com/en-US/EXTERNAL_CAREERS/details/Boeing-Summer-2026-Internship-Program--Paid----Information-Digital-Technology---Security--IDT-S-_JR2025469144-1?utm_source=Simplify&ref=Simplify,Multiple Locations,"30 locations Auburn, WA Arlington, VA Atlanta, GA Bellevue, WA Berkeley, MO Charleston, SC Chicago, IL Colorado Springs, CO Dallas, TX El Segundo, CA Everett, WA Fairfax, VA Hazelwood, MO Herndon, VA Huntington Beach, CA Huntsville, AL Kent, WA Long Beach, CA Mesa, AZ Mukilteo, WA North Charleston, SC Oklahoma City, OK Plano, TX Renton, WA Ridley Park, PA Saint Charles, MO San Antonio, TX Seattle, WA Seal Beach, CA Tukwila, WA",Boeing,Summer 2026,2025-2026,Other,100-1000,,Summer 2026 internship position
AI Engineer Intern,2025-08-28,https://ibmglobal.avature.net/en_US/careers/JobDetail?jobId=53118&recommendation=&source=WEB_Search_NA&tags=&user=&formValues=&utm_source=Simplify&ref=Simplify,Multiple Locations,"7 locations Austin, TX Chicago, IL Dallas, TX New York, NY Research Triangle Park, NC San Francisco, CA Washington, DC",IBM,Summer 2026,2025-2026,Data Science,10000+,,Summer 2026 internship position
"Software Developer Intern, MS",2025-08-28,https://www.google.com/about/careers/applications/jobs/results/83033753760211654-software-developer-intern-ms-summer-2026?utm_source=Simplify&ref=Simplify,On-site,"Waterloo, ON Montreal, QC Toronto, ON",Google,Summer 2026,2025-2026,Software Engineering,10000+,,Summer 2026 internship position
Systems Engineer Intern,2025-08-28,https://careers.tranetechnologies.com/global/en/job/2505323/Systems-Engineer-Intern?utm_source=Simplify&ref=Simplify,On-site,"St. Paul, MA",Trane Technologies,Summer 2026,2025-2026,Hardware Engineering,100-1000,,Summer 2026 internship position
"Software Developer Intern, BS",2025-08-28,https://www.google.com/about/careers/applications/jobs/results/139918130284503750-software-developer-intern-bs-summer-2026?utm_source=Simplify&ref=Simplify,On-site,"Waterloo, ON Montreal, QC Toronto, ON",Google,Summer 2026,2025-2026,Software Engineering,10000+,,Summer 2026 internship position
Technology 2026 Summer Internship,2025-08-28,https://www.careers.jnj.com/en/jobs/r-029613/technology-2026-summer-internship/?utm_source=Simplify&ref=Simplify,Multiple Locations,"11 locations Fort Washington, PA Horsham, PA Irvine, CA Jacksonville, FL New Brunswick, NJ Palm Beach Gardens, FL Raritan, NJ Santa Clara, CA Spring House, PA Titusville, NJ West Chester, PA",Johnson & Johnson,Summer 2026,2025-2026,Other,100-1000,,Summer 2026 internship position
"Software Engineering Intern, BS",2025-08-28,https://www.google.com/about/careers/applications/jobs/results/75808725415142086-software-engineering-intern-bs-summer-2026?utm_source=Simplify&ref=Simplify,Multiple Locations,"30 locations Mountain View, CA Atlanta, GA Austin, TX Boulder, CO Cambridge, MA Bellevue, WA Chicago, IL Irvine, CA Kirkland, WA Los Angeles, CA Madison, WI New York, NY Palo Alto, CA Portland, OR Pittsburgh, PA Raleigh, NC Durham, NC Reston, VA Redmond, WA Redwood City, CA San Diego, CA Goleta, CA San Bruno, CA Seattle, WA San Francisco, CA San Jose, CA Santa Cruz, CA South San Francisco, CA Sunnyvale, CA Washington D.C., DC",Google,Summer 2026,2025-2026,Software Engineering,10000+,,Summer 2026 internship position
Software Engineer Intern,2025-08-28,https://jobs.ashbyhq.com/zip/83c0a4d8-7a88-4921-be8e-347ba3f3bedd?utm_source=Simplify&ref=Simplify,On-site,"San Francisco, CA",Zip,Summer 2026,2025-2026,Software Engineering,100-1000,,Summer 2026 internship position
Commercial Technology & Innovation Office – Software Engineering Intern,2025-08-28,https://pwc.wd3.myworkdayjobs.com/en-US/US_Entry_Level_Careers/job/IL-Rosemont/Commercial-Technology---Innovation-Office---Software-Engineering-Intern---Summer-2026_659026WD?utm_source=Simplify&ref=Simplify,Multiple Locations,"11 locations Boston, MA Seattle, WA Houston, TX Washington, DC Dallas, TX Philadelphia, PA Chicago, IL Norridge, IL NYC Minneapolis, MN Atlanta, GA",PricewaterhouseCoopers (PwC),Summer 2026,2025-2026,Software Engineering,100-1000,,Summer 2026 internship position
Enterprise Quality Management Summer Intern,2025-08-28,https://theocc.wd5.myworkdayjobs.com/careers/job/Chicago---125-S-Franklin/Enterprise-Quality-Management-Summer-Intern_REQ-4364?source=Linkedin&utm_source=Simplify&ref=Simplify,On-site,"Chicago , IL",OCC,Summer 2026,2025-2026,Other,100-1000,,Summer 2026 internship position
Software Engineering Co-Op,2025-08-28,https://careers.rtx.com/global/en/job/01786610/Software-Engineering-Co-Op-Summer-Fall-2026-Onsite?utm_source=Simplify&ref=Simplify,On-site,"Cedar Rapids, Iowa",RTX,Summer 2026,2025-2026,Software Engineering,100-1000,,Summer 2026 internship
Linux/Unix Summer Intern,2025-08-28,https://theocc.wd5.myworkdayjobs.com/careers/job/Chicago---125-S-Franklin/Linux-Unix-Summer-Intern_REQ-4367?utm_source=Simplify&ref=Simplify,On-site,"Chicago, IL",OCC,Summer 2026,2025-2026,Other,100-1000,,Summer 2026 internship position
Software Engineer Intern,2025-08-28,https://selinc.wd1.myworkdayjobs.com/SEL/job/Pullman---Zocholl-2/Software-Engineer-Intern_2025-17598?utm_source=Simplify&ref=Simplify,On-site,"Moscow, ID",Schweitzer Engineering Laboratories,Summer 2026,2025-2026,Software Engineering,100-1000,,Summer 2026 internship position
Software Engineering Intern,2025-08-28,https://job-boards.greenhouse.io/metronome/jobs/4894044008?utm_source=Simplify&ref=Simplify,On-site,"San Francisco, CA",Metronome,Summer 2026,2025-2026,Software Engineering,100-1000,,Summer 2026 internship position
AI/ML Intern - Machine Learning Engineer,2025-08-28,https://careers.adobe.com/us/en/job/R158493/2026-AI-ML-Intern-Machine-Learning-Engineer?utm_source=Simplify&ref=Simplify,Multiple Locations,"7 locations San Jose, CA San Francisco, CA Waltham, MA Austin, TX Lehi, UT Seattle, WA New York, NY",Adobe,Summer 2026,2025-2026,Data Science,10000+,,Summer 2026 internship position
Software Engineering Intern,2025-08-28,https://careers-empiricalfoods.icims.com/jobs/2972/software-engineering-intern---summer-2026/job?utm_source=Simplify&ref=Simplify,On-site,"Dakota Dunes, SD",Empirical,Summer 2026,2025-2026,Software Engineering,100-1000,,Summer 2026 internship position
Investment Management - Fixed Income Software Developer Platform Intern,2025-08-28,https://careersen-mackenzieinvestments.icims.com/jobs/5628/summer-2026---investment-management---fixed-income-software-developer-platform-intern/job?utm_source=Simplify&ref=Simplify,On-site,"Toronto, ON, CA",Mackenzie Investments,Summer 2026,2025-2026,Quantitative Finance,100-1000,,Summer 2026 internship position
Security Engineer Internship,2025-08-28,https://www.amazon.jobs/en/jobs/3059793/security-engineer-internship-2026-us?utm_source=Simplify&ref=Simplify,On-site,"Seattle, WA",Amazon,Summer 2026,2025-2026,Other,10000+,,Summer 2026 internship position
Tech Intern,2025-08-28,https://hpe.wd5.myworkdayjobs.com/Jobsathpe/job/Spring-Texas-United-States-of-America/Tech-Intern_1192880?utm_source=Simplify&ref=Simplify,On-site,"Spring, TX",Hewlett Packard Enterprise,Summer 2026,2025-2026,Other,100-1000,,Summer 2026 internship position
Operations Test Engineering – Software Co-op,2025-08-28,"https://jobs.l3harris.com/job/Waterdown-Operations-Test-Engineering,-Software-Co-op-ON-L9H-0C5/1319052600/?ats=successfactors&utm_source=Simplify&ref=Simplify",On-site,"Hamilton, ON, Canada",L3Harris Technologies,Summer 2026,2025-2026,Hardware Engineering,100-1000,,Summer 2026 internship
Software Engineering Intern,2025-08-28,https://copart.wd12.myworkdayjobs.com/copart/job/Dallas-TX---Headquarters/Software-Engineering-Intern_JR104426?utm_source=Simplify&ref=Simplify,On-site,"Dallas, TX",Copart,Summer 2026,2025-2026,Software Engineering,100-1000,,Summer 2026 internship position
Technology Development Program - Software Engineer Development track - Sdp,2025-08-28,https://geico.wd1.myworkdayjobs.com/en-US/External/job/Chevy-Chase-MD/Technology-Development-Program---Software-Engineer-Development-track--SDP---Current-Interns-Only_R0059605?utm_source=Simplify&ref=Simplify,On-site,"Bethesda, MD",Geico,Summer 2026,2025-2026,Software Engineering,100-1000,,Summer 2026 internship
Software Engineer Intern,2025-08-28,https://www.ixl.com/company/careers?gh_jid=8128629002&utm_source=Simplify&ref=Simplify,On-site,"San Mateo, CA",IXL Learning,Summer 2026,2025-2026,Software Engineering,100-1000,,Summer 2026 internship position
Software Engineer Co-Op,2025-08-28,https://globusmedical.wd5.myworkdayjobs.com/en-US/gmed_careers/job/Methuen-MA/Co-Op_JR104162?utm_source=Simplify&ref=Simplify,On-site,"Methuen, MA",Globus Medical,Summer 2026,2025-2026,Software Engineering,100-1000,,Summer 2026 internship
Multifamily Software Development Intern,2025-08-28,https://freddiemac.wd5.myworkdayjobs.com/en-US/External/job/McLean-VA/Multifamily-Software-Development-Intern_JR15981?utm_source=Simplify&ref=Simplify,On-site,"McLean, VA",Freddie Mac,Summer 2026,2025-2026,Other,100-1000,,Summer 2026 internship position
Software Characterization Engineering Intern,2025-08-28,https://careers.qorvo.com/job/Greensboro-Software-Characterization-Engineering-Intern-NC-27409/1318261400/?ats=successfactors&utm_source=Simplify&ref=Simplify,On-site,"Greensboro, NC",Qorvo,Summer 2026,2025-2026,Software Engineering,100-1000,,Summer 2026 internship position
Software Engineer,2025-08-28,https://seagatecareers.com/job/Shakopee-Summer-Intern-Software-Engineer-MN/1318324100?utm_source=Simplify&ref=Simplify,On-site,"Shakopee, MN",Seagate,Summer 2026,2025-2026,Software Engineering,100-1000,,Summer 2026 internship
Software Engineer Intern,2025-08-28,https://careers.cargill.com/en/job/atlanta/software-engineer-intern-summer-2026-atlanta-ga/23251/85180324464?utm_source=Simplify&ref=Simplify,On-site,"Atlanta, GA",Cargill,Summer 2026,2025-2026,Software Engineering,100-1000,,Summer 2026 internship position
Software Engineering Intern,2025-08-28,https://job-boards.greenhouse.io/cadencesolutions/jobs/4427513006?utm_source=Simplify&ref=Simplify,Remote,Remote in USA,Cadence Solutions,Summer 2026,2025-2026,Software Engineering,100-1000,,Summer 2026 internship position
Software Engineer Intern - Platform Product - Global Payment,2025-08-28,https://jobs.bytedance.com/en/position/7533003440155461906/detail?utm_source=Simplify&ref=Simplify,On-site,"San Jose, CA",ByteDance,Summer 2026,2025-2026,Software Engineering,10000+,,Summer 2026 internship position
Software Engineering Intern,2025-08-28,https://job-boards.greenhouse.io/figma/jobs/5602159004?gh_jid=5602159004&utm_source=Simplify&ref=Simplify,On-site,"San Francisco, CA New York, NY",Figma,Summer 2026,2025-2026,Software Engineering,100-1000,,Summer 2026 internship position
Campus Graduate Summer Internship Program - 2026 Software Engineer - Technology,2025-08-28,https://aexp.eightfold.ai/careers/job/30702558?utm_source=Simplify&ref=Simplify,On-site,"New York, NY",American Express,Summer 2026,2025-2026,Software Engineering,100-1000,,Summer 2026 internship position
2025 Intern Conversion: 2026 FT Software Engineer II,2025-08-28,https://walmart.wd5.myworkdayjobs.com/WalmartExternal/job/Sunnyvale-CA/XMLNAME-2025-Intern-Conversion--2026-FT-Software-Engineer-II---Sunnyvale--CA_R-2250550-1?utm_source=Simplify&ref=Simplify,On-site,"Sunnyvale, CA",Walmart,Summer 2026,2025-2026,Software Engineering,100-1000,,Summer 2026 internship position
Technology Intern,2025-08-28,https://freddiemac.wd5.myworkdayjobs.com/External/job/McLean-VA/Technology-Intern_JR16008?utm_source=Simplify&ref=Simplify,On-site,"McLean, VA",Freddie Mac,Summer 2026,2025-2026,Other,100-1000,,Summer 2026 internship position
Single-Family Software Intern-Summer 2026,2025-08-28,https://freddiemac.wd5.myworkdayjobs.com/External/job/McLean-VA/Single-Family-Software-Intern--Summer-2026_JR16003?utm_source=Simplify&ref=Simplify,On-site,"McLean, VA",Freddie Mac,Summer 2026,2025-2026,Other,100-1000,,Summer 2026 internship position
Software Engineer Intern - Multi-Cloud CDN Platform,2025-08-28,https://jobs.bytedance.com/en/position/7538139519473092882/detail?utm_source=Simplify&ref=Simplify,On-site,"San Jose, CA",ByteDance,Summer 2026,2025-2026,Software Engineering,10000+,,Summer 2026 internship position
Software Engineer Intern - Live Service,2025-08-28,https://lifeattiktok.com/search/7538314547103762696?utm_source=Simplify&ref=Simplify,On-site,"San Jose, CA",TikTok,Summer 2026,2025-2026,Software Engineering,10000+,,Summer 2026 internship position
Software Engineer Intern - Edge Platform,2025-08-28,https://jobs.bytedance.com/en/position/7538121437628221703/detail?utm_source=Simplify&ref=Simplify,On-site,"San Jose, CA",ByteDance,Summer 2026,2025-2026,Software Engineering,10000+,,Summer 2026 internship position
Software Engineer Intern,2025-08-28,https://transperfect.wd5.myworkdayjobs.com/transperfect/job/US-New-York-NY-1250-Broadway/Software-Engineer-Intern_R2025-242116?utm_source=Simplify&ref=Simplify,On-site,"New York, NY",TransPerfect,Summer 2026,2025-2026,Software Engineering,100-1000,,Summer 2026 internship position
Software Development Engineer Intern - Network Automation,2025-08-28,https://jobs.bytedance.com/en/position/7537152240618195208/detail?utm_source=Simplify&ref=Simplify,On-site,"San Jose, CA",ByteDance,Summer 2026,2025-2026,Software Engineering,10000+,,Summer 2026 internship position
Software Developer Internship,2025-08-28,https://uline.wd1.myworkdayjobs.com/en-US/Uline_Careers/job/Pleasant-Prairie-WI/Software-Developer-Internship---Summer-2026_R256032?utm_source=Simplify&ref=Simplify,Multiple Locations,"5 locations Waukegan, IL Milwaukee, WI Pleasant Prairie, WI Morton Grove, IL Kenosha, WI",Uline,Summer 2026,2025-2026,Software Engineering,100-1000,,Summer 2026 internship position
Software Engineer Intern - Financial Product - Global Payment,2025-08-28,https://jobs.bytedance.com/en/position/7533002244305848584/detail?utm_source=Simplify&ref=Simplify,On-site,"San Jose, CA",ByteDance,Summer 2026,2025-2026,Software Engineering,10000+,,Summer 2026 internship position
2026 Intern - Software Engineer,2025-08-28,https://adobe.wd5.myworkdayjobs.com/external_experienced/job/San-Jose/XMLNAME-2026-Intern---Software-Engineer_R158531?utm_source=Simplify&ref=Simplify,Multiple Locations,"6 locations Seattle, WA SF Austin, TX San Jose, CA NYC Lehi, UT",Adobe,Summer 2026,2025-2026,Software Engineering,10000+,,Summer 2026 internship position
Intern – IT Programming and Projects,2025-08-28,https://abb.wd3.myworkdayjobs.com/en-US/external_career_page/job/Pointe-Claire-Quebec-Canada/Intern---IT-Programming-and-Projects_JR00007776?utm_source=Simplify&ref=Simplify,On-site,"Pointe-Claire, QC, Canada",ABB,Summer 2026,2025-2026,Other,100-1000,,Summer 2026 internship position
Software Engineer Intern,2025-08-28,https://jobs.ashbyhq.com/notion/23ac2477-0008-4bed-b1c1-81f90a32e9e6/application?utm_source=Simplify&ref=Simplify,On-site,"San Francisco, CA New York, NY",Notion,Summer 2026,2025-2026,Software Engineering,100-1000,,Summer 2026 internship position
Software Engineering Internship,2025-08-28,https://job-boards.greenhouse.io/pdtpartners/jobs/7073180?utm_source=Simplify&ref=Simplify,On-site,"New York, NY",PDT Partners,Summer 2026,2025-2026,Software Engineering,100-1000,,Summer 2026 internship position
Software Engineer,2025-08-28,https://job-boards.greenhouse.io/domo/jobs/7099526?utm_source=Simplify&ref=Simplify,On-site,"American Fork, UT",Domo,Summer 2026,2025-2026,Software Engineering,100-1000,,Summer 2026 internship
Software Engineering Intern,2025-08-28,https://jobs.careers.microsoft.com/global/en/job/1860947?utm_source=Simplify&ref=Simplify,On-site,"Redmond, WA",Microsoft,Summer 2026,2025-2026,Software Engineering,10000+,,Summer 2026 internship position
Software Engineer – Intern,2025-08-28,https://www.citadel.com/careers/details/software-engineer-intern-europe/?utm_source=Simplify&ref=Simplify,On-site,"London, UK",Citadel,Summer 2026,2025-2026,Software Engineering,100-1000,,Summer 2026 internship position
Stagiaire en développement de logiciels – / Software Developer Intern,2025-08-28,https://www.tower-research.com/open-positions/?gh_jid=6653745&utm_source=Simplify&ref=Simplify,On-site,"Montreal, QC, Canada",Tower Research Capital,Summer 2026,2025-2026,Software Engineering,1000-10000,,Summer 2026 internship position
Software Engineer Intern,2025-08-28,https://boards.greenhouse.io/andurilindustries/jobs/4807506007?utm_source=Simplify&ref=Simplify,Multiple Locations,"6 locations Boston, MA Seattle, WA Newport Beach, CA Irvine, CA Reston, VA Atlanta, GA",Anduril,Summer 2026,2025-2026,Software Engineering,100-1000,,Summer 2026 internship position
Software Developer Intern,2025-08-28,https://recruitingbypaycor.com/career/JobIntroduction.action?clientId=8a7883d0958c3c9401959580867801e4&id=8a7883a89881bb7201988638b55055cf&utm_source=Simplify&ref=Simplify,On-site,"Green Bay, WI",Nicolet National Bank,Summer 2026,2025-2026,Software Engineering,100-1000,,Summer 2026 internship position
Software Engineer Intern - Capital Platform,2025-08-28,https://lifeattiktok.com/search/7534536157456058632?utm_source=Simplify&ref=Simplify,On-site,"San Jose, CA",TikTok,Summer 2026,2025-2026,Software Engineering,10000+,,Summer 2026 internship position
Software Engineer Intern,2025-08-28,https://job-boards.greenhouse.io/andurilindustries/jobs/4807506007?gh_jid=4807506007&gh_src=&utm_source=Simplify&ref=Simplify,Multiple Locations,"6 locations Atlanta, GA Boston, MA Costa Mesa, CA Irvine, CA Reston, VA Seattle, WA",Anduril Industries,Summer 2026,2025-2026,Software Engineering,100-1000,,Summer 2026 internship position
Software Engineer – Intern,2025-08-28,https://www.citadelsecurities.com/careers/details/software-engineer-intern-europe/?utm_source=Simplify&ref=Simplify,On-site,"London, UK",Citadel Securities,Summer 2026,2025-2026,Software Engineering,100-1000,,Summer 2026 internship position
"Software Engineer, AI",2025-08-28,https://jobs.ashbyhq.com/notion/5bc8cbb9-4d08-4217-a968-d485d1b39905?utm_source=Simplify&ref=Simplify,On-site,"San Francisco, CA New York, NY",Notion,Summer 2026,2025-2026,Software Engineering,100-1000,,Summer 2026 internship
Software Engineering Intern,2025-08-28,https://careers.confluent.io/jobs/job/d9ebd50b-967e-4f35-8ebd-f0ce2705136a?utm_source=Simplify&ref=Simplify,On-site,"Austin, TX",Confluent,Summer 2026,2025-2026,Software Engineering,100-1000,,Summer 2026 internship position
Software Engineer Intern,2025-08-28,https://jobs.lever.co/belvederetrading/eddfd030-1b27-46db-9ef6-5b65e1e2484c/apply?utm_source=Simplify&ref=Simplify,On-site,"Chicago, IL Boulder, CO",Belvedere Trading,Summer 2026,2025-2026,Software Engineering,100-1000,,Summer 2026 internship position
ISM Co-op,2025-08-28,https://hcmportal.wd5.myworkdayjobs.com/en-US/Search/job/US---IS-PARSIPPANY-NJPRS/ISM-Co-op_R25028993?utm_source=Simplify&ref=Simplify,On-site,"Parsippany-Troy Hills, NJ",United Parcel Service (UPS),Summer 2026,2025-2026,Other,100-1000,,Summer 2026 internship
Front End Intern,2025-08-28,https://talentmanagementsolution.wd3.myworkdayjobs.com/en-US/perseus-careers/job/Markham-Ontario---CAN/Front-End-Intern_R46426?utm_source=Simplify&ref=Simplify,Remote,"Markham, ON, Canada Remote in Canada",Perseus Group,Summer 2026,2025-2026,Other,100-1000,,Summer 2026 internship position
Software Engineering Intern,2025-08-28,https://careers.confluent.io/jobs/job/095d92fe-7534-4f49-a846-b63ca229731b?utm_source=Simplify&ref=Simplify,Remote,"Remote, London",Confluent,Summer 2026,2025-2026,Software Engineering,100-1000,,Summer 2026 internship position
Frontend Engineer Intern - Tiktok-Pgc-Ogc - 2026 Summer - BS/MS,2025-08-28,https://lifeattiktok.com/search/7533107403265624338?utm_source=Simplify&ref=Simplify,On-site,"San Jose, CA",TikTok,Summer 2026,2025-2026,Software Engineering,10000+,,Summer 2026 internship position
Developer Co-Op,2025-08-28,https://holmanautogroup.wd1.myworkdayjobs.com/HolmanEnterprisesCareers/job/Mississauga-ON-CAN/Developer-Co-Op_R0050520?utm_source=Simplify&ref=Simplify,On-site,"Mississauga, ON, Canada",Holman,Summer 2026,2025-2026,Software Engineering,100-1000,,Summer 2026 internship
Software Engineer Intern - AI-Native Databases - PhD,2025-08-28,https://jobs.bytedance.com/en/position/7535580386719992082/detail?utm_source=Simplify&ref=Simplify,On-site,"San Jose, CA",ByteDance,Summer 2026,2025-2026,Software Engineering,10000+,,Summer 2026 internship - Advanced degree required
Software Engineer Internship - IOS,2025-08-28,https://jobs.ashbyhq.com/ramp/8c155b55-3e7e-48a8-ac98-f988a2b6f4da/application?utm_source=Simplify&ref=Simplify,On-site,"San Francisco, CA New York, NY",Ramp,Summer 2026,2025-2026,Software Engineering,100-1000,,Summer 2026 internship position
2026 Confluent Software Engineering Intern Opportunity,2025-08-28,https://jobs.ashbyhq.com/confluent/d9ebd50b-967e-4f35-8ebd-f0ce2705136a/application?utm_source=Simplify&ref=Simplify,On-site,"Austin, TX",Confluent,Summer 2026,2025-2026,Software Engineering,100-1000,,Summer 2026 internship position
Frontend Engineer Intern - Tiktok-Growth-Innovative Growth,2025-08-28,https://lifeattiktok.com/search/7532748736225904903?utm_source=Simplify&ref=Simplify,On-site,"San Jose, CA",TikTok,Summer 2026,2025-2026,Software Engineering,10000+,,Summer 2026 internship position
Software Engineer Intern - Payment Risk - Global Payment - BS/MS,2025-08-28,https://jobs.bytedance.com/en/position/7533003732948175112/detail?utm_source=Simplify&ref=Simplify,On-site,"San Jose, CA",ByteDance,Summer 2026,2025-2026,Quantitative Finance,10000+,,Summer 2026 internship position
Campus Software Engineer – Intern,2025-08-28,https://boards.greenhouse.io/embed/job_app?token=7124769&utm_source=Simplify&ref=Simplify,On-site,"Chicago, IL",Jump Trading,Summer 2026,2025-2026,Software Engineering,100-1000,,Summer 2026 internship position
Software Engineer Intern - Payment Network - Global Payment,2025-08-28,https://jobs.bytedance.com/en/position/7533369475380070663/detail?utm_source=Simplify&ref=Simplify,On-site,"Seattle, WA",ByteDance,Summer 2026,2025-2026,Software Engineering,10000+,,Summer 2026 internship position
Software Engineer Intern,2025-08-28,https://careers.roblox.com/jobs/7114765?gh_jid=7114765&utm_source=Simplify&ref=Simplify,On-site,"San Mateo, CA",Roblox,Summer 2026,2025-2026,Software Engineering,100-1000,,Summer 2026 internship position
"Software Engineer Intern, Backend, Dealer",2025-08-28,https://jobs.ashbyhq.com/Talos-Trading/f3d358c4-54e2-4cc8-afe2-8474fa13320b?utm_source=Simplify&ref=Simplify,On-site,"New York, NY",Talos Trading,Summer 2026,2025-2026,Software Engineering,100-1000,,Summer 2026 internship position
Software Engineer - Intern,2025-08-28,https://jobs.ashbyhq.com/gimlet/23e10dd6-e7c5-43f0-b14e-54ab999fccd9?utm_source=Simplify&ref=Simplify,On-site,"San Francisco, CA",Gimlet Labs,Summer 2026,2025-2026,Software Engineering,100-1000,,Summer 2026 internship position
Software Engineer Intern,2025-08-28,https://jobs.lever.co/palantir/b229baac-494b-4a0d-9a13-2e38806e06f3?utm_source=Simplify&ref=Simplify,On-site,"New York, NY",Palantir,Summer 2026,2025-2026,Software Engineering,1000-10000,,Summer 2026 internship position
"Software Engineer Intern, Front-End, PMS",2025-08-28,https://jobs.ashbyhq.com/Talos-Trading/2db01769-8f00-4652-b790-b7cff80bc891?utm_source=Simplify&ref=Simplify,On-site,"New York, NY",Talos Trading,Summer 2026,2025-2026,Software Engineering,100-1000,,Summer 2026 internship position
Software Development Engineer in Test Intern - Global E-Commerce,2025-08-28,https://jobs.bytedance.com/en/position/7533352137058011399/detail?utm_source=Simplify&ref=Simplify,On-site,"San Jose, CA",ByteDance,Summer 2026,2025-2026,Software Engineering,10000+,,Summer 2026 internship position
Summer Internship Program - Engineering - Developer,2025-08-28,https://eofe.fa.us2.oraclecloud.com/hcmUI/CandidateExperience/en/sites/CX_1001/jobs/job/68865?utm_source=Simplify&ref=Simplify,On-site,"Pittsburgh, PA Lake Mary, FL New York, NY",BNY,Summer 2026,2025-2026,Software Engineering,100-1000,,Summer 2026 internship position
Summer 2026 University Internship Pipeline,2025-08-28,https://careers-peraton.icims.com/jobs/158530/job?utm_source=Simplify&ref=Simplify,On-site,"Reston, VA",Peraton,Summer 2026,2025-2026,Other,100-1000,,Summer 2026 internship position
Software Engineering Internship,2025-08-28,https://job-boards.greenhouse.io/chicagotradingcampus/jobs/4593772005?utm_source=Simplify&ref=Simplify,On-site,"Chicago, IL New York, NY",Chicago Trading Company,Summer 2026,2025-2026,Software Engineering,100-1000,,Summer 2026 internship position
Forward Deployed Software Engineer – Internship - Commercial,2025-08-28,https://jobs.lever.co/palantir/599b1907-aba1-4303-837b-66e69a521636/apply?utm_source=Simplify&ref=Simplify,On-site,"London, UK",Palantir,Summer 2026,2025-2026,Software Engineering,1000-10000,,Summer 2026 internship position
Software Engineer Intern - Payment Architecture - Global Payment,2025-08-28,https://jobs.bytedance.com/en/position/7533369790536141063/detail?utm_source=Simplify&ref=Simplify,On-site,"San Jose, CA",ByteDance,Summer 2026,2025-2026,Software Engineering,10000+,,Summer 2026 internship position
Software Engineer Intern (Data Ecosystem),2025-08-28,https://lifeattiktok.com/search/7533388869200333074?utm_source=Simplify&ref=Simplify,On-site,"San Jose, CA",TikTok,Summer 2026,2025-2026,Software Engineering,10000+,,Summer 2026 internship position
2025 Code for Good Hackathon – Summer Internship - Software Engineer Program,2025-08-28,https://jpmc.fa.oraclecloud.com/hcmUI/CandidateExperience/en/sites/CX_1001/requisitions/job/210648143?utm_source=Simplify&ref=Simplify,Multiple Locations,"9 locations Palo Alto, CA Houston, TX Austin, TX Tampa, FL Plano, TX Chicago, IL Columbus, OH NYC Wilmington, DE",JP Morgan Chase,Summer 2026,2025-2026,Software Engineering,100-1000,,Summer 2026 internship position
Software Engineering Intern,2025-08-28,https://altruist.com/join-altruist/5601833004?gh_jid=5601833004&utm_source=Simplify&ref=Simplify,On-site,"San Francisco, CA",Altruist,Summer 2026,2025-2026,Software Engineering,100-1000,,Summer 2026 internship position
Software Engineering Internship - Frontend,2025-08-28,https://jobs.ashbyhq.com/ramp/31f7e045-9a51-4a75-9ffc-d815d6db6daa/application?utm_source=Simplify&ref=Simplify,On-site,"New York, NY",Ramp,Summer 2026,2025-2026,Software Engineering,100-1000,,Summer 2026 internship position
Campus UI Software Engineer – Intern,2025-08-28,https://boards.greenhouse.io/embed/job_app?token=6959808&utm_source=Simplify&ref=Simplify,On-site,"London, UK",Jump Trading,Summer 2026,2025-2026,Software Engineering,100-1000,,Summer 2026 internship position
2026 Summer Internship - Software Development - DV Commodities,2025-08-28,https://job-boards.greenhouse.io/dvtrading/jobs/4592920005?utm_source=Simplify&ref=Simplify,On-site,"London, UK",DV Trading,Summer 2026,2025-2026,Quantitative Finance,100-1000,,Summer 2026 internship position
Jonas Summer Internship - Various Departments,2025-08-28,https://talentmanagementsolution.wd3.myworkdayjobs.com/JonasSoftwareUSA/job/Jonas-Summer-Internship---Various-Departments_R45900-1?utm_source=Simplify&ref=Simplify,Remote,Remote in USA Remote in Canada,Jonas Software,Summer 2026,2025-2026,Other,100-1000,,Summer 2026 internship position
Software Engineer – Intern,2025-08-28,https://jobs.ashbyhq.com/sentry/a5ce699d-b1a8-4b93-9217-33d16d77ccd6/application?utm_source=Simplify&ref=Simplify,On-site,"San Francisco, CA",Sentry,Summer 2026,2025-2026,Software Engineering,100-1000,,Summer 2026 internship position
Software Engineer Intern,2025-08-28,https://sonyglobal.wd1.myworkdayjobs.com/SonyGlobalCareers/job/San-Diego/Software-Engineer-Intern_JR-117822?utm_source=Simplify&ref=Simplify,On-site,"San Diego, CA",Sony,Summer 2026,2025-2026,Software Engineering,100-1000,,Summer 2026 internship position
Software Engineering Intern,2025-08-28,https://job-boards.greenhouse.io/hyannisportresearch/jobs/6667961003?utm_source=Simplify&ref=Simplify,On-site,"Needham, MA",HPR (Hyannis Port Research),Summer 2026,2025-2026,Software Engineering,100-1000,,Summer 2026 internship position
Software Development Engineer in Test Intern - Global E-Commerce,2025-08-28,https://jobs.bytedance.com/en/position/7533346574367377672/detail?utm_source=Simplify&ref=Simplify,On-site,"Seattle, WA",ByteDance,Summer 2026,2025-2026,Software Engineering,10000+,,Summer 2026 internship position
Software Engineer – Internship - Infrastructure,2025-08-28,https://jobs.lever.co/palantir/fd3603a9-7016-45c6-9c8d-04c9279ab85e/apply?utm_source=Simplify&ref=Simplify,On-site,"London, UK",Palantir,Summer 2026,2025-2026,Software Engineering,1000-10000,,Summer 2026 internship position
Software Engineering Intern,2025-08-28,https://medtronic.wd1.myworkdayjobs.com/MedtronicCareers/job/North-Haven-Connecticut-United-States-of-America/Software-Engineering-Intern---Summer-2026_R40546-1?utm_source=Simplify&ref=Simplify,On-site,"North Haven, CT Lafayette, CO Minneapolis, MN",Medtronic,Summer 2026,2025-2026,Software Engineering,100-1000,,Summer 2026 internship position
2026 Software Engineer Program – Summer Internship,2025-08-28,https://jpmc.fa.oraclecloud.com/hcmUI/CandidateExperience/en/sites/CX_1002/jobs/job/210650080?utm_source=Simplify&ref=Simplify,On-site,"Austin, TX",Chase,Summer 2026,2025-2026,Software Engineering,100-1000,,Summer 2026 internship position
Software Engineering Intern,2025-08-28,https://lnw.wd5.myworkdayjobs.com/en-US/SciPlayExternalCareersSite/job/Cedar-Falls-IA/Software-Engineering-Intern_R320481?utm_source=Simplify&ref=Simplify,On-site,"Cedar Falls, IA",SciPlay,Summer 2026,2025-2026,Software Engineering,100-1000,,Summer 2026 internship position
Technology Internship Program,2025-08-28,https://mtb.wd5.myworkdayjobs.com/Campus/job/Buffalo-NY/XMLNAME-2026-Technology-Internship-Program_R72035?utm_source=Simplify&ref=Simplify,On-site,"Buffalo, NY",M&T Bank,Summer 2026,2025-2026,Other,100-1000,,Summer 2026 internship position
Software Engineering Intern,2025-08-28,https://jobs.ashbyhq.com/baseten/4e6757f3-74c0-4d3d-9b0b-eb56ab561c37/application?utm_source=Simplify&ref=Simplify,On-site,"San Francisco, CA New York, NY",Baseten,Summer 2026,2025-2026,Software Engineering,100-1000,,Summer 2026 internship position
Software Developer Internship,2025-08-28,https://hp.wd5.myworkdayjobs.com/ExternalCareerSite/job/Spring-Texas-United-States-of-America/Software-Developer-Internship_3153304-1?utm_source=Simplify&ref=Simplify,On-site,"Spring, TX",Hewlett Packard (HP),Summer 2026,2025-2026,Software Engineering,100-1000,,Summer 2026 internship position
Software Engineer Intern - Summer,2025-08-28,https://job-boards.greenhouse.io/harmonic/jobs/4591178005?utm_source=Simplify&ref=Simplify,On-site,"New York, NY",Harmonic,Summer 2026,2025-2026,Software Engineering,100-1000,,Summer 2026 internship position
Software Engineering Intern,2025-08-28,https://jobs.ashbyhq.com/unify/95113ca1-4f4a-4435-8636-5758ce0d155e?utm_source=Simplify&ref=Simplify,On-site,"San Francisco, CA New York, NY",Unify,Summer 2026,2025-2026,Software Engineering,100-1000,,Summer 2026 internship position
Full-Stack Engineer Intern,2025-08-28,https://jobs.lever.co/AIFund/08af7df2-3085-4d7b-ad74-10767e2d93db?utm_source=Simplify&ref=Simplify,On-site,"San Francisco, CA",AI Fund,Summer 2026,2025-2026,Software Engineering,100-1000,,Summer 2026 internship position
Front Office Software Engineer Internship,2025-08-28,https://osv-cci.wd1.myworkdayjobs.com/en-US/CCICareers/job/London-UK/Front-Office-Software-Engineer-Internship----Summer-2026-_R1107?utm_source=Simplify&ref=Simplify,On-site,"Stamford, CT",Castleton Commodities International,Summer 2026,2025-2026,Software Engineering,100-1000,,Summer 2026 internship position
Software Engineering Internship,2025-08-28,https://www.hudsonrivertrading.com/careers/job/?gh_jid=6998786&utm_source=Simplify&ref=Simplify,On-site,"New York, NY",Hudson River Trading,Summer 2026,2025-2026,Software Engineering,100-1000,,Summer 2026 internship position
Software Engineering Intern,2025-08-28,https://jobs.lever.co/Arcade/07c31ffc-8333-4819-bde3-e2fd4272ad86?utm_source=Simplify&ref=Simplify,On-site,"San Francisco, CA",Arcade,Summer 2026,2025-2026,Software Engineering,100-1000,,Summer 2026 internship position
Internship - Software Engineer,2025-08-28,https://job-boards.greenhouse.io/virtu/jobs/7848570002?utm_source=Simplify&ref=Simplify,On-site,"Austin, TX New York, NY",Virtu Financial,Summer 2026,2025-2026,Software Engineering,100-1000,,Summer 2026 internship position
2026 Software Engineering Internship,2025-08-28,https://job-boards.greenhouse.io/thetradedesk/jobs/4787577007?utm_source=Simplify&ref=Simplify,Multiple Locations,"5 locations Irvine, CA NYC Bellevue, WA Denver, CO Boulder, CO",The Trade Desk,Summer 2026,2025-2026,Software Engineering,100-1000,,Summer 2026 internship position
Software Engineer,2025-08-28,https://wd1.myworkdaysite.com/recruiting/wf/WellsFargoJobs/job/CHARLOTTE-NC/XMLNAME-2026-Technology-Summer-Internship---Early-Careers--Software-Engineer-_R-474982?utm_source=Simplify&ref=Simplify,Multiple Locations,"5 locations Charlotte, NC Phoenix, AZ Chandler, AZ Iselin, NJ Irving, TX",Wells Fargo,Summer 2026,2025-2026,Software Engineering,100-1000,,Summer 2026 internship
Software Engineer,2025-08-28,https://job-boards.greenhouse.io/ctccampusboard/jobs/4545359005?utm_source=Simplify&ref=Simplify,On-site,"Chicago, IL New York, NY",CTC,Summer 2026,2025-2026,Software Engineering,100-1000,,Summer 2026 internship
Software Engineering Intern,2025-08-28,https://careers.sig.com/job/SUSQA004Y9571?utm_source=Simplify&ref=Simplify,On-site,"Philadelphia, PA",Susquehanna,Summer 2026,2025-2026,Software Engineering,100-1000,,Summer 2026 internship position
Software Developer,2025-08-28,https://job-boards.greenhouse.io/fiveringsllc/jobs/4806713008?utm_source=Simplify&ref=Simplify,On-site,"New York, NY",Five Rings,Summer 2026,2025-2026,Software Engineering,100-1000,,Summer 2026 internship
Software Engineer Intern,2025-08-28,https://www.bill.com/job?gh_jid=5588094004&utm_source=Simplify&ref=Simplify,On-site,"Draper, UT San Jose, CA",BILL,Summer 2026,2025-2026,Software Engineering,10000+,,Summer 2026 internship position
Software Engineer Intern - C++,2025-08-28,https://www.akunacapital.com/job-details?gh_jid=6996427&utm_source=Simplify&ref=Simplify,On-site,"Chicago, IL",Akuna Capital,Summer 2026,2025-2026,Software Engineering,100-1000,,Summer 2026 internship position
Software Developer Intern,2025-08-28,https://www.tower-research.com/open-positions/?gh_jid=6790327&utm_source=Simplify&ref=Simplify,On-site,"New York, NY",Tower Research Capital,Summer 2026,2025-2026,Software Engineering,1000-10000,,Summer 2026 internship position
Software Developer Intern,2025-08-28,https://boards.greenhouse.io/embed/job_app?token=6642169003&utm_source=Simplify&ref=Simplify,On-site,"Toronto, ON, Canada",Konrad Group,Summer 2026,2025-2026,Software Engineering,100-1000,,Summer 2026 internship position
Software Engineer Intern,2025-08-28,https://jobs.lever.co/palantir/373eb939-6f57-4836-8479-be79a5e07249?utm_source=Simplify&ref=Simplify,On-site,"Denver, CO",Palantir,Summer 2026,2025-2026,Software Engineering,1000-10000,,Summer 2026 internship position
"Software Engineer Intern (Backend, Rust)",2025-08-28,https://jobs.ashbyhq.com/n1/afe7deb5-9cfd-4926-bcb4-058d418592a6?utm_source=Simplify&ref=Simplify,On-site,"New York, NY",N1,Summer 2026,2025-2026,Software Engineering,100-1000,,Summer 2026 internship position
Software Developer Intern,2025-08-28,https://www.deshaw.com/careers/software-developer-intern-new-york-summer-2026-5521?utm_source=Simplify&ref=Simplify,On-site,"New York, NY",D. E. Shaw,Summer 2026,2025-2026,Software Engineering,100-1000,,Summer 2026 internship position
Software Engineer Intern,2025-08-28,https://www.citadelsecurities.com/careers/details/software-engineer-intern-us/?utm_source=Simplify&ref=Simplify,On-site,"Miami, FL New York, NY",Citadel Securities,Summer 2026,2025-2026,Software Engineering,100-1000,,Summer 2026 internship position
Software Engineer Summer Analyst Intern,2025-08-28,https://careers.bankofamerica.com/en-us/students/job-detail/12942/global-technology-summer-analyst-2026-software-engineer-multiple-locations?utm_source=Simplify&ref=Simplify,On-site,"Charlotte, NC Chicago, IL Dallas, TX",Bank of America,Summer 2026,2025-2026,Software Engineering,100-1000,,Summer 2026 internship position
Software Engineering Intern,2025-08-28,https://jobs.apple.com/en-us/details/200606145/software-engineering-internships?team=STDNT&utm_source=Simplify&ref=Simplify,On-site,United States,Apple,Summer 2026,2025-2026,Software Engineering,10000+,,Summer 2026 internship position
Software Developer Intern,2025-08-28,https://job-boards.greenhouse.io/drweng/jobs/6926715?utm_source=Simplify&ref=Simplify,On-site,"Chicago, IL",DRW,Summer 2026,2025-2026,Software Engineering,100-1000,,Summer 2026 internship position
Software Engineer Intern,2025-08-28,https://www.citadel.com/careers/details/software-engineer-intern-us/?utm_source=Simplify&ref=Simplify,On-site,"Miami, FL Chicago, IL New York, NY",Citadel,Summer 2026,2025-2026,Software Engineering,100-1000,,Summer 2026 internship position
Software Engineer Intern,2025-08-28,https://optiver.com/working-at-optiver/career-opportunities/7973726002/?gh_jid=7973726002&utm_source=Simplify&ref=Simplify,On-site,"Chicago, IL",Optiver,Summer 2026,2025-2026,Software Engineering,100-1000,,Summer 2026 internship position
Software Engineer Intern,2025-08-28,https://job-boards.eu.greenhouse.io/imc/jobs/4580810101?utm_source=Simplify&ref=Simplify,On-site,"Chicago, IL",IMC Trading,Summer 2026,2025-2026,Software Engineering,1000-10000,,Summer 2026 internship position
Forward Deployed Software Engineer – Internship - Commercial,2025-08-28,https://jobs.lever.co/palantir/4d29249a-d7e8-4c39-880d-3b35d7b2f6f6/apply?utm_source=Simplify&ref=Simplify,On-site,"New York, NY",Palantir,Summer 2026,2025-2026,Software Engineering,1000-10000,,Summer 2026 internship position
Software Engineer Intern,2025-08-28,https://jobs.lever.co/palantir/e27af7ab-41fc-40c9-b31d-02c6cb1c505c?utm_source=Simplify&ref=Simplify,On-site,"Palo Alto, CA",Palantir,Summer 2026,2025-2026,Software Engineering,1000-10000,,Summer 2026 internship position
Middleware Software Intern,2025-08-28,https://www.skydio.com/jobs/6220445003?gh_jid=6220445003&utm_source=Simplify&ref=Simplify,On-site,"San Mateo, CA",Skydio,Summer 2026,2025-2026,Other,100-1000,,Summer 2026 internship position
Summer Internships - Game Engineering,2025-08-28,Closed,On-site,"Canoga Park, LA Middleton, WI Culver City, CA",Activision-Blizzard,Summer 2026,2025-2026,Software Engineering,100-1000,,Summer 2026 internship position
Software Developer Intern,2025-08-28,Closed,On-site,"Denver, CO",SNC-Lavalin,Summer 2026,2025-2026,Software Engineering,100-1000,,Summer 2026 internship position
Dell Summer Internship - Software Engineering,2025-08-28,Closed,On-site,"Round Rock, TX",Dell Technologies,Summer 2026,2025-2026,Software Engineering,100-1000,,Summer 2026 internship position
Intern Software Engineer,2025-08-28,Closed,On-site,"Melbourne, FL",Northrop Grumman,Summer 2026,2025-2026,Software Engineering,100-1000,,Summer 2026 internship position
Application Development Intern,2025-08-28,Closed,On-site,"Des Moines, IA Minneapolis, MN Denver, CO",RSM,Summer 2026,2025-2026,Other,100-1000,,Summer 2026 internship position
Enterprise Document Management Systems - Edms,2025-08-28,Closed,On-site,"Greensboro, NC",Arch Capital Group,Summer 2026,2025-2026,Other,100-1000,,Summer 2026 internship
API Developer Intern,2025-08-28,Closed,On-site,"Austin, TX Miami, FL Atlanta, GA",VetsEZ,Summer 2026,2025-2026,Software Engineering,100-1000,,Summer 2026 internship position
IT Servicing NGS Product Summer Intern,2025-08-28,Closed,On-site,"Greensboro, NC",Arch Capital Group,Summer 2026,2025-2026,Other,100-1000,,Summer 2026 internship position
Apprentice Software Engineer - Java - Angular - React,2025-08-28,Closed,Remote,Remote in USA,VSP Vision,Summer 2026,2025-2026,Software Engineering,100-1000,,Summer 2026 internship
Application Engineer,2025-08-28,Closed,On-site,"Malvern, PA Charlotte, NC",Vanguard,Summer 2026,2025-2026,Software Engineering,100-1000,,Summer 2026 internship
AI Software Intern,2025-08-28,Closed,On-site,"San Jose, CA",Altera Corporation,Summer 2026,2025-2026,Data Science,100-1000,,Summer 2026 internship position
Intern – Myq Middleware,2025-08-28,Closed,On-site,"Western Springs, IL",Chamberlain Group,Summer 2026,2025-2026,Other,100-1000,,Summer 2026 internship position
Digital Technology Intern,2025-08-28,Closed,On-site,"Naperville, IL Eagan, MN St Paul, MN",Ecolab,Summer 2026,2025-2026,Other,100-1000,,Summer 2026 internship position
Cache Software Development Intern,2025-08-28,Closed,On-site,"Dallas, TX",Sonic Healthcare USA,Summer 2026,2025-2026,Other,100-1000,,Summer 2026 internship position
Software Engineering Intern,2025-08-28,Closed,On-site,NYC,GlobalFoundries,Summer 2026,2025-2026,Software Engineering,100-1000,,Summer 2026 internship position
Software Engineer Intern,2025-08-28,Closed,On-site,"Chicago, IL",CCC Intelligent Solutions,Summer 2026,2025-2026,Software Engineering,10000+,,Summer 2026 internship position
Part-time Software Engineer Intern,2025-08-28,Closed,On-site,"Lehi, UT",nCino,Summer 2026,2025-2026,Software Engineering,100-1000,,Summer 2026 internship position
Intern – Software Engineer,2025-08-28,Closed,On-site,"Lincoln, NE",Nelnet,Summer 2026,2025-2026,Software Engineering,100-1000,,Summer 2026 internship position
Former Discover Intern - Technology Development Program Associate,2025-08-28,Closed,On-site,"Plano, TX McLean, VA Richmond, VA",Capital One,Summer 2026,2025-2026,Other,100-1000,,Summer 2026 internship position
Software Engineer 1 – Intern Conversion - Front End,2025-08-28,Closed,On-site,"Western Springs, IL",Chamberlain Group,Summer 2026,2025-2026,Software Engineering,100-1000,,Summer 2026 internship position
Mobile Software Developer Co-op,2025-08-28,Closed,On-site,"Toronto, ON, Canada",Intuit,Summer 2026,2025-2026,Software Engineering,100-1000,,Summer 2026 internship
Software Engineer Intern,2025-08-28,Closed,Remote,Remote in USA,Wurl,Summer 2026,2025-2026,Software Engineering,100-1000,,Summer 2026 internship position
Software Engineer Intern,2025-08-28,Closed,On-site,"Charleston, SC",Marquee Insurance Group,Summer 2026,2025-2026,Software Engineering,100-1000,,Summer 2026 internship position
Technology Internship Program,2025-08-28,Closed,On-site,"Plano, TX McLean, VA Richmond, VA",Capital One,Summer 2026,2025-2026,Other,100-1000,,Summer 2026 internship position
Technology and Innovation Internship,2025-08-28,Closed,On-site,"Charlotte, NC Atlanta, GA",Truist,Summer 2026,2025-2026,Other,100-1000,,Summer 2026 internship position
Software Engineering Intern,2025-08-28,Closed,On-site,"Farmington, CT",Otis,Summer 2026,2025-2026,Software Engineering,100-1000,,Summer 2026 internship position
Software Developer Intern,2025-08-28,Closed,On-site,"Alberta, Canada",DotDash Meredith,Summer 2026,2025-2026,Software Engineering,100-1000,,Summer 2026 internship position
Software Developer Intern,2025-08-28,Closed,On-site,"Raleigh, NC",Kimley Horn,Summer 2026,2025-2026,Software Engineering,100-1000,,Summer 2026 internship position
Software Development Intern,2025-08-28,Closed,On-site,"Dulles, VA",CACI,Summer 2026,2025-2026,Other,100-1000,,Summer 2026 internship position
Engineering Intern - App Team,2025-08-28,Closed,On-site,"San Francisco, CA",PIP Labs,Summer 2026,2025-2026,Software Engineering,100-1000,,Summer 2026 internship position
2025 Emerging Talent Apprentice - Lgcc,2025-08-28,Closed,On-site,NYC,Wells Fargo,Summer 2026,2025-2026,Other,100-1000,,Summer 2026 internship
University – Systems Engineer Intern,2025-08-28,Closed,On-site,"Fayetteville, NC",Booz Allen,Summer 2026,2025-2026,Hardware Engineering,100-1000,,Summer 2026 internship position
Product Development Internship Program,2025-08-28,Closed,On-site,"Plano, TX McLean, VA",Capital One,Summer 2026,2025-2026,Other,100-1000,,Summer 2026 internship position
Platform Capability Engineering Intern,2025-08-28,Closed,On-site,"Reston, VA",ATPCO,Summer 2026,2025-2026,Software Engineering,100-1000,,Summer 2026 internship position
Product Management Intern,2025-08-28,https://medline.wd5.myworkdayjobs.com/en-US/Medline/job/Northfield-Illinois/Product-Management-Intern---Summer-2026_R2512939?utm_source=Simplify&ref=Simplify,On-site,"Northbrook, IL Chicago, IL",Medline,Summer 2026,2025-2026,Other,100-1000,,Summer 2026 internship position
Ops Product Intern,2025-08-28,https://wonder.wd1.myworkdayjobs.com/WG/job/New-York-NY/Ops-Product-Intern---Summer-2026_JR100463?utm_source=Simplify&ref=Simplify,On-site,NYC,Wonder,Summer 2026,2025-2026,Other,100-1000,,Summer 2026 internship position
2026 Summer Internship - Product Manager - Machine Vision - Corporate and Business Services - CEO,2025-08-28,https://zebra.eightfold.ai/careers/job/343627811293?utm_source=Simplify&ref=Simplify,On-site,"Lake Grove, NY",Zebra Technologies,Summer 2026,2025-2026,Product Management,100-1000,,Summer 2026 internship position
NPD Commercial Readiness Co-op,2025-08-28,https://job-boards.greenhouse.io/sharkninjaoperatingllc/jobs/4592674006?utm_source=Simplify&ref=Simplify,On-site,"Needham, MA",SharkNinja,Summer 2026,2025-2026,Other,100-1000,,Summer 2026 internship
Product Development Co-op - Ninja,2025-08-28,https://job-boards.greenhouse.io/sharkninjaoperatingllc/jobs/4592274006?utm_source=Simplify&ref=Simplify,On-site,"Needham, MA",SharkNinja,Summer 2026,2025-2026,Other,100-1000,,Summer 2026 internship
Intern – Product Development,2025-08-28,https://jobs.lever.co/elfbeauty/3261e545-0f4f-4775-b99f-1d3eaa1cb44c/apply?utm_source=Simplify&ref=Simplify,On-site,"Oakland, CA",Elf Beauty,Summer 2026,2025-2026,Other,100-1000,,Summer 2026 internship position
Campus Undergraduate Summer Internship Program - 2026 Product Innovation - Credit & Fraud Risk,2025-08-28,https://aexp.eightfold.ai/careers/job/30873718?utm_source=Simplify&ref=Simplify,On-site,"Phoenix, AZ",American Express,Summer 2026,2025-2026,Quantitative Finance,100-1000,,Summer 2026 internship position
Product Marketing,2025-08-28,https://qtsdatacenters.wd5.myworkdayjobs.com/qts/job/Ashburn-VA/Summer-2026-Internship--Product-Marketing_R2025-0996?utm_source=Simplify&ref=Simplify,On-site,"Ashburn, VA",Quality Technology Services,Summer 2026,2025-2026,Product Management,100-1000,,Summer 2026 internship
Product Management Intern,2025-08-28,https://harman.wd3.myworkdayjobs.com/HARMAN/job/Northridge---California-USA/Product-Management-Intern_R-47677-2025?utm_source=Simplify&ref=Simplify,On-site,"Northridge, LA",HARMAN International,Summer 2026,2025-2026,Other,100-1000,,Summer 2026 internship position
Campus Undergraduate Summer Internship Program - 2026 Product Enablement - Amex Digital Labs,2025-08-28,https://aexp.eightfold.ai/careers/job/30790235?utm_source=Simplify&ref=Simplify,On-site,"New York, NY",American Express,Summer 2026,2025-2026,Other,100-1000,,Summer 2026 internship position
Product Analyst Intern,2025-08-28,https://jobs.smartrecruiters.com/ATPCO1/744000077230020?utm_source=Simplify&ref=Simplify,On-site,"Reston, VA",ATPCO,Summer 2026,2025-2026,Product Management,100-1000,,Summer 2026 internship position
Product Manager Intern - Tiktok LIVE-Recommend Product,2025-08-28,https://lifeattiktok.com/search/7538065288156809479?utm_source=Simplify&ref=Simplify,On-site,"San Jose, CA",TikTok,Summer 2026,2025-2026,Product Management,10000+,,Summer 2026 internship position
Product Management Intern,2025-08-28,https://careers.datadoghq.com/detail/7127832/?gh_jid=7127832&utm_source=Simplify&ref=Simplify,On-site,"New York, NY",Datadog,Summer 2026,2025-2026,Other,1000-10000,,Summer 2026 internship position
Product Manager Intern - Tiktok-Product-Social and Creation,2025-08-28,https://lifeattiktok.com/search/7532830217401338119?utm_source=Simplify&ref=Simplify,On-site,"San Jose, CA",TikTok,Summer 2026,2025-2026,Product Management,10000+,,Summer 2026 internship position
Project & Product Manager Internships,2025-08-28,https://pg.wd5.myworkdayjobs.com/1000/job/CINCINNATI-GENERAL-OFFICES/Project---Product-Manager-Internships_R000137034?utm_source=Simplify&ref=Simplify,On-site,"Cincinnati, OH",Procter & Gamble (P&G),Summer 2026,2025-2026,Product Management,100-1000,,Summer 2026 internship position
Product Manager – Ads Attribution and Measurement Intern - Measurement Signal and Privacy Product,2025-08-28,https://lifeattiktok.com/search/7538893258701818119?utm_source=Simplify&ref=Simplify,On-site,"San Jose, CA",TikTok,Summer 2026,2025-2026,Product Management,10000+,,Summer 2026 internship position
Product Marketing Internship,2025-08-28,https://uline.wd1.myworkdayjobs.com/en-US/Uline_Careers/job/Pleasant-Prairie-WI/Product-Marketing-Internship---Summer-2026_R256270?utm_source=Simplify&ref=Simplify,Multiple Locations,"5 locations Waukegan, IL Milwaukee, WI Pleasant Prairie, WI Morton Grove, IL Kenosha, WI",Uline,Summer 2026,2025-2026,Product Management,100-1000,,Summer 2026 internship position
Campus Undergraduate Summer Internship Program - 2026 Product - Global Commercial Services,2025-08-28,https://aexp.eightfold.ai/careers/job/30749813?utm_source=Simplify&ref=Simplify,On-site,"New York, NY",American Express,Summer 2026,2025-2026,Other,100-1000,,Summer 2026 internship position
User Product Operations Intern - Tiktok Local Services - BS/MS,2025-08-28,https://lifeattiktok.com/search/7532876733516040455?utm_source=Simplify&ref=Simplify,On-site,"Los Angeles, CA",TikTok,Summer 2026,2025-2026,Product Management,10000+,,Summer 2026 internship position
GE Vernova Grid Automation Product Management Intern,2025-08-28,https://gevernova.wd5.myworkdayjobs.com/only_confidential_executive_recruiting/job/Rochester/GE-Vernova-Grid-Automation-Product-Management-Intern---Spring-Summer-2026_R5017903-2?utm_source=Simplify&ref=Simplify,On-site,"Rochester, NY",GE Vernova,Summer 2026,2025-2026,Other,100-1000,,Summer 2026 internship position
Product Management Internship,2025-08-28,https://uline.wd1.myworkdayjobs.com/en-US/Uline_Careers/job/Pleasant-Prairie-WI/Product-Management-Internship---Summer-2026_R256041?utm_source=Simplify&ref=Simplify,Multiple Locations,"5 locations Waukegan, IL Milwaukee, WI Pleasant Prairie, WI Morton Grove, IL Kenosha, WI",Uline,Summer 2026,2025-2026,Other,100-1000,,Summer 2026 internship position
2026 – Summer Analyst - Wealth Management - Product Management,2025-08-28,https://higher.gs.com/roles/150629?type=students&utm_source=Simplify&ref=Simplify,On-site,"London, UK",Goldman Sachs,Summer 2026,2025-2026,Other,10000+,,Summer 2026 internship
Product Management Leadership Development Internship Program,2025-08-28,https://pentair.wd5.myworkdayjobs.com/pentair_careers/job/Golden-Valley-MN/Product-Management-Leadership-Development-Internship-Program---Summer-2026_R21710?utm_source=Simplify&ref=Simplify,Multiple Locations,"7 locations Apex, NC Madison, WI Chicago, IL Charlotte, NC Milwaukee, WI Minneapolis, MN Golden Valley, MN",Pentair,Summer 2026,2025-2026,Other,100-1000,,Summer 2026 internship position
Summer 2026 Intern - Product Growth,2025-08-28,https://salesforce.wd12.myworkdayjobs.com/en-us/External_Career_Site/job/California---San-Francisco/Summer-2026-Intern---Product-Growth_JR307642-1?utm_source=Simplify&ref=Simplify,On-site,"San Francisco, CA",Salesforce,Summer 2026,2025-2026,Other,10000+,,Summer 2026 internship position
Product Manager Intern - Tiktok LIVE-Ecosystem Governance,2025-08-28,https://lifeattiktok.com/search/7533903394441873682?utm_source=Simplify&ref=Simplify,On-site,"San Jose, CA",TikTok,Summer 2026,2025-2026,Product Management,10000+,,Summer 2026 internship position
Product Management Intern,2025-08-28,https://boards.greenhouse.io/embed/job_app?token=6883068002&utm_source=Simplify&ref=Simplify,On-site,"San Francisco, CA Bellevue, WA Mountain View, CA",Databricks,Summer 2026,2025-2026,Other,100-1000,,Summer 2026 internship position
Product Manager Intern - Tiktok-Business Risk Integrated Control,2025-08-28,https://lifeattiktok.com/search/7532387524292364552?utm_source=Simplify&ref=Simplify,On-site,"San Jose, CA",TikTok,Summer 2026,2025-2026,Quantitative Finance,10000+,,Summer 2026 internship position
Product Manager Intern - Tiktok-Product Infrastructure,2025-08-28,https://lifeattiktok.com/search/7533251224087464199?utm_source=Simplify&ref=Simplify,On-site,"San Jose, CA",TikTok,Summer 2026,2025-2026,Product Management,10000+,,Summer 2026 internship position
Product Marketing Intern,2025-08-28,https://sensata.wd1.myworkdayjobs.com/en-US/Sensata-Careers/job/Attleboro-Massachusetts/Product-Marketing-Intern---Summer-2026_IRC95849?utm_source=Simplify&ref=Simplify,On-site,"Attleboro, MA",Sensata,Summer 2026,2025-2026,Product Management,100-1000,,Summer 2026 internship position
Product Management Intern,2025-08-28,https://altruist.com/join-altruist/5601875004?gh_jid=5601875004&utm_source=Simplify&ref=Simplify,On-site,"San Francisco, CA",Altruist,Summer 2026,2025-2026,Other,100-1000,,Summer 2026 internship position
Product Lead Internship,2025-08-28,https://ats.rippling.com/rippling/jobs/640fcf7b-a12b-4b34-8a6b-633b40453fe0?utm_source=Simplify&ref=Simplify,On-site,"San Francisco, CA New York, NY",Rippling,Summer 2026,2025-2026,Other,100-1000,,Summer 2026 internship position
Engineering Program Management Intern,2025-08-28,https://jobs.apple.com/en-us/details/200606141/engineering-program-management-internships?team=STDNT&utm_source=Simplify&ref=Simplify,On-site,United States,Apple,Summer 2026,2025-2026,Software Engineering,10000+,,Summer 2026 internship position
Product Marketing Intern,2025-08-28,Closed,On-site,"Nashville, TN",Whisper Aero,Summer 2026,2025-2026,Product Management,100-1000,,Summer 2026 internship position
Digital Product Management Summer Intern,2025-08-28,Closed,On-site,"Greensboro, NC",Arch Capital Group,Summer 2026,2025-2026,Other,100-1000,,Summer 2026 internship position
Product Management Summer Intern,2025-08-28,Closed,On-site,"Minneapolis, MN",U.S. Bank,Summer 2026,2025-2026,Other,100-1000,,Summer 2026 internship position
Intern – Product Management,2025-08-28,Closed,On-site,"Western Springs, IL",Chamberlain Group,Summer 2026,2025-2026,Other,100-1000,,Summer 2026 internship position
Former Discover Intern - Product Development Program Associate,2025-08-28,Closed,Multiple Locations,"5 locations Plano, TX McLean, VA Richmond, VA Chicago, IL NYC",Capital One,Summer 2026,2025-2026,Other,100-1000,,Summer 2026 internship position
Commercial Analytics Summer 2026 Internship,2025-08-28,http://fa-etum-saasfaprod1.fa.ocs.oraclecloud.com/hcmUI/CandidateExperience/en/sites/CX_1/jobs/job/40986?utm_source=Simplify&ref=Simplify,On-site,"Jacksonville, FL",GuideWell Mutual,Summer 2026,2025-2026,Other,100-1000,,Summer 2026 internship position
"2025 Intern Conversion - 2026 FT: Data Analyst II, Transportation",2025-08-28,https://walmart.wd5.myworkdayjobs.com/en-US/WalmartExternal/job/Bentonville-AR/XMLNAME-2025-Intern-Conversion---2026-FT--Data-Analyst-II--Transportation_R-2273146?utm_source=Simplify&ref=Simplify,On-site,"Bentonville, AR",Walmart,Summer 2026,2025-2026,Data Science,100-1000,,Summer 2026 internship position
Hormel Foods – IT Data Analyst Intern,2025-08-28,https://ekkh.fa.us2.oraclecloud.com/hcmUI/CandidateExperience/en/sites/CX_2002/jobs/job/30544?utm_source=Simplify&ref=Simplify,On-site,"Rochester, MN",Hormel Foods,Summer 2026,2025-2026,Data Science,100-1000,,Summer 2026 internship position
Summer 2026 Early Development Clinical Operations /Study and Data Management Intern,2025-08-28,https://sanofi.wd3.myworkdayjobs.com/en-US/SanofiCareers/job/Cambridge-MA/Summer-2026-Early-Development-Clinical-Operations--Study-and-Data-Management-Intern_R2813308?utm_source=Simplify&ref=Simplify,On-site,"Cambridge, MA Morristown, NJ",Sanofi,Summer 2026,2025-2026,Other,100-1000,,Summer 2026 internship position
Data Analytics Intern,2025-08-28,https://archgroup.wd1.myworkdayjobs.com/careers/job/Washington-DC-United-States-of-America/Data-Analytics-Intern_R25_726?utm_source=Simplify&ref=Simplify,On-site,"Washington, DC",Arch Capital Group,Summer 2026,2025-2026,Other,100-1000,,Summer 2026 internship position
2026 Summer Internship - Gen AI Product Management - Corporate and Business Services - CEO,2025-08-28,https://zebra.eightfold.ai/careers/job/343627686193?utm_source=Simplify&ref=Simplify,Multiple Locations,"5 locations Frisco, TX Wheeling, IL San Jose, CA Lake Grove, NY Kennesaw, GA",Zebra Technologies,Summer 2026,2025-2026,Data Science,100-1000,,Summer 2026 internship position
Engineering Analyst Intern,2025-08-28,https://hq.wd12.myworkdayjobs.com/Securian_External/job/Saint-Paul-MN-Campus/Engineering-Analyst-Intern--Hybrid-_R-010131?utm_source=Simplify&ref=Simplify,On-site,"St Paul, MN",Securian Financial Group,Summer 2026,2025-2026,Other,100-1000,,Summer 2026 internship position
IT BA/Data Intern,2025-08-28,https://mksinst.wd1.myworkdayjobs.com/en-US/MKSCareersUniversity/job/Andover-MA/XMLNAME-2026-Summer-IT-BA-Data-Intern_R14779?utm_source=Simplify&ref=Simplify,On-site,"Andover, MA Austin, TX",MKS Instruments,Summer 2026,2025-2026,Other,100-1000,,Summer 2026 internship position
IT Apprentice,2025-08-28,https://careers.aflac.com/job/Remote-2026-IT-Apprentice-31999/1081339400/?ats=successfactors&utm_source=Simplify&ref=Simplify,Remote,"Remote in USA Columbus, GA",Aflac,Summer 2026,2025-2026,Other,100-1000,,Summer 2026 internship
Data Engineer Intern,2025-08-28,https://jobs.careers.microsoft.com/global/en/job/1864360/Data-Engineer-Intern:-Internship-Opportunities---Redmond?fbclid=PAZXh0bgNhZW0CMTEAAach0SNotdoUUi2mxRR7ZqIb6z8PKKf2L0NiKky_vQ3mrN2NRN7ZOiD0zIhKrw_aem_8zutlHGTayeEIhsbsSXWJw&utm_source=Simplify&ref=Simplify,On-site,"Redmond, Washington",Microsoft,Summer 2026,2025-2026,Data Science,10000+,,Summer 2026 internship position
Algorithm Engineer Intern,2025-08-28,https://analogdevices.wd1.myworkdayjobs.com/en-US/External/job/US-MA-Wilmington/Algorithm-Engineer-Intern_R255043?utm_source=Simplify&ref=Simplify,On-site,"Boston, MA San Diego, CA Burlington, MA",Analog Devices,Summer 2026,2025-2026,Software Engineering,100-1000,,Summer 2026 internship position
Machine Learning Engineer Intern - E-Commerce Knowledge Graph - CV/Multimodal/NLP - BS/MS,2025-08-28,https://jobs.bytedance.com/en/position/7543005612200970503/detail?utm_source=Simplify&ref=Simplify,On-site,"Seattle, WA",ByteDance,Summer 2026,2025-2026,Data Science,10000+,,Summer 2026 internship position
Computational Data Scientist Intern - PhD,2025-08-28,https://jobs.smartrecruiters.com/AbbVie/3743990009198524?utm_source=Simplify&ref=Simplify,On-site,"Waukegan, IL",AbbVie,Summer 2026,2025-2026,Data Science,100-1000,,Summer 2026 internship - Advanced degree required
Saas Co-Op,2025-08-28,https://fa-evmr-saasfaprod1.fa.ocs.oraclecloud.com/hcmUI/CandidateExperience/en/sites/CX_1/job/24089?utm_source=Simplify&ref=Simplify,On-site,"Sunnyvale, CA",Nokia,Summer 2026,2025-2026,Other,100-1000,,Summer 2026 internship
Catastrophe Advisory Spring Co-op - College Program 2026,2025-08-28,https://mmc.wd1.myworkdayjobs.com/mmc/job/New-York---1166/Catastrophe-Advisory-Spring-Co-op---College-Program-2026_R_321389?utm_source=Simplify&ref=Simplify,Multiple Locations,"4 locations Boston, MA Philadelphia, PA Hopkins, MN NYC",Marsh,Summer 2026,2025-2026,Other,100-1000,,Summer 2026 internship
Campus Undergraduate Summer Internship Program - 2026 Data Analytics - US Consumer Services,2025-08-28,https://aexp.eightfold.ai/careers/job/30918568?utm_source=Simplify&ref=Simplify,On-site,NYC,American Express,Summer 2026,2025-2026,Other,100-1000,,Summer 2026 internship position
Tax Technology Intern,2025-08-28,https://ehzq.fa.us2.oraclecloud.com/hcmUI/CandidateExperience/en/sites/CX_1/jobs/job/111357?utm_source=Simplify&ref=Simplify,On-site,"Dallas, TX",Grant Thornton,Summer 2026,2025-2026,Other,100-1000,,Summer 2026 internship position
Optical Systems Co-op/Intern,2025-08-28,https://fa-evmr-saasfaprod1.fa.ocs.oraclecloud.com/hcmUI/CandidateExperience/en/sites/CX_1/job/24069?utm_source=Simplify&ref=Simplify,On-site,"Ottawa, ON, Canada",Nokia,Summer 2026,2025-2026,Other,100-1000,,Summer 2026 internship position
Deutsche Bank – Deutsche Bank Internship Programme - Technology - Data and Innovation - Tdi,2025-08-28,https://db.recsolu.com/external/requisitions/DgVKlwNjlhY8M4_JOkMEnw?utm_source=Simplify&ref=Simplify,On-site,"Morrisville, NC",Deutsche Bank,Summer 2026,2025-2026,Other,100-1000,,Summer 2026 internship position
Machine Learning Internship,2025-08-28,https://careers-sig.icims.com/jobs/9529/job?utm_source=Simplify&ref=Simplify,On-site,NYC,Susquehanna International Group (SIG),Summer 2026,2025-2026,Data Science,100-1000,,Summer 2026 internship position
Database Intern,2025-08-28,https://careers.qorvo.com/job/Apopka-Database-Intern-FL-32703/1320409200/?ats=successfactors&utm_source=Simplify&ref=Simplify,On-site,"Apopka, FL",Qorvo,Summer 2026,2025-2026,Other,100-1000,,Summer 2026 internship position
Data Strategy Co-op - College Program 2026,2025-08-28,https://mmc.wd1.myworkdayjobs.com/mmc/job/New-York---1166/Data-Strategy-Co-op---New-York---College-Program-2026_R_321381?utm_source=Simplify&ref=Simplify,On-site,NYC,Marsh,Summer 2026,2025-2026,Other,100-1000,,Summer 2026 internship
Intern – ET Data Systems Analyst,2025-08-28,https://careers.dominionenergy.com/job/GLEN-ALLEN-Intern-ET-Data-Systems-Analyst-VA-23060/1320230400/?ats=successfactors&utm_source=Simplify&ref=Simplify,On-site,"Glen Allen, VA",Dominion Energy,Summer 2026,2025-2026,Other,100-1000,,Summer 2026 internship position
Data Analytics Internship,2025-08-28,https://gevernova.wd5.myworkdayjobs.com/only_confidential_executive_recruiting/job/Rugby/Data-Analytics-Internship_R5018345-2?utm_source=Simplify&ref=Simplify,On-site,"Rugby, UK",GE Vernova,Summer 2026,2025-2026,Other,100-1000,,Summer 2026 internship position
"Research Scientist Intern, Computational Chemist (PhD)",2025-08-28,https://www.metacareers.com/jobs/1312570617147546?utm_source=Simplify&ref=Simplify,On-site,"Redmond, WA",Meta,Summer 2026,2025-2026,Data Science,10000+,,Summer 2026 internship - Advanced degree required
Energy Marketing Intern,2025-08-28,https://wd5.myworkdaysite.com/en-US/recruiting/devonenergy/Careers/job/Oklahoma-City-OK/Energy-Marketing-Intern---Summer-2026_R25347?utm_source=Simplify&ref=Simplify,On-site,"Oklahoma City, OK",Devon Energy,Summer 2026,2025-2026,Other,100-1000,,Summer 2026 internship position
NPI Automation Engineering Co-Op,2025-08-28,https://careers.skyworksinc.com/job/Irvine-NPI-Automation-Engineering-Co-Op-(SummerFall-2026)-CA-92602/1320119000/?ats=successfactors&utm_source=Simplify&ref=Simplify,On-site,"Irvine, CA",Skyworks,Summer 2026,2025-2026,Software Engineering,100-1000,,Summer 2026 internship
Research Scientist Intern - Pytorch Compiler - PhD,2025-08-28,https://www.metacareers.com/jobs/792432083221294?utm_source=Simplify&ref=Simplify,On-site,"Menlo Park, CA",Meta,Summer 2026,2025-2026,Data Science,10000+,,Summer 2026 internship - Advanced degree required
Data Analyst Intern,2025-08-28,https://clr.wd5.myworkdayjobs.com/CLR_Careers/job/Oklahoma-City-OK/Data-Analyst-Intern--Summer-2026-_R02347-1?utm_source=Simplify&ref=Simplify,On-site,"Oklahoma City, OK",Continental Resources,Summer 2026,2025-2026,Data Science,100-1000,,Summer 2026 internship position
Computer Vision AI Intern,2025-08-28,"https://jobs.l3harris.com/job/Tulsa-Computer-Vision-AI-Intern-(Tulsa,-OK)-OK-74115/1319968100/?ats=successfactors&utm_source=Simplify&ref=Simplify",On-site,"Tulsa, OK",L3Harris Technologies,Summer 2026,2025-2026,Data Science,100-1000,,Summer 2026 internship position
Summer Intern - Modeling and Simulation Engineer,2025-08-28,https://globalhr.wd5.myworkdayjobs.com/rec_rtx_ext_gateway/job/AZ805-RMS-AP-Bldg-805-1151-East-Hermans-Road-Building-805-Tucson-AZ-85756-USA/XMLNAME-2026-Raytheon-Summer-Intern---Modeling-and-Simulation-Engineer---Onsite_01788508?utm_source=Simplify&ref=Simplify,On-site,"Tucson, AZ",RTX,Summer 2026,2025-2026,Software Engineering,100-1000,,Summer 2026 internship position
Audio AI Engineering,2025-08-28,https://careers.skyworksinc.com/job/Hillsboro-Audio-AI-Engineering-Summer-Intern-2026-OR-97006/1319944600/?ats=successfactors&utm_source=Simplify&ref=Simplify,On-site,"Hillsboro, OR",Skyworks,Summer 2026,2025-2026,Data Science,100-1000,,Summer 2026 internship
PGIM: 2026 Technology Internship Program,2025-08-28,https://pru.wd5.myworkdayjobs.com/en-US/Careers/job/Newark-NJ-USA/PGIM--2026-Technology-Internship-Program_R-121813-1?utm_source=Simplify&ref=Simplify,On-site,"Tampa, FL Newark, NJ",Prudential Financial,Summer 2026,2025-2026,Other,100-1000,,Summer 2026 internship position
Technical Internship,2025-08-28,https://rb.wd5.myworkdayjobs.com/en-US/FRS/job/Richmond-VA/Federal-Reserve-Summer-2026-Technical-Internship_R-0000030022?utm_source=Simplify&ref=Simplify,On-site,"Richmond, VA",The Federal Reserve System,Summer 2026,2025-2026,Other,100-1000,,Summer 2026 internship position
Digital Assurance & Transparency – Data Intern - Dat,2025-08-28,https://pwc.wd3.myworkdayjobs.com/en-US/US_Entry_Level_Careers/job/IL-Rosemont/Digital-Assurance---Transparency--DAT--Data-Intern---Summer-2026_555212WD?utm_source=Simplify&ref=Simplify,Multiple Locations,"6 locations Boston, MA SF LA Dallas, TX Norridge, IL NYC",PricewaterhouseCoopers (PwC),Summer 2026,2025-2026,Other,100-1000,,Summer 2026 internship position
FAR Program Internship - Internal Audit-Data Analytics,2025-08-28,https://lplfinancial.wd1.myworkdayjobs.com/en-US/External/job/Fort-MillCharlotte/FAR-Program--Summer-2026-Internship---Internal-Audit--Data-Analytics--DA-_R-045692-2?utm_source=Simplify&ref=Simplify,On-site,"Fort Mill, SC Charlotte, NC",LPL Financial Holdings,Summer 2026,2025-2026,Other,100-1000,,Summer 2026 internship position
Summer 2026 Intern - Manufacturing Technology Data Science and Digital Transformation,2025-08-28,https://sanofi.wd3.myworkdayjobs.com/en-US/SanofiCareers/job/Swiftwater-PA/Summer-2026-Intern---Manufacturing-Technology-Data-Science-and-Digital-Transformation_R2813021?utm_source=Simplify&ref=Simplify,On-site,"East Side, PA",Sanofi,Summer 2026,2025-2026,Data Science,100-1000,,Summer 2026 internship position
J&J Quality & Compliance Internship,2025-08-28,https://jj.wd5.myworkdayjobs.com/JJ/job/Raritan-New-Jersey-United-States-of-America/J-J-Quality---Compliance-Internship---Summer-2026_R-029913?utm_source=Simplify&ref=Simplify,Multiple Locations,"9 locations Bridgewater Township, NJ Horsham, PA Miami, FL Irvine, CA Goldsboro, NC Edison, NJ Jacksonville, FL Atlanta, GA Athens, GA",Johnson & Johnson,Summer 2026,2025-2026,Other,100-1000,,Summer 2026 internship position
Supply Chain Data Analyst Internship,2025-08-28,https://motorolasolutions.wd5.myworkdayjobs.com/en-US/Careers/job/Chicago-IL/Supply-Chain-Data-Analyst-Internship-2026_R56900?utm_source=Simplify&ref=Simplify,On-site,"Chicago, IL",Motorola Solutions,Summer 2026,2025-2026,Data Science,100-1000,,Summer 2026 internship position
Data & Analytics Technology Consulting Intern,2025-08-28,https://pwc.wd3.myworkdayjobs.com/en-US/US_Entry_Level_Careers/job/IL-Rosemont/Data---Analytics-Technology-Consulting-Intern---Summer-2026_658980WD?utm_source=Simplify&ref=Simplify,Multiple Locations,"5 locations Boston, MA Washington, DC Chicago, IL Norridge, IL NYC",PricewaterhouseCoopers (PwC),Summer 2026,2025-2026,Other,100-1000,,Summer 2026 internship position
Summer 2026 Internship,2025-08-28,https://williams.wd5.myworkdayjobs.com/External/job/OK-Tulsa---Headquarters/Summer-2026-Internship---University-of-Tulsa_R110759?utm_source=Simplify&ref=Simplify,Multiple Locations,"4 locations Salt Lake City, UT Houston, TX Pittsburgh, PA Tulsa, OK",Williams,Summer 2026,2025-2026,Other,100-1000,,Summer 2026 internship position
Financial Crimes Unit Data & Analytics Tech Intern,2025-08-28,https://pwc.wd3.myworkdayjobs.com/en-US/US_Entry_Level_Careers/job/IL-Rosemont/Financial-Crimes-Unit-Data---Analytics-Tech-Intern---Summer-2026_658969WD?utm_source=Simplify&ref=Simplify,On-site,"Norridge, IL New York, NY",PricewaterhouseCoopers (PwC),Summer 2026,2025-2026,Other,100-1000,,Summer 2026 internship position
Portfolio Management Intern,2025-08-28,https://careers.qorvo.com/job/Greensboro-Portfolio-Management-Intern-NC-27409/1319684100/?ats=successfactors&utm_source=Simplify&ref=Simplify,On-site,"Greensboro, NC",Qorvo,Summer 2026,2025-2026,Quantitative Finance,100-1000,,Summer 2026 internship position
Technology 2026 Summer Internship,2025-08-28,https://jj.wd5.myworkdayjobs.com/JJ/job/New-Brunswick-New-Jersey-United-States-of-America/Technology-2026-Summer-Internship_R-029613?utm_source=Simplify&ref=Simplify,Multiple Locations,"10 locations New Hope, PA West Chester, PA Bridgewater Township, NJ Horsham, PA Irvine, CA Santa Clara, CA Edison, NJ Ambler, PA Jacksonville, FL Palm Beach Gardens, FL",Johnson & Johnson,Summer 2026,2025-2026,Other,100-1000,,Summer 2026 internship position
Global Monetization Strategy and Analytics Intern - Mso - BS/MS,2025-08-28,https://jobs.bytedance.com/en/position/7533673691735361799/detail?utm_source=Simplify&ref=Simplify,On-site,"New York, NY",ByteDance,Summer 2026,2025-2026,Other,10000+,,Summer 2026 internship position
Technical Certification and Documentation Services Summer Intern,2025-08-28,https://theocc.wd5.myworkdayjobs.com/careers/job/Dallas-TX/Technical-Certification-and-Documentation-Services-Summer-Intern_REQ-4358?utm_source=Simplify&ref=Simplify,On-site,"Dallas, TX",OCC,Summer 2026,2025-2026,Other,100-1000,,Summer 2026 internship position
Data Analytics & Insights Intern,2025-08-28,https://fa-esgu-saasfaprod1.fa.ocs.oraclecloud.com/hcmUI/CandidateExperience/en/sites/CX_1/jobs/job/19543?utm_source=Simplify&ref=Simplify,On-site,"Minneapolis, MN",Montenson,Summer 2026,2025-2026,Other,100-1000,,Summer 2026 internship position
Digital Intern,2025-08-28,https://hbbq.fa.us2.oraclecloud.com/hcmUI/CandidateExperience/en/sites/CX_1/jobs/job/3445?utm_source=Simplify&ref=Simplify,On-site,"Spring, TX",American Bureau of Shipping,Summer 2026,2025-2026,Other,100-1000,,Summer 2026 internship position
IT Asset Management,2025-08-28,https://qtsdatacenters.wd5.myworkdayjobs.com/qts/job/Suwanee-GA/Summer-2026-Internship--IT-Asset-Management_R2025-0980?utm_source=Simplify&ref=Simplify,On-site,"Suwanee, GA",Quality Technology Services,Summer 2026,2025-2026,Other,100-1000,,Summer 2026 internship
AI Engineer Intern,2025-08-28,https://covestro.wd3.myworkdayjobs.com/cov_external/job/Pittsburgh-PA/AI-Engineer-Intern_JR-2025-01861?utm_source=Simplify&ref=Simplify,On-site,"Pittsburgh, PA",Covestro,Summer 2026,2025-2026,Data Science,100-1000,,Summer 2026 internship position
Research Scientist Intern - Smart Glasses in Wearables AI - PhD,2025-08-28,https://www.metacareers.com/jobs/1166376528712896?utm_source=Simplify&ref=Simplify,Multiple Locations,"4 locations Burlingame, CA Redmond, WA Menlo Park, CA NYC",Meta,Summer 2026,2025-2026,Data Science,10000+,,Summer 2026 internship - Advanced degree required
AI Engineering Summer/Fall Co-Op,2025-08-28,https://careers.skyworksinc.com/job/Woburn-AI-Engineering-SummerFall-Co-Op-(June-'26-Dec-'26)-MA-01801/1319302300/?ats=successfactors&utm_source=Simplify&ref=Simplify,On-site,"Burlington, MA",Skyworks,Summer 2026,2025-2026,Data Science,100-1000,,Summer 2026 internship
2026 Field Tools and Analytics Internship,2025-08-28,https://jobs.smartrecruiters.com/AbbVie/3743990009160986?utm_source=Simplify&ref=Simplify,On-site,"Vernon Hills, IL",AbbVie,Summer 2026,2025-2026,Other,100-1000,,Summer 2026 internship position
Business Analysis/Technology Intern,2025-08-28,https://wd5.myworkdaysite.com/en-US/recruiting/devonenergy/Careers/job/Oklahoma-City-OK/Business-Analysis-Technology-Intern---Summer-2026_R25341?utm_source=Simplify&ref=Simplify,On-site,"Oklahoma City, OK",Devon Energy,Summer 2026,2025-2026,Other,100-1000,,Summer 2026 internship position
Research Intern,2025-08-28,https://edzt.fa.em4.oraclecloud.com/hcmUI/CandidateExperience/en/sites/CX/jobs/job/28438?utm_source=Simplify&ref=Simplify,On-site,"Santa Clara, CA",Fujitsu,Summer 2026,2025-2026,Other,100-1000,,Summer 2026 internship position
Supply Chain Data Analyst Internship 2026,2025-08-28,https://motorolasolutions.wd5.myworkdayjobs.com/Careers/job/Chicago-IL/Supply-Chain-Data-Analyst-Internship-2026_R56900?utm_source=Simplify&ref=Simplify,On-site,"Chicago, IL",Motorola,Summer 2026,2025-2026,Data Science,100-1000,,Summer 2026 internship position
Semiconductor Research – Intern Graduate,2025-08-28,https://intel.wd1.myworkdayjobs.com/en-us/external/job/US-Oregon-Hillsboro/Semiconductor-Research--Intern-Graduate_JR0276771?utm_source=Simplify&ref=Simplify,Multiple Locations,"4 locations Santa Clara, CA Hillsboro, OR Folsom, CA Phoenix, AZ",Intel,Summer 2026,2025-2026,Hardware Engineering,10000+,,Summer 2026 internship position
Specialty Engineering Coop,2025-08-28,https://jobs.l3harris.com/job/Waterdown-Specialty-Engineering-Coop-ON-L9H-0C5/1319056500/?ats=successfactors&utm_source=Simplify&ref=Simplify,On-site,"Hamilton, ON, Canada",L3Harris Technologies,Summer 2026,2025-2026,Software Engineering,100-1000,,Summer 2026 internship
Data Engineering Intern,2025-08-28,https://wd5.myworkdaysite.com/en-US/recruiting/devonenergy/Careers/job/Oklahoma-City-OK/Technology-Intern---Summer-2026_R25262?utm_source=Simplify&ref=Simplify,On-site,"Oklahoma City, OK",Devon Energy,Summer 2026,2025-2026,Data Science,100-1000,,Summer 2026 internship position
Intern – Analytics,2025-08-28,https://careers.wecenergygroup.com/We_Energies/job/Milwaukee-Intern-Analytics-WI-53203/1319097100/?ats=successfactors&utm_source=Simplify&ref=Simplify,On-site,"Milwaukee, WI",WEC Energy Group,Summer 2026,2025-2026,Other,100-1000,,Summer 2026 internship position
Master's Data Science Co-op,2025-08-28,https://churchdwight.wd1.myworkdayjobs.com/en-US/chdcareers/job/USA-Ewing-NJ/XMLNAME-2026-Master-s-Data-Science-Co-op_R2025-14136?utm_source=Simplify&ref=Simplify,On-site,"Ewing, NJ",Church & Dwight,Summer 2026,2025-2026,Data Science,100-1000,,Summer 2026 internship
AI Customer Engagement Analyst Intern,2025-08-28,https://hpe.wd5.myworkdayjobs.com/Jobsathpe/job/Andover-Massachusetts-United-States-of-America/AI-Customer-Engagement-Analyst-Intern_1192735?utm_source=Simplify&ref=Simplify,On-site,"Andover, MA",Hewlett Packard Enterprise,Summer 2026,2025-2026,Data Science,100-1000,,Summer 2026 internship position
2026 Data Science Internship,2025-08-28,https://job-boards.greenhouse.io/thetradedesk/jobs/4822859007?utm_source=Simplify&ref=Simplify,On-site,"London, UK",The Trade Desk,Summer 2026,2025-2026,Data Science,100-1000,,Summer 2026 internship position
Data Engineering Intern,2025-08-28,https://brookfield.wd5.myworkdayjobs.com/brookfieldproperties/job/Charleston-South-Carolina/Data-Engineering-Intern_R2045434?utm_source=Simplify&ref=Simplify,On-site,"Charleston, SC",Brookfield Properties,Summer 2026,2025-2026,Data Science,100-1000,,Summer 2026 internship position
Intern – Data Analytics,2025-08-28,https://careers.wecenergygroup.com/job/Milwaukee-Intern-Data-Analytics-WI-53203/1318868600/?ats=successfactors&utm_source=Simplify&ref=Simplify,On-site,"Milwaukee, WI",WEC Energy Group,Summer 2026,2025-2026,Other,100-1000,,Summer 2026 internship position
Database Administrator Internship,2025-08-28,https://uline.wd1.myworkdayjobs.com/en-US/Uline_Careers/job/Pleasant-Prairie-WI/Database-Administrator-Internship---Summer-2026_R256303?utm_source=Simplify&ref=Simplify,Multiple Locations,"5 locations Waukegan, IL Milwaukee, WI Pleasant Prairie, WI Morton Grove, IL Kenosha, WI",Uline,Summer 2026,2025-2026,Other,100-1000,,Summer 2026 internship position
ML Engineer Internship,2025-08-28,https://jobs.ashbyhq.com/cocodelivery/16c75d81-08af-4d95-8dfe-15fc0516b57a?utm_source=Simplify&ref=Simplify,On-site,"Los Angeles, CA",COCO Robotics,Summer 2026,2025-2026,Data Science,100-1000,,Summer 2026 internship position
Data Science Intern,2025-08-28,https://job-boards.greenhouse.io/figma/jobs/5614980004?utm_source=Simplify&ref=Simplify,On-site,"San Francisco, CA New York, NY",Figma,Summer 2026,2025-2026,Data Science,100-1000,,Summer 2026 internship position
Motion Generation Algorithm Intern,2025-08-28,https://tencent.wd1.myworkdayjobs.com/en-US/Tencent_Careers/job/UK-London/Motion-Generation-Algorithm-Intern_R105947?utm_source=Simplify&ref=Simplify,On-site,"London, UK",Tencent,Summer 2026,2025-2026,Other,100-1000,,Summer 2026 internship position
2026 Summer Internship - Global Enterprise Technology,2025-08-28,https://jobs.royalcaribbeangroup.com/job/Miramar-2026-Summer-Internship-Global-Enterprise-Technology-FL-33132/1315808800/?ats=successfactors&utm_source=Simplify&ref=Simplify,On-site,"Miramar, FL",Royal Caribbean Group,Summer 2026,2025-2026,Other,100-1000,,Summer 2026 internship position
Graduate Intern - Load Forecasting - Engineering Analytics & Modeling,2025-08-28,https://careers.dominionenergy.com/job/GLEN-ALLEN-Graduate-Intern-Load-Forecasting-Engineering-Analytics-&-Modeling-VA-23060/1318438700/?ats=successfactors&utm_source=Simplify&ref=Simplify,On-site,"Glen Allen, VA",Dominion Energy,Summer 2026,2025-2026,Software Engineering,100-1000,,Summer 2026 internship position
Master's Data Science Co-op,2025-08-28,https://churchdwight.wd1.myworkdayjobs.com/chdcareers/job/USA-Ewing-NJ/XMLNAME-2026-Master-s-Data-Science-Co-op_R2025-14136?utm_source=Simplify&ref=Simplify,On-site,"Trenton, NJ",Church & Dwight,Summer 2026,2025-2026,Data Science,100-1000,,Summer 2026 internship
Data Engineer Intern,2025-08-28,https://job-boards.greenhouse.io/figma/jobs/5623087004?gh_jid=5623087004&utm_source=Simplify&ref=Simplify,On-site,"San Francisco, CA New York, NY",Figma,Summer 2026,2025-2026,Data Science,100-1000,,Summer 2026 internship position
Power Generation Data Analyst Intern,2025-08-28,https://careers.wecenergygroup.com/We_Energies/job/Milwaukee-Power-Generation-Data-Analyst-Intern-WI-53203/1318168900/?ats=successfactors&utm_source=Simplify&ref=Simplify,On-site,"Milwaukee, WI",WEC Energy Group,Summer 2026,2025-2026,Data Science,100-1000,,Summer 2026 internship position
BCG X AI Engineer Internship,2025-08-28,https://careers.bcg.com/global/en/job/52453?utm_source=Simplify&ref=Simplify,On-site,"London, UK",Boston Consulting Group,Summer 2026,2025-2026,Data Science,100-1000,,Summer 2026 internship position
Reinforcement Learning Research Intern for Game AI,2025-08-28,https://sonyglobal.wd1.myworkdayjobs.com/SonyGlobalCareers/job/Remote---Rhode-Island/Reinforcement-Learning-Research-Intern-for-Game-AI_JR-118118?utm_source=Simplify&ref=Simplify,On-site,Rhode Island,Sony,Summer 2026,2025-2026,Other,100-1000,,Summer 2026 internship position
Data Analytics Co-Op,2025-08-28,https://ameren.wd1.myworkdayjobs.com/External/job/St-Louis-MO/Data-Analytics-Co-Op_031708-2?utm_source=Simplify&ref=Simplify,On-site,"St. Louis, MO",Ameren,Summer 2026,2025-2026,Other,100-1000,,Summer 2026 internship
Audit & Assurance Intern - Data & Analytics,2025-08-28,https://apply.deloitte.com/en_US/careers/JobDetail/Audit-Assurance-Intern-Data-Analytics-Summer-2026/309450?utm_source=Simplify&ref=Simplify,On-site,"Chicago, IL",Deloitte,Summer 2026,2025-2026,Other,100-1000,,Summer 2026 internship position
Data Internships,2025-08-28,https://www.shopify.com/careers/data-internships-2026-usa_661cbf62-51e6-49d9-815e-3d4fa31803e5?utm_source=Simplify&ref=Simplify,On-site,"New York, NY Bellevue, WA",Shopify,Summer 2026,2025-2026,Other,100-1000,,Summer 2026 internship position
Enterprise Data Office Co-op,2025-08-28,https://fifththird.wd5.myworkdayjobs.com/en-US/53careers/job/Cincinnati-OH/Enterprise-Data-Office-Co-op---Summer-2026_R61094?utm_source=Simplify&ref=Simplify,On-site,"Cincinnati, OH",Fifth Third Bank,Summer 2026,2025-2026,Other,100-1000,,Summer 2026 internship
Data – & Data Engineering Internships - Analytics,2025-08-28,https://pg.wd5.myworkdayjobs.com/1000/job/CINCINNATI-GENERAL-OFFICES/Data--Analytics----Data-Engineering-Internships_R000137031?utm_source=Simplify&ref=Simplify,On-site,"Cincinnati, OH",Procter & Gamble (P&G),Summer 2026,2025-2026,Data Science,100-1000,,Summer 2026 internship position
AI/ML Intern - Machine Learning Engineer,2025-08-28,https://careers.adobe.com/us/en/job/ADOBUSR158493EXTERNALENUS/2026-AI-ML-Intern-Machine-Learning-Engineer?utm_source=Simplify&ref=Simplify,Multiple Locations,"7 locations San Jose, CA San Francisco, CA Austin, TX Seattle, WA Waltham, MA New York, NY Lehi, UT",Adobe,Summer 2026,2025-2026,Data Science,10000+,,Summer 2026 internship position
Financial Data Analyst Internship,2025-08-28,https://uline.wd1.myworkdayjobs.com/en-US/Uline_Careers/job/Pleasant-Prairie-WI/Financial-Data-Analyst-Internship---Summer-2026_R256283?utm_source=Simplify&ref=Simplify,Multiple Locations,"5 locations Waukegan, IL Milwaukee, WI Pleasant Prairie, WI Morton Grove, IL Kenosha, WI",Uline,Summer 2026,2025-2026,Data Science,100-1000,,Summer 2026 internship position
Analytics Analyst Intern,2025-08-28,https://myhrhome.wd1.myworkdayjobs.com/en-US/OneMainCareers/job/Wilmington-DE/Analytics-Analyst-Intern_R2508-47528?utm_source=Simplify&ref=Simplify,On-site,"Charlotte, NC Wilmington, DE",OneMain Financial,Summer 2026,2025-2026,Other,100-1000,,Summer 2026 internship position
Renewables Data Analytics Intern,2025-08-28,https://careers.wecenergygroup.com/Wisconsin_Public_Service/job/Milwaukee-Renewables-Data-Analytics-Intern-WI-53203/1317609200/?ats=successfactors&utm_source=Simplify&ref=Simplify,On-site,"Milwaukee, WI",WEC Energy Group,Summer 2026,2025-2026,Other,100-1000,,Summer 2026 internship position
Machine Learning Engineer Intern - Global E-commerce Risk Control - 2026 Summer - BS/MS,2025-08-28,https://jobs.bytedance.com/en/position/7535953226975054098/detail?utm_source=Simplify&ref=Simplify,On-site,"Seattle, WA",ByteDance,Summer 2026,2025-2026,Data Science,10000+,,Summer 2026 internship position
Business Intelligence Developer Internship,2025-08-28,https://uline.wd1.myworkdayjobs.com/en-US/Uline_Careers/job/Pleasant-Prairie-WI/Business-Intelligence-Developer-Internship---Summer-2026_R256541?utm_source=Simplify&ref=Simplify,Multiple Locations,"5 locations Waukegan, IL Milwaukee, WI Pleasant Prairie, WI Morton Grove, IL Kenosha, WI",Uline,Summer 2026,2025-2026,Data Science,100-1000,,Summer 2026 internship position
Machine Learning Engineer Intern - Tiktok Short Video Content Understanding/Multimodal Recommendation,2025-08-28,https://lifeattiktok.com/search/7538495412894976264?utm_source=Simplify&ref=Simplify,On-site,"San Jose, CA",TikTok,Summer 2026,2025-2026,Data Science,10000+,,Summer 2026 internship position
AI/ML Intern - Machine Learning Engineer,2025-08-28,https://adobe.wd5.myworkdayjobs.com/external_experienced/job/San-Jose/XMLNAME-2026-AI-ML-Intern---Machine-Learning-Engineer_R158493?utm_source=Simplify&ref=Simplify,Multiple Locations,"7 locations Seattle, WA San Francisco, CA Austin, TX San Jose, CA Waltham, MA New York, NY Lehi, UT",Adobe,Summer 2026,2025-2026,Data Science,10000+,,Summer 2026 internship position
Campus – Intern - Data Science - Analytics and Modeling Program,2025-08-28,https://fanniemae.wd1.myworkdayjobs.com/FannieMaeCareers/job/Midtown-Center/Campus---Data-Science--Analytics-and-Modeling-Program--Intern_JR1260?utm_source=Simplify&ref=Simplify,On-site,"Washington, DC",Fannie Mae,Summer 2026,2025-2026,Data Science,100-1000,,Summer 2026 internship position
Operations Technology Co-Op/Intern,2025-08-28,https://mosaic.wd5.myworkdayjobs.com/mosaic/job/US---Tampa-FL-Lithia-area/Operations-Technology-Co-Op-Intern---Summer-2026_60324?utm_source=Simplify&ref=Simplify,On-site,"Tampa, FL",Mosaic,Summer 2026,2025-2026,Other,100-1000,,Summer 2026 internship position
Reinforcement Learning Research Intern for Game AI,2025-08-28,https://sonyglobal.wd1.myworkdayjobs.com/SonyGlobalCareers/job/Schlieren/Reinforcement-Learning-Research-Intern-for-Game-AI_JR-118106-1?utm_source=Simplify&ref=Simplify,Remote,5 locations Remote in Germany Remote in UK Remote in Spain Remote in Italy Remote in France,Sony,Summer 2026,2025-2026,Other,100-1000,,Summer 2026 internship position
Intern – Enterprise Architecture and Emerging Technologies,2025-08-28,https://otppb.wd3.myworkdayjobs.com/OntarioTeachers_Careers/job/Toronto-Canada/Intern---Enterprise-Architecture-and-Emerging-Technologies--May-2026---16-months-_6582?utm_source=Simplify&ref=Simplify,On-site,"Toronto, ON, Canada",Ontario Teachers' Pension Plan,Summer 2026,2025-2026,Other,100-1000,,Summer 2026 internship position
Five Arrows Talent Data Analytics Internship,2025-08-28,https://rothschildandco.tal.net/vx/mobile-0/appcentre-ext/brand-4/spa-1/candidate/so/pm/1/pl/2/opp/825-2025-Five-Arrows-Talent-Data-Analytics-Internship/en-GB?utm_source=Simplify&ref=Simplify,On-site,United Kingdom,Rothschild & Co,Summer 2026,2025-2026,Other,100-1000,,Summer 2026 internship position
ITS Analyst Intern,2025-08-28,https://fa-esgu-saasfaprod1.fa.ocs.oraclecloud.com/hcmUI/CandidateExperience/en/sites/CX_1/jobs/job/19438?utm_source=Simplify&ref=Simplify,On-site,"Minneapolis, MN",Montenson,Summer 2026,2025-2026,Other,100-1000,,Summer 2026 internship position
Data Analyst Internship,2025-08-28,https://apply.workable.com/connectprep/j/BDD172BF52/?utm_source=Simplify&ref=Simplify,On-site,"Westport, CT",ConnectPrep,Summer 2026,2025-2026,Data Science,100-1000,,Summer 2026 internship position
Current Master's - Data Science Internship,2025-08-28,https://capitalone.wd12.myworkdayjobs.com/en-US/Capital_One/job/McLean-VA/Current-Master-s---Data-Science-Internship---Summer-2026_R218620-1?utm_source=Simplify&ref=Simplify,Multiple Locations,"8 locations McLean, VA Cambridge, MA Chicago, IL Richmond, VA Plano, TX San Francisco, CA San Jose, CA New York, NY",Capital One,Summer 2026,2025-2026,Data Science,100-1000,,Summer 2026 internship position
Intern – m/f/d - Optimization & Data Analysis,2025-08-28,https://covestro.wd3.myworkdayjobs.com/cov_external/job/Leverkusen/Praktikant-in--m-w-d--im-Bereich-Verfahrenstechnik---Chemieingenieurwesen-zu-Prozesssimulation--Optimierung---Datenanalyse---mit-Gehaltsangabe_JR-2025-01801?utm_source=Simplify&ref=Simplify,On-site,"Neukirchen-Vluyn, Germany",Covestro,Summer 2026,2025-2026,Other,100-1000,,Summer 2026 internship position
Information Systems – Machine Learning Intern,2025-08-28,https://abb.wd3.myworkdayjobs.com/en-US/external_career_page/job/USA-NC-Cary/Information-Systems---Machine-Learning-Intern_96939910?utm_source=Simplify&ref=Simplify,On-site,"Morrisville, NC",ABB,Summer 2026,2025-2026,Data Science,100-1000,,Summer 2026 internship position
Data Science Apprentice,2025-08-28,https://jobs.grainger.com/job/LAKE-FOREST-Data-Science-Apprentice-(Summer-2026)-IL-60045-5202/1315740400/?ats=successfactors&utm_source=Simplify&ref=Simplify,On-site,"Highland Park, IL",W.W. Grainger,Summer 2026,2025-2026,Data Science,100-1000,,Summer 2026 internship
Campus ML Engineer (Intern),2025-08-28,https://www.jumptrading.com/careers/6916776/?gh_jid=6916776&utm_source=Simplify&ref=Simplify,On-site,"Chicago, IL New York, NY",Jump Trading,Summer 2026,2025-2026,Data Science,100-1000,,Summer 2026 internship position
Software - Machine Learning Intern,2025-08-28,https://tetramem.hrmdirect.com/employment/job-opening.php?req=3404209&utm_source=Simplify&ref=Simplify,On-site,"Fremont, CA",TetraMem,Summer 2026,2025-2026,Data Science,100-1000,,Summer 2026 internship position
Data & Analytics Intern,2025-08-28,https://jobs.smartrecruiters.com/Insightsoftware/744000062500486?utm_source=Simplify&ref=Simplify,On-site,"Raleigh, NC",insightsoftware,Summer 2026,2025-2026,Other,100-1000,,Summer 2026 internship position
Current PhD – Applied Research Internship Program,2025-08-28,https://capitalone.wd12.myworkdayjobs.com/Capital_One/job/New-York-NY/Current-PhD--Applied-Research-Internship-Program---Summer-2026_R218606-1?utm_source=Simplify&ref=Simplify,Multiple Locations,"4 locations Cambridge, MA San Jose, CA McLean, VA New York, NY",Capital One,Summer 2026,2025-2026,Other,100-1000,,Summer 2026 internship - Advanced degree required
Current PhD – Data Science Internship,2025-08-28,https://capitalone.wd12.myworkdayjobs.com/Capital_One/job/McLean-VA/Current-PhD---Data-Science-Internship---Summer-2026_R218625-1?utm_source=Simplify&ref=Simplify,Multiple Locations,"8 locations Cambridge, MA San Francisco, CA San Jose, CA Plano, TX McLean, VA Richmond, VA Chicago, IL New York, NY",Capital One,Summer 2026,2025-2026,Data Science,100-1000,,Summer 2026 internship - Advanced degree required
Intern – Technology Research Assistant/Analyst,2025-08-28,https://careers-cotiviti.icims.com/jobs/16226/job?utm_source=Simplify&ref=Simplify,Remote,Remote in USA,Cotiviti,Summer 2026,2025-2026,Other,100-1000,,Summer 2026 internship position
Technology Rotational Development Program Intern,2025-08-28,https://bristolmyerssquibb.wd5.myworkdayjobs.com/bms/job/Princeton---NJ---US/Technology-Rotational-Development-Program-Intern-Summer-2026_R1594265?utm_source=Simplify&ref=Simplify,On-site,"Princeton, NJ",Bristol Myers Squibb,Summer 2026,2025-2026,Other,100-1000,,Summer 2026 internship position
Data Science Intern,2025-08-28,https://www.databricks.com/company/careers/university-recruiting/data-science-intern-2026-start-6866538002?gh_jid=6866538002&utm_source=Simplify&ref=Simplify,On-site,"Mountain View, CA San Francisco, CA",Databricks,Summer 2026,2025-2026,Data Science,100-1000,,Summer 2026 internship position
Digital & Information Technology – Predictive Data Science Internship,2025-08-28,https://polaris.wd5.myworkdayjobs.com/en-US/PolarisJobs/job/Plymouth-MN-USA/Digital---Information-Technology---Predictive-Data-Science-Internship---Summer-2026_R27021?utm_source=Simplify&ref=Simplify,On-site,"Wayzata, MN South Yankton, NE",Polaris,Summer 2026,2025-2026,Data Science,100-1000,,Summer 2026 internship position
Machine Learning Engineer Intern - Data-Search-Tiktok Recommendation Team - BS/MS,2025-08-28,https://lifeattiktok.com/search/7535234137146444040?utm_source=Simplify&ref=Simplify,On-site,"Seattle, WA",TikTok,Summer 2026,2025-2026,Data Science,10000+,,Summer 2026 internship position
2026 BNY Summer Internship Program - Engineering - Data Science - Early Talent and University Programs,2025-08-28,https://bnymellon.eightfold.ai/careers/job/30606823?utm_source=Simplify&ref=Simplify,On-site,"Pittsburgh, PA Lake Mary, FL New York, NY",Bank of New York Mellon,Summer 2026,2025-2026,Data Science,100-1000,,Summer 2026 internship position
Intern – Year Round - Marketing Data Science & Analytics,2025-08-28,https://fa-etbx-saasfaprod1.fa.ocs.oraclecloud.com/hcmUI/CandidateExperience/en/sites/CX_1001/jobs/job/25975?utm_source=Simplify&ref=Simplify,On-site,"Vienna, VA",Navy Federal,Summer 2026,2025-2026,Data Science,100-1000,,Summer 2026 internship position
Student Researcher Intern - AI-Native Databases - PhD,2025-08-28,https://jobs.bytedance.com/en/position/7535880188522498322/detail?utm_source=Simplify&ref=Simplify,On-site,"Seattle, WA",ByteDance,Summer 2026,2025-2026,Other,10000+,,Summer 2026 internship - Advanced degree required
Issue Discovery Operation Intern - Tiktok-Product-Content Ecosystem - 2026 Summer - BS/MS,2025-08-28,https://lifeattiktok.com/search/7533096917765802258?utm_source=Simplify&ref=Simplify,On-site,"San Jose, CA",TikTok,Summer 2026,2025-2026,Other,10000+,,Summer 2026 internship position
Intern – Land Administration GIS,2025-08-28,https://conocophillips.wd1.myworkdayjobs.com/External/job/Bartlesville-OK/Intern--Land-Administration-GIS-2026_REQ-005151?utm_source=Simplify&ref=Simplify,On-site,"Bartlesville, OK",ConocoPhillips,Summer 2026,2025-2026,Other,100-1000,,Summer 2026 internship position
AI Intern,2025-08-28,https://jobs.ashbyhq.com/Intellistack/0b5662ad-85ac-4d15-a291-f66b396d6c68/application?utm_source=Simplify&ref=Simplify,On-site,"San Francisco, CA Denver, CO",Intellistack,Summer 2026,2025-2026,Data Science,10000+,,Summer 2026 internship position
Machine Learning Engineer Intern - Monetization Technology - Ads Core Global,2025-08-28,https://lifeattiktok.com/search/7532406261142538514?utm_source=Simplify&ref=Simplify,On-site,"San Jose, CA",TikTok,Summer 2026,2025-2026,Data Science,10000+,,Summer 2026 internship position
Software Engineer Intern - Applied Machine Learning-Enterprise,2025-08-28,https://jobs.bytedance.com/en/position/7533042683796097298/detail?utm_source=Simplify&ref=Simplify,On-site,"San Jose, CA",ByteDance,Summer 2026,2025-2026,Data Science,10000+,,Summer 2026 internship position
Data Scientist Intern - Tiktok-Product-Data Science - 2026 Summer - PhD,2025-08-28,https://lifeattiktok.com/search/7533020328604649746?utm_source=Simplify&ref=Simplify,On-site,"San Jose, CA",TikTok,Summer 2026,2025-2026,Data Science,10000+,,Summer 2026 internship - Advanced degree required
Campus Data Engineer – Intern,2025-08-28,https://boards.greenhouse.io/embed/job_app?token=7125399&utm_source=Simplify&ref=Simplify,On-site,"Chicago, IL",Jump Trading,Summer 2026,2025-2026,Data Science,100-1000,,Summer 2026 internship position
Digital Analytics Intern,2025-08-28,https://sunlife.wd3.myworkdayjobs.com/en-US/Campus/job/Toronto-Ontario/Digital-Analytics-Intern--Summer-2026-_JR00114466?utm_source=Simplify&ref=Simplify,On-site,"Toronto, ON, Canada",Sun Life,Summer 2026,2025-2026,Other,100-1000,,Summer 2026 internship position
Data Science Intern,2025-08-28,https://borgwarner.wd5.myworkdayjobs.com/en-US/BorgWarner_Careers/job/Auburn-Hills---Michigan---USA/Data-Science-Intern--Year-Round-_R2025-2865?utm_source=Simplify&ref=Simplify,On-site,"Auburn Hills, MI",BorgWarner,Summer 2026,2025-2026,Data Science,100-1000,,Summer 2026 internship position
Machine Learning Engineer Intern - E-commerce-Supply Chain & Logistics,2025-08-28,https://jobs.bytedance.com/en/position/7535156966491146503/detail?utm_source=Simplify&ref=Simplify,On-site,"Seattle, WA",ByteDance,Summer 2026,2025-2026,Data Science,10000+,,Summer 2026 internship position
Summer Internship Program - Engineering - Data Science,2025-08-28,https://eofe.fa.us2.oraclecloud.com/hcmUI/CandidateExperience/en/sites/CX_1001/jobs/job/68866?utm_source=Simplify&ref=Simplify,On-site,"Pittsburgh, PA Lake Mary, FL NYC",BNY,Summer 2026,2025-2026,Data Science,100-1000,,Summer 2026 internship position
Manufacturing Excellence Co-op Student,2025-08-28,https://aliaxis.wd3.myworkdayjobs.com/aliaxis/job/CA---Oakville-3---Office/Manufacturing-Excellence-Co-op-Student_R-52959-1?utm_source=Simplify&ref=Simplify,On-site,"Oakville, ON, Canada",Alliaxis,Summer 2026,2025-2026,Other,100-1000,,Summer 2026 internship
Computer Vision and Machine Learning Intern,2025-08-28,https://jobs.lever.co/convergentresearch/ae2f38c7-804e-45e0-b4c5-b5c666698d30?utm_source=Simplify&ref=Simplify,On-site,"Watertown, MA",Cultivarium,Summer 2026,2025-2026,Data Science,100-1000,,Summer 2026 internship position
Data Science Intern,2025-08-28,https://altruist.com/join-altruist/5601854004?gh_jid=5601854004&utm_source=Simplify&ref=Simplify,On-site,"San Francisco, CA Culver City, CA",Altruist,Summer 2026,2025-2026,Data Science,100-1000,,Summer 2026 internship position
Mobile Developer Intern (AI / ML),2025-08-28,https://copart.wd12.myworkdayjobs.com/en-US/Copart/details/Mobile-Developer-Intern--AI---ML-_JR104180?workerSubType=642abc1e87ca10098af3a23fe5090000&utm_source=Simplify&ref=Simplify,On-site,"Dallas, TX",Copart,Summer 2026,2025-2026,Data Science,100-1000,,Summer 2026 internship position
2026 Summer Internship Early Interest - Technical Degrees,2025-08-28,https://dexcom.wd1.myworkdayjobs.com/Dexcom/job/San-Diego-California/XMLNAME-2026-Summer-Internship-Early-Interest---Technical-Degrees_JR111757?utm_source=Simplify&ref=Simplify,On-site,"San Diego, CA",Dexcom,Summer 2026,2025-2026,Other,100-1000,,Summer 2026 internship position
Navigation – And Controls Co-Op - Estimation,2025-08-28,https://psu.wd1.myworkdayjobs.com/PSU_Staff/job/Warminster-PA/Navigation--Estimation--and-Controls-Co-Op_REQ_0000066565-1?utm_source=Simplify&ref=Simplify,On-site,"Warminster, PA",PennState University,Summer 2026,2025-2026,Other,100-1000,,Summer 2026 internship
2026 Data Science Analyst Program – Summer Analyst,2025-08-28,https://jpmc.fa.oraclecloud.com/hcmUI/CandidateExperience/en/sites/CX_1002/jobs/job/210648373?utm_source=Simplify&ref=Simplify,Multiple Locations,"5 locations Delaware Dallas, TX Chicago, IL Columbus, OH NYC",Chase,Summer 2026,2025-2026,Data Science,100-1000,,Summer 2026 internship
Data Science Intern - Year-Round,2025-08-28,https://borgwarner.wd5.myworkdayjobs.com/BorgWarner_Careers/job/Auburn-Hills---Michigan---USA/Data-Science-Intern--Year-Round-_R2025-2865?utm_source=Simplify&ref=Simplify,On-site,"Auburn Hills, MI",BorgWarner,Summer 2026,2025-2026,Data Science,100-1000,,Summer 2026 internship position
Agent Development Intern - Marketing and UA Support,2025-08-28,https://tencent.wd1.myworkdayjobs.com/en-US/Tencent_Careers/job/UK-London/Agent-Development-Intern--Marketing-and-UA-Support-_R105863-1?utm_source=Simplify&ref=Simplify,On-site,"London, UK",Tencent,Summer 2026,2025-2026,Other,100-1000,,Summer 2026 internship position
Applied Scientist - AI/ML,2025-08-28,https://jobs.lever.co/WealthFinancialTechnologies/84c7ccc3-774c-47e3-a0e6-696a5e99f537/apply?utm_source=Simplify&ref=Simplify,Remote,Remote in USA,Wealth.com,Summer 2026,2025-2026,Other,100-1000,,Summer 2026 internship
Data Science Intern,2025-08-28,https://asana.com/jobs/apply/7078192?gh_jid=7078192&utm_source=Simplify&ref=Simplify,On-site,"Vancouver, Canada",Asana,Summer 2026,2025-2026,Data Science,100-1000,,Summer 2026 internship position
Computer Vision Intern,2025-08-28,https://jobs.ashbyhq.com/realitydefender/39bb3911-38f3-4db6-9537-0ec90bfb7440?utm_source=Simplify&ref=Simplify,Remote,Global Remote,Reality Defender,Summer 2026,2025-2026,Data Science,100-1000,,Summer 2026 internship position
AI Researcher – Intern,2025-08-28,https://jobs.ashbyhq.com/gimlet/373302e0-c4ab-4fdf-a8be-18ec45e4c5f5/application?utm_source=Simplify&ref=Simplify,On-site,"San Francisco, CA",Gimlet Labs,Summer 2026,2025-2026,Data Science,100-1000,,Summer 2026 internship position
Intern – Research Engineer - Applied AI,2025-08-28,https://jobs.lever.co/Arcade/1c849dd0-e3b5-4f73-bb56-1dc159ec6820/apply?utm_source=Simplify&ref=Simplify,On-site,"San Francisco, CA",Arcade AI,Summer 2026,2025-2026,Data Science,100-1000,,Summer 2026 internship position
GenAI Internship,2025-08-28,https://osv-cci.wd1.myworkdayjobs.com/en-US/CCICareers/job/Houston-TX/GenAI-Internship--Summer-2026-_R1102?utm_source=Simplify&ref=Simplify,On-site,"Houston, TX",Castleton Commodities International,Summer 2026,2025-2026,Data Science,100-1000,,Summer 2026 internship position
"Research Engineer Intern, Applied AI",2025-08-28,https://jobs.lever.co/Arcade/1c849dd0-e3b5-4f73-bb56-1dc159ec6820?utm_source=Simplify&ref=Simplify,On-site,"San Francisco, CA",Arcade,Summer 2026,2025-2026,Data Science,100-1000,,Summer 2026 internship position
Data Analysis Intern,2025-08-28,https://jobs.lever.co/nexthreat.com/b5a5bf65-4057-46f7-b144-2ddff9444ba0/apply?utm_source=Simplify&ref=Simplify,On-site,"Reston, VA",NexThreat,Summer 2026,2025-2026,Other,100-1000,,Summer 2026 internship position
Research Internship,2025-08-28,https://jobs.ashbyhq.com/chainlink-labs/203f6551-100f-42a5-90a6-3bb29e58a9f6/application?utm_source=Simplify&ref=Simplify,Remote,Remote in USA,Chainlink Labs,Summer 2026,2025-2026,Other,100-1000,,Summer 2026 internship position
Fullstack/MLE Intern,2025-08-28,https://jobs.ashbyhq.com/a37/f457c131-1471-464a-9d23-5a9f94714c92?utm_source=Simplify&ref=Simplify,On-site,"San Francisco, CA",a37,Summer 2026,2025-2026,Other,100-1000,,Summer 2026 internship position
Data Analytics Internship,2025-08-28,https://careers.kearneyco.com/jobs/4822?lang=en-us&utm_source=Simplify&ref=Simplify,On-site,"Alexandria, VA",Kearney&Co,Summer 2026,2025-2026,Other,100-1000,,Summer 2026 internship position
Machine Learning Engineer Intern,2025-08-28,https://www.bill.com/job?gh_jid=5588103004&utm_source=Simplify&ref=Simplify,On-site,"Draper, UT San Jose, CA",BILL,Summer 2026,2025-2026,Data Science,10000+,,Summer 2026 internship position
Machine Learning Engineer Intern,2025-08-28,https://www.bill.com/job?5588103004&gh_jid=5588103004&utm_source=Simplify&ref=Simplify,On-site,"San Jose, CA Draper, UT",BILL,Summer 2026,2025-2026,Data Science,10000+,,Summer 2026 internship position
Machine Learning / AI Intern,2025-08-28,https://jobs.apple.com/en-us/details/200606469/machine-learning-ai-internships?team=STDNT&utm_source=Simplify&ref=Simplify,On-site,United States,Apple,Summer 2026,2025-2026,Data Science,10000+,,Summer 2026 internship position
ML Intern,2025-08-28,https://boards.greenhouse.io/embed/job_app?token=6651908&gh_src=be8ebc4b1&utm_source=Simplify&ref=Simplify,On-site,"New York, NY",Tower Research Capital,Summer 2026,2025-2026,Data Science,1000-10000,,Summer 2026 internship position
Machine Learning Research Intern,2025-08-28,https://job-boards.eu.greenhouse.io/imc/jobs/4608584101?utm_source=Simplify&ref=Simplify,On-site,"Chicago, IL",IMC Trading,Summer 2026,2025-2026,Data Science,1000-10000,,Summer 2026 internship position
Research Intern,2025-08-28,https://jobs.lever.co/scanlinevfx/85f377ad-a38e-48f5-8a04-0a53ba584064/apply?utm_source=Simplify&ref=Simplify,On-site,"Los Angeles, CA",Scanline VFX,Summer 2026,2025-2026,Other,1000-10000,,Summer 2026 internship position
Advanced Analytics Summer 2026 Intern,2025-08-28,Closed,On-site,"Cambridge, MA Morristown, NJ",Sanofi,Summer 2026,2025-2026,Other,100-1000,,Summer 2026 internship position
Summer Internship Program 2026,2025-08-28,Closed,On-site,"Monroeville, PA Edison, NJ",Eos Energy Storage,Summer 2026,2025-2026,Other,100-1000,,Summer 2026 internship position
Risk Analytics Intern,2025-08-28,Closed,On-site,"Carmel, IN",Merchants Bank of Indiana,Summer 2026,2025-2026,Quantitative Finance,100-1000,,Summer 2026 internship position
Generative AI Summer Intern,2025-08-28,Closed,On-site,"Greensboro, NC",Arch Capital Group,Summer 2026,2025-2026,Data Science,100-1000,,Summer 2026 internship position
Digital Transformation Co-op - Healthcare Distribution - Sdc,2025-08-28,Closed,On-site,"Markham, ON, Canada",Johnson & Johnson,Summer 2026,2025-2026,Other,100-1000,,Summer 2026 internship
Technology Development Program - AI Engineer Development track - Tdp-AI,2025-08-28,Closed,On-site,"Bethesda, MD",Geico,Summer 2026,2025-2026,Data Science,100-1000,,Summer 2026 internship
2026 Technology and Innovation Internship,2025-08-28,Closed,On-site,"Charlotte, NC Atlanta, GA",Truist,Summer 2026,2025-2026,Other,100-1000,,Summer 2026 internship position
Machine Learning Engineering Intern-AI Agents - 2025 Programme,2025-08-28,Closed,On-site,"Crawley, UK",Viridien,Summer 2026,2025-2026,Data Science,100-1000,,Summer 2026 internship position
Data Analytics Intern,2025-08-28,Closed,On-site,"Long Island City, Queens, NY",Altice USA,Summer 2026,2025-2026,Other,100-1000,,Summer 2026 internship position
Disaster Response Coordination System Intern,2025-08-28,Closed,On-site,"Hampton, VA",Analytical Mechanics Associates,Summer 2026,2025-2026,Other,100-1000,,Summer 2026 internship position
Walt Disney World Transportation Logistics & Analytics Intern,2025-08-28,Closed,On-site,"Celebration, FL",The Walt Disney Company,Summer 2026,2025-2026,Other,10000+,,Summer 2026 internship position
Process & Data Engineering Intern,2025-08-28,Closed,On-site,"Malta, NY",GlobalFoundries,Summer 2026,2025-2026,Data Science,100-1000,,Summer 2026 internship position
Data Analysis Intern,2025-08-28,Closed,On-site,"Cambridge, MA",Draper,Summer 2026,2025-2026,Other,100-1000,,Summer 2026 internship position
2026 Summer Key's Technology – Internship - Operations & Services - Data Track,2025-08-28,Closed,On-site,"Brooklyn, OH",KeyCorp,Summer 2026,2025-2026,Other,100-1000,,Summer 2026 internship position
AI Enablement Intern,2025-08-28,Closed,On-site,"Chicago, IL",CCC Intelligent Solutions,Summer 2026,2025-2026,Data Science,10000+,,Summer 2026 internship position
Former Discover Intern - Data Analyst Associate,2025-08-28,Closed,On-site,"McLean, VA Richmond, VA",Capital One,Summer 2026,2025-2026,Data Science,100-1000,,Summer 2026 internship position
Data Engineer Intern,2025-08-28,Closed,On-site,"Mississauga, ON, Canada",Xylem,Summer 2026,2025-2026,Data Science,100-1000,,Summer 2026 internship position
"Machine Learning Internship, Behaviors Research",2025-08-28,Closed,Remote,"Boston, MA Pittsburgh, PA Remote in USA",Motional AD,Summer 2026,2025-2026,Data Science,100-1000,,Summer 2026 internship position
Digital Technology Intern,2025-08-28,Closed,On-site,"Decatur, AL",GE Appliances,Summer 2026,2025-2026,Other,100-1000,,Summer 2026 internship position
Data Analytics Intern - Academic Year,2025-08-28,Closed,On-site,"Needham, MA",NBCUniversal,Summer 2026,2025-2026,Other,100-1000,,Summer 2026 internship position
Global Monetization Strategy and Analytics Intern - Mso - BS/MS,2025-08-28,Closed,On-site,"New York, NY",TikTok,Summer 2026,2025-2026,Other,10000+,,Summer 2026 internship position
Marketing Analytics Intern,2025-08-28,Closed,On-site,"Lincoln, NE",Hudl,Summer 2026,2025-2026,Other,100-1000,,Summer 2026 internship position
Business Technology Solutions Intern,2025-08-28,Closed,On-site,"Waukegan, IL",AbbVie,Summer 2026,2025-2026,Other,100-1000,,Summer 2026 internship position
Portfolio Analytics Intern,2025-08-28,Closed,On-site,"Boston, MA",HarbourVest,Summer 2026,2025-2026,Quantitative Finance,100-1000,,Summer 2026 internship position
Engineering Co-Op,2025-08-28,Closed,On-site,"Mira Loma, CA",United Parcel Service (UPS),Summer 2026,2025-2026,Software Engineering,100-1000,,Summer 2026 internship
Geospatial Sciences Internship,2025-08-28,Closed,Remote,Remote in USA,UNFPA,Summer 2026,2025-2026,Other,100-1000,,Summer 2026 internship position
2026 Analytics and Data Summer Internship - Early Careers,2025-08-28,Closed,Multiple Locations,"4 locations Des Moines, IA Dallas, TX Charlotte, NC Minneapolis, MN",Wells Fargo,Summer 2026,2025-2026,Other,100-1000,,Summer 2026 internship position
Investment Data Science Intern,2025-08-28,Closed,On-site,NYC,Walleye Capital,Summer 2026,2025-2026,Data Science,100-1000,,Summer 2026 internship position
Data Analyst Intern,2025-08-28,Closed,On-site,"McLean, VA Richmond, VA",Capital One,Summer 2026,2025-2026,Data Science,100-1000,,Summer 2026 internship position
2026 Summer Corporate Intern - Digital and Analytics,2025-08-28,Closed,On-site,"Peoria, IL Chicago, IL Irving, TX",Caterpillar Inc.,Summer 2026,2025-2026,Other,10000+,,Summer 2026 internship position
Lamb Weston Summer Internship Program,2025-08-28,Closed,On-site,"Kennewick, WA",Lamb Weston,Summer 2026,2025-2026,Other,100-1000,,Summer 2026 internship position
Technology Intern,2025-08-28,Closed,On-site,"New York, NY",Walleye Capital,Summer 2026,2025-2026,Other,100-1000,,Summer 2026 internship position
ERP Internship: Rising Senior Technology,2025-08-28,Closed,On-site,"Orlando, FL Philadelphia, PA New York, NY",Comcast,Summer 2026,2025-2026,Other,100-1000,,Summer 2026 internship position
2026 Capital Markets – Global Markets Quantitative Trading Summer Analyst,2025-08-28,https://rbc.wd3.myworkdayjobs.com/rbcglobal1/job/New-York-New-York-United-States-of-America/XMLNAME-2026-Capital-Markets--Global-Markets-Quantitative-Trading-Summer-Analyst_R-0000101066-1?utm_source=Simplify&ref=Simplify,On-site,NYC,Royal Bank of Canada,Summer 2026,2025-2026,Quantitative Finance,100-1000,,Summer 2026 internship
Quantitative Strategy Developer Internship,2025-08-28,https://careers-sig.icims.com/jobs/9532/job?utm_source=Simplify&ref=Simplify,On-site,"Ardmore, PA",Susquehanna International Group (SIG),Summer 2026,2025-2026,Quantitative Finance,100-1000,,Summer 2026 internship position
Algorithmic Trading Internship,2025-08-28,https://job-boards.greenhouse.io/gelbergroup/jobs/4595120006?utm_source=Simplify&ref=Simplify,On-site,"Chicago, IL",Gelber Group,Summer 2026,2025-2026,Quantitative Finance,100-1000,,Summer 2026 internship position
Quantitative Developer Intern,2025-08-28,https://arrowstreetcapital.wd5.myworkdayjobs.com/en-US/Arrowstreet/job/Boston/Quantitative-Developer-Intern--Summer-2026_R1338-1?utm_source=Simplify&ref=Simplify,On-site,"Boston, MA",Arrowstreet Capital,Summer 2026,2025-2026,Quantitative Finance,100-1000,,Summer 2026 internship position
Quantitative Trading Internship,2025-08-28,https://careers-gtsx.icims.com/jobs/1562/job?utm_source=Simplify&ref=Simplify,On-site,"New York, NY",GTS,Summer 2026,2025-2026,Quantitative Finance,100-1000,,Summer 2026 internship position
Fixed Income Software Developer Platform Intern - Investment Management,2025-08-28,https://careersen-mackenzieinvestments.icims.com/jobs/5628/job?utm_source=Simplify&ref=Simplify,On-site,"Toronto, ON, Canada",Mackenzie Investments,Summer 2026,2025-2026,Quantitative Finance,100-1000,,Summer 2026 internship position
Quantitative Researcher Intern,2025-08-28,https://job-boards.greenhouse.io/engineersgate/jobs/7182973?utm_source=Simplify&ref=Simplify,On-site,"New York, NY",Engineers Gate,Summer 2026,2025-2026,Quantitative Finance,100-1000,,Summer 2026 internship position
Quant Trading Internship,2025-08-28,https://job-boards.greenhouse.io/chicagotradingcampus/jobs/4599853005?utm_source=Simplify&ref=Simplify,On-site,"London, UK",Chicago Trading Company,Summer 2026,2025-2026,Quantitative Finance,100-1000,,Summer 2026 internship position
Capital Markets Intern,2025-08-28,https://freddiemac.wd5.myworkdayjobs.com/External/job/McLean-VA/Capital-Markets-Intern_JR16006?utm_source=Simplify&ref=Simplify,On-site,"McLean, VA",Freddie Mac,Summer 2026,2025-2026,Quantitative Finance,100-1000,,Summer 2026 internship position
2026 – Summer Analyst - FICC and Equities - Sales and Trading - Quantitative Strats,2025-08-28,https://higher.gs.com/roles/152578?type=students&utm_source=Simplify&ref=Simplify,On-site,"Salt Lake City, UT",Goldman Sachs,Summer 2026,2025-2026,Quantitative Finance,10000+,,Summer 2026 internship
Quantitative Developer Intern,2025-08-28,https://job-boards.greenhouse.io/blackedgecapital/jobs/4596128005?utm_source=Simplify&ref=Simplify,On-site,"Chicago, IL",BlackEdge Capital,Summer 2026,2025-2026,Quantitative Finance,100-1000,,Summer 2026 internship position
Intern – Investments - Total Fund Management - Global Trading,2025-08-28,https://otppb.wd3.myworkdayjobs.com/OntarioTeachers_Careers/job/Toronto-Canada/Intern---Investments--Total-Fund-Management--Global-Trading--Summer-2026---4-Month-Contract-_6562?utm_source=Simplify&ref=Simplify,On-site,"Toronto, ON, Canada",Ontario Teachers' Pension Plan,Summer 2026,2025-2026,Quantitative Finance,100-1000,,Summer 2026 internship position
Investment Analyst Intern,2025-08-28,https://fa-esgu-saasfaprod1.fa.ocs.oraclecloud.com/hcmUI/CandidateExperience/en/sites/CX_1/jobs/job/19439?utm_source=Simplify&ref=Simplify,On-site,"Minneapolis, MN",Montenson,Summer 2026,2025-2026,Quantitative Finance,100-1000,,Summer 2026 internship position
Quantitative Trader Intern,2025-08-28,https://job-boards.greenhouse.io/blackedgecapital/jobs/4590418005?utm_source=Simplify&ref=Simplify,On-site,"Chicago, IL",BlackEdge Capital,Summer 2026,2025-2026,Quantitative Finance,100-1000,,Summer 2026 internship position
Investments AI & Data Summer Internship Program - AI & DS Team,2025-08-28,https://careers.newyorklife.com/careers?location=New%20York%2C%20New%20York%2C%20US&pid=30591072&domain=newyorklife.com&sort_by=relevance&utm_source=Simplify&ref=Simplify,On-site,"New York, NY",New York Life,Summer 2026,2025-2026,Data Science,100-1000,,Summer 2026 internship position
Investment & Trading – Intern,2025-08-28,https://www.citadel.com/careers/details/investment-trading-intern-europe/?utm_source=Simplify&ref=Simplify,On-site,"London, UK Paris, France",Citadel,Summer 2026,2025-2026,Quantitative Finance,100-1000,,Summer 2026 internship position
Risk Analytics and Decision Science (PhD),2025-08-28,https://wf.wd1.myworkdayjobs.com/en-US/wellsfargojobs/job/CHARLOTTE-NC/XMLNAME-2026-Quantitative-Analytics-Summer-Internship-Risk-Analytics-and-Decision-Science--PhD----Early-Careers_R-481497?utm_source=Simplify&ref=Simplify,On-site,"Charlotte, NC",Wells Fargo,Summer 2026,2025-2026,Quantitative Finance,100-1000,,Summer 2026 internship - Advanced degree required
2026 Quantitative Analytics Summer Internship Capital Markets - PhD - Early Careers,2025-08-28,https://wd1.myworkdaysite.com/recruiting/wf/WellsFargoJobs/job/CHARLOTTE-NC/XMLNAME-2026-Quantitative-Analytics-Summer-Internship-Capital-Markets--PhD----Early-Careers_R-481514?utm_source=Simplify&ref=Simplify,On-site,"Charlotte, NC",Wells Fargo,Summer 2026,2025-2026,Quantitative Finance,100-1000,,Summer 2026 internship - Advanced degree required
2026 Quantitative Analytics Summer Internship Risk Analytics and Decision Science - PhD - Early Careers,2025-08-28,https://wd1.myworkdaysite.com/recruiting/wf/WellsFargoJobs/job/CHARLOTTE-NC/XMLNAME-2026-Quantitative-Analytics-Summer-Internship-Risk-Analytics-and-Decision-Science--PhD----Early-Careers_R-481497?utm_source=Simplify&ref=Simplify,On-site,"Charlotte, NC",Wells Fargo,Summer 2026,2025-2026,Quantitative Finance,100-1000,,Summer 2026 internship - Advanced degree required
Quantitative Trading Intern,2025-08-28,https://jobs.lever.co/belvederetrading/ec52b73e-54b8-4f87-909d-a74cb288dc4d/apply?utm_source=Simplify&ref=Simplify,On-site,"Chicago, IL",Belvedere Trading,Summer 2026,2025-2026,Quantitative Finance,100-1000,,Summer 2026 internship position
Campus Quantitative Researcher,2025-08-28,https://www.jumptrading.com/careers/7026718/?gh_jid=7026718&utm_source=Simplify&ref=Simplify,On-site,"New York, NY Chicago, IL",Jump Trading,Summer 2026,2025-2026,Quantitative Finance,100-1000,,Summer 2026 internship
Algorithm Development – PhD Internship - Quant Research,2025-08-28,https://www.hudsonrivertrading.com/careers/job/?gh_jid=7142685&utm_source=Simplify&ref=Simplify,On-site,"New York, NY",Hudson River Trading,Summer 2026,2025-2026,Quantitative Finance,100-1000,,Summer 2026 internship - Advanced degree required
Quantitative Analyst Intern,2025-08-28,https://jobs.ashbyhq.com/Talos-Trading/0c150c16-ed0e-4f21-81d6-e85f67437f00?utm_source=Simplify&ref=Simplify,On-site,"New York, NY",Talos Trading,Summer 2026,2025-2026,Quantitative Finance,100-1000,,Summer 2026 internship position
Quant Trading Internship,2025-08-28,https://job-boards.greenhouse.io/chicagotradingcampus/jobs/4593774005?utm_source=Simplify&ref=Simplify,On-site,"Chicago, IL",Chicago Trading Company,Summer 2026,2025-2026,Quantitative Finance,100-1000,,Summer 2026 internship position
Quantitative Engineering Intern,2025-08-28,https://altruist.com/join-altruist/5601829004?gh_jid=5601829004&utm_source=Simplify&ref=Simplify,On-site,"San Francisco, CA",Altruist,Summer 2026,2025-2026,Quantitative Finance,100-1000,,Summer 2026 internship position
2026 Summer Internship - Trading - DV Commodities,2025-08-28,https://job-boards.greenhouse.io/dvtrading/jobs/4589597005?utm_source=Simplify&ref=Simplify,On-site,"New York, NY",DV Trading,Summer 2026,2025-2026,Quantitative Finance,100-1000,,Summer 2026 internship position
Campus Quantitative Researcher – Intern,2025-08-28,https://boards.greenhouse.io/embed/job_app?token=6758938&utm_source=Simplify&ref=Simplify,On-site,"London, UK",Jump Trading,Summer 2026,2025-2026,Quantitative Finance,100-1000,,Summer 2026 internship position
"Portfolio Implementation, Trading and Portfolio Finance Summer Analyst",2025-08-28,https://careers.aqr.com/jobs/open-positions/greenwich-ct/2026-portfolio-implementation-trading-and-portfolio-finance-summer-analyst/7022101?gh_jid=7022101#/&utm_source=Simplify&ref=Simplify,On-site,"Greenwich, CT",AQR,Summer 2026,2025-2026,Quantitative Finance,100-1000,,Summer 2026 internship
Intern Quant Researcher,2025-08-28,https://www.squarepoint-capital.com/open-opportunities?id=243853&utm_source=Simplify&ref=Simplify,On-site,"New York, NY",Squarepoint,Summer 2026,2025-2026,Quantitative Finance,1000-10000,,Summer 2026 internship position
Algorithm Development – Internship - Quant Research,2025-08-28,https://www.hudsonrivertrading.com/careers/job/?gh_jid=6998811&utm_source=Simplify&ref=Simplify,On-site,"New York, NY",Hudson River Trading,Summer 2026,2025-2026,Quantitative Finance,100-1000,,Summer 2026 internship position
Internship - Quantitative Trading,2025-08-28,https://job-boards.greenhouse.io/virtu/jobs/7848562002?utm_source=Simplify&ref=Simplify,On-site,"Austin, TX Chicago, IL New York, NY",Virtu Financial,Summer 2026,2025-2026,Quantitative Finance,100-1000,,Summer 2026 internship position
MSIM-Portfolio Solutions-Quant Generalist-Intern,2025-08-28,https://ms.wd5.myworkdayjobs.com/External/job/New-York-New-York-United-States-of-America/MSIM--Portfolio-Solutions--Quant-Generalist--Intern_JR017183?utm_source=Simplify&ref=Simplify,On-site,"New York, NY",Morgan Stanley,Summer 2026,2025-2026,Quantitative Finance,10000+,,Summer 2026 internship position
Central Risk Book – Quant Research Intern - Crb,2025-08-28,https://job-boards.greenhouse.io/walleyecapital-external-internships/jobs/4565272006?utm_source=Simplify&ref=Simplify,On-site,"New York, NY",Walleye Capital,Summer 2026,2025-2026,Quantitative Finance,100-1000,,Summer 2026 internship position
Trading Operations Analyst Intern,2025-08-28,https://optiver.com/working-at-optiver/career-opportunities/8078284002/?gh_jid=8078284002&utm_source=Simplify&ref=Simplify,On-site,"Chicago, IL",Optiver,Summer 2026,2025-2026,Quantitative Finance,100-1000,,Summer 2026 internship position
Quantitative Researcher,2025-08-28,https://careers.twosigma.com/careers/JobDetail/New-York-New-York-United-States-Quantitative-Researcher-Internship-2026-Summer/13257?utm_source=Simplify&ref=Simplify,On-site,"New York, NY",Two Sigma,Summer 2026,2025-2026,Quantitative Finance,100-1000,,Summer 2026 internship
Quantitative Research,2025-08-28,https://akunacapital.com/job-details?gh_jid=7055793&utm_source=Simplify&ref=Simplify,On-site,"Chicago, IL",Akuna Capital,Summer 2026,2025-2026,Quantitative Finance,100-1000,,Summer 2026 internship
Quant Trading,2025-08-28,https://job-boards.greenhouse.io/ctccampusboard/jobs/4543280005?utm_source=Simplify&ref=Simplify,On-site,"Chicago, IL",CTC,Summer 2026,2025-2026,Quantitative Finance,100-1000,,Summer 2026 internship
Quantitative Trader,2025-08-28,https://job-boards.greenhouse.io/fiveringsllc/jobs/4613451008?utm_source=Simplify&ref=Simplify,On-site,"New York, NY",Five Rings,Summer 2026,2025-2026,Quantitative Finance,100-1000,,Summer 2026 internship
Investment Engineer Intern,2025-08-28,https://job-boards.greenhouse.io/bwaltpostings/jobs/7950099002?utm_source=Simplify&ref=Simplify,On-site,"New York, NY",Bridgewater Associates,Summer 2026,2025-2026,Quantitative Finance,100-1000,,Summer 2026 internship position
Quantitative Development & Strategy Intern,2025-08-28,https://www.akunacapital.com/job-details?gh_jid=7065132&utm_source=Simplify&ref=Simplify,On-site,"Chicago, IL",Akuna Capital,Summer 2026,2025-2026,Quantitative Finance,100-1000,,Summer 2026 internship position
Credit & Rates Rotational Trading Intern,2025-08-28,https://www.citadelsecurities.com/careers/details/credit-rates-rotational-trading-intern-us/?utm_source=Simplify&ref=Simplify,On-site,"New York, NY",Citadel Securities,Summer 2026,2025-2026,Quantitative Finance,100-1000,,Summer 2026 internship position
Quantitative Trader Intern,2025-08-28,https://www.tower-research.com/open-positions/?gh_jid=7062358&utm_source=Simplify&ref=Simplify,On-site,"New York, NY",Tower Research Capital,Summer 2026,2025-2026,Quantitative Finance,1000-10000,,Summer 2026 internship position
Quantitative Researcher Intern,2025-08-28,https://job-boards.greenhouse.io/walleyecapital-external-internships/jobs/4565293006?utm_source=Simplify&ref=Simplify,On-site,"Boston, MA",Walleye Capital,Summer 2026,2025-2026,Quantitative Finance,100-1000,,Summer 2026 internship position
Quantitative Research Intern,2025-08-28,https://voloridge-investment-management.hiringthing.com/job/889639/quantitative-research-intern-2026?utm_source=Simplify&ref=Simplify,On-site,"Jupiter, FL",Voloridge,Summer 2026,2025-2026,Quantitative Finance,100-1000,,Summer 2026 internship position
Quantitative Systematic Trading Intern,2025-08-28,https://careers.sig.com/job/9304/Quantitative-Systematic-Trading-Internship-PhD-Summer-2026?utm_source=Simplify&ref=Simplify,On-site,"Bala Cynwyd, PA",Susquehanna,Summer 2026,2025-2026,Quantitative Finance,100-1000,,Summer 2026 internship position
Quantitative Technologist Intern,2025-08-28,https://boards.greenhouse.io/embed/job_app?token=7842108002&utm_source=Simplify&ref=Simplify,On-site,"Chicago, IL",Radix Trading,Summer 2026,2025-2026,Quantitative Finance,100-1000,,Summer 2026 internship position
Quantitative Research Intern (NLP),2025-08-28,https://careers.point72.com/CSJobDetail?jobName=quantitative-research-intern-nlp-&jobCode=CSS-0013383&utm_source=Simplify&ref=Simplify,On-site,"New York, NY",Point72,Summer 2026,2025-2026,Data Science,100-1000,,Summer 2026 internship position
Quantitative Research Intern,2025-08-28,https://optiver.com/working-at-optiver/career-opportunities/7832160002/?utm_source=Simplify&ref=Simplify,On-site,"Chicago, IL",Optiver,Summer 2026,2025-2026,Quantitative Finance,100-1000,,Summer 2026 internship position
"Quantitative Research Intern, Trading",2025-08-28,https://www.imc.com/us/careers/jobs/4580808101?utm_source=Simplify&ref=Simplify,On-site,"Chicago, IL",IMC,Summer 2026,2025-2026,Quantitative Finance,100-1000,,Summer 2026 internship position
Proprietary Trading Intern,2025-08-28,https://www.deshaw.com/careers/proprietary-trading-intern-new-york-summer-2026-5379?utm_source=Simplify&ref=Simplify,On-site,"New York, NY",D. E. Shaw,Summer 2026,2025-2026,Quantitative Finance,100-1000,,Summer 2026 internship position
Quantitative Analyst Intern,2025-08-28,https://jobs.citi.com/job/new-york/markets-quantitative-analysis-summer-analyst-new-york-city-us-2026/287/77659897200?utm_source=Simplify&ref=Simplify,On-site,"New York, NY",Citi,Summer 2026,2025-2026,Quantitative Finance,100-1000,,Summer 2026 internship position
Trading Fundamental Analyst Intern,2025-08-28,https://www.citadelsecurities.com/careers/details/campus-26-trading-fundamental-analyst-intern-us/?utm_source=Simplify&ref=Simplify,On-site,"Miami, FL New York, NY",Citadel Securities,Summer 2026,2025-2026,Quantitative Finance,100-1000,,Summer 2026 internship position
Quantitative Research Analyst Intern,2025-08-28,https://www.citadel.com/careers/details/quantitative-research-analyst-intern-bs-ms-us/?utm_source=Simplify&ref=Simplify,On-site,"Greenwich, CT Miami, FL New York, NY",Citadel,Summer 2026,2025-2026,Quantitative Finance,100-1000,,Summer 2026 internship position
Quant Research & Trading Intern,2025-08-28,https://group.bnpparibas/en/careers/job-offer/2026-summer-associate-internship-global-markets-quantitative-research-and-trading-1?utm_source=Simplify&ref=Simplify,On-site,"New York, NY",BNP Paribas,Summer 2026,2025-2026,Quantitative Finance,100-1000,,Summer 2026 internship position
Quantitative Data Analytics Summer Analyst Intern,2025-08-28,https://careers.bankofamerica.com/en-us/students/job-detail/12929/global-quantitative-data-analytics-summer-2026-analyst-global-risk-management-multiple-locations?utm_source=Simplify&ref=Simplify,Multiple Locations,"4 locations Atlanta, GA Charlotte, NC Chicago, IL New York, NY",Bank of America,Summer 2026,2025-2026,Quantitative Finance,100-1000,,Summer 2026 internship position
Quantitative Research Intern,2025-08-28,https://optiver.com/working-at-optiver/career-opportunities/7967593002/?gh_jid=7967593002&utm_source=Simplify&ref=Simplify,On-site,"Austin, TX",Optiver,Summer 2026,2025-2026,Quantitative Finance,100-1000,,Summer 2026 internship position
Quantitative Research Intern - BS/MS,2025-08-28,https://job-boards.eu.greenhouse.io/imc/jobs/4580808101?utm_source=Simplify&ref=Simplify,On-site,"Chicago, IL",IMC Trading,Summer 2026,2025-2026,Quantitative Finance,1000-10000,,Summer 2026 internship position
Quantitative Trader Intern,2025-08-28,https://job-boards.greenhouse.io/transmarketgroup/jobs/4749915007?gh_jid=4749915007&utm_source=Simplify&ref=Simplify,On-site,"Chicago, IL",TransMarket Group,Summer 2026,2025-2026,Quantitative Finance,100-1000,,Summer 2026 internship position
Algorithmic Trader Intern,2025-08-28,https://job-boards.greenhouse.io/transmarketgroup/jobs/4749906007?gh_jid=4749906007&utm_source=Simplify&ref=Simplify,On-site,"Chicago, IL",TransMarket Group,Summer 2026,2025-2026,Quantitative Finance,100-1000,,Summer 2026 internship position
Trading Intern,2025-08-28,Closed,On-site,"Berkeley, CA",The Voleon Group,Summer 2026,2025-2026,Quantitative Finance,100-1000,,Summer 2026 internship position
Capital Markets Intern,2025-08-28,Closed,On-site,"Carmel, IN",Merchants Bank of Indiana,Summer 2026,2025-2026,Quantitative Finance,100-1000,,Summer 2026 internship position
Trading Intern,2025-08-28,Closed,On-site,"New York, NY",Flow Traders,Summer 2026,2025-2026,Quantitative Finance,100-1000,,Summer 2026 internship position
Internship Risk Analytics and Decision Science (Masters),2025-08-28,Closed,On-site,"Charlotte, NC",Wells Fargo,Summer 2026,2025-2026,Quantitative Finance,100-1000,,Summer 2026 internship - Advanced degree required
Capital Markets Summer Intern-Investment Grade Sales & Trading,2025-08-28,Closed,On-site,"Charlotte, NC",U.S. Bank,Summer 2026,2025-2026,Quantitative Finance,100-1000,,Summer 2026 internship position
Quantitative Developer Internship,2025-08-28,Closed,On-site,"New York, NY",Blockhouse,Summer 2026,2025-2026,Quantitative Finance,100-1000,,Summer 2026 internship position
Summer Intern - Quantitative Research Analyst,2025-08-28,Closed,On-site,NYC,Five Rings Capital,Summer 2026,2025-2026,Quantitative Finance,100-1000,,Summer 2026 internship position
Risk Quant Research Intern,2025-08-28,Closed,On-site,"New York, NY",Walleye Capital,Summer 2026,2025-2026,Quantitative Finance,100-1000,,Summer 2026 internship position
Software Engineering Intern,2025-08-28,https://www.samsara.com/company/careers/roles/7179025?gh_jid=7179025&utm_source=Simplify&ref=Simplify,On-site,SF,Samsara,Summer 2026,2025-2026,Software Engineering,100-1000,,Summer 2026 internship position
Design Engineering Internship,2025-08-28,https://egup.fa.us2.oraclecloud.com/hcmUI/CandidateExperience/en/sites/CX/job/20258307?utm_source=Simplify&ref=Simplify,On-site,"Delaware, OH Fort Lauderdale, FL Huntsville, AL",Vertiv,Summer 2026,2025-2026,Software Engineering,100-1000,,Summer 2026 internship position
Electrical Hardware Engineering Intern,2025-08-28,https://hpe.wd5.myworkdayjobs.com/Jobsathpe/job/Houston-Texas-United-States-of-America/Electrical-Hardware-Engineering-Intern_1192939?utm_source=Simplify&ref=Simplify,On-site,"Houston, TX",Hewlett Packard Enterprise,Summer 2026,2025-2026,Hardware Engineering,100-1000,,Summer 2026 internship position
Product Engineer Prod Dev Intern,2025-08-28,https://analogdevices.wd1.myworkdayjobs.com/en-US/External/job/US-MA-Wilmington/Product-Engineer-Prod-Dev-Intern_R255239?utm_source=Simplify&ref=Simplify,On-site,"Burlington, MA",Analog Devices,Summer 2026,2025-2026,Software Engineering,100-1000,,Summer 2026 internship position
Hardware Engineer I – Intern,2025-08-28,https://jobs.cisco.com/jobs/ProjectDetail/Hardware-Engineer-I-Intern-United-States/1447911?utm_source=Simplify&ref=Simplify,On-site,"San Jose, CA",Cisco,Summer 2026,2025-2026,Hardware Engineering,100-1000,,Summer 2026 internship position
Embedded Software Engineering Intern,2025-08-28,https://job-boards.greenhouse.io/verkada/jobs/4840383007?utm_source=Simplify&ref=Simplify,On-site,"San Mateo, CA",Verkada,Summer 2026,2025-2026,Hardware Engineering,100-1000,,Summer 2026 internship position
Software Engineering Intern Level D,2025-08-28,"https://jobs.l3harris.com/job/Sunrise-Software-Engineering-Intern-Level-D-(Sunrise,-FL)-FL-33323/1320434700/?ats=successfactors&utm_source=Simplify&ref=Simplify",On-site,"Plantation, FL",L3Harris Technologies,Summer 2026,2025-2026,Software Engineering,100-1000,,Summer 2026 internship position
Software Engineering Co-op,2025-08-28,https://job-boards.greenhouse.io/sharkninjaoperatingllc/jobs/4596348006?utm_source=Simplify&ref=Simplify,On-site,"Goodlettsville, TN",SharkNinja,Summer 2026,2025-2026,Software Engineering,100-1000,,Summer 2026 internship
Application Engineering Intern,2025-08-28,https://abb.wd3.myworkdayjobs.com/en-US/external_career_page/job/Milwaukee-Wisconsin-United-States-of-America/Application-Engineering-Intern-Milwaukee-Summer-2026_JR00008133?utm_source=Simplify&ref=Simplify,On-site,"Milwaukee, WI",ABB,Summer 2026,2025-2026,Software Engineering,100-1000,,Summer 2026 internship position
Device Engineering Intern,2025-08-28,https://careers.qorvo.com/job/Richardson-Device-Engineering-Intern-TX-75081/1320412100/?ats=successfactors&utm_source=Simplify&ref=Simplify,On-site,"Richardson, TX",Qorvo,Summer 2026,2025-2026,Software Engineering,100-1000,,Summer 2026 internship position
Embedded Firmware-Summer/Fall Co-Op,2025-08-28,https://careers.skyworksinc.com/job/Hillsboro-Embedded-Firmware-SummerFall-Co-Op-(2026)-OR-97006/1319964300/?ats=successfactors&utm_source=Simplify&ref=Simplify,On-site,"Hillsboro, OR",Skyworks,Summer 2026,2025-2026,Hardware Engineering,100-1000,,Summer 2026 internship
Intern – Systems Software,2025-08-28,https://micron.wd1.myworkdayjobs.com/External/job/Austin-TX/Intern---Systems-Software_JR81642?utm_source=Simplify&ref=Simplify,On-site,"Austin, TX",Micron Technology,Summer 2026,2025-2026,Other,100-1000,,Summer 2026 internship position
Internship - FMCW Lidar Characterization,2025-08-28,https://jobs.ashbyhq.com/voyant-photonics/39b567c9-31c1-46d0-b2ad-915ff272d89a/application?utm_source=Simplify&ref=Simplify,On-site,NYC,Voyant Photonics,Summer 2026,2025-2026,Other,100-1000,,Summer 2026 internship position
Embedded Software Developer Co-op 1,2025-08-28,https://jobs.l3harris.com/job/Waterdown-Embedded-Software-Developer-Co-op-1-ON-L9H-0C5/1319814300/?ats=successfactors&utm_source=Simplify&ref=Simplify,On-site,"Hamilton, ON, Canada",L3Harris Technologies,Summer 2026,2025-2026,Hardware Engineering,100-1000,,Summer 2026 internship
Development Project Intern,2025-08-28,https://qtsdatacenters.wd5.myworkdayjobs.com/en-US/qts/job/Atlanta-GA/Summer-2026-Development-Project-Intern_R2025-0951?utm_source=Simplify&ref=Simplify,On-site,"Atlanta, GA",QTS,Summer 2026,2025-2026,Other,100-1000,,Summer 2026 internship position
Product Engineering Intern,2025-08-28,https://careers.qorvo.com/job/Hillsboro-Product-Engineering-Intern-OR-97124/1319685000/?ats=successfactors&utm_source=Simplify&ref=Simplify,On-site,"Hillsboro, OR",Qorvo,Summer 2026,2025-2026,Software Engineering,100-1000,,Summer 2026 internship position
Platform Hardware and Systems Engineering – Intern,2025-08-28,https://intel.wd1.myworkdayjobs.com/en-us/external/job/US-Oregon-Hillsboro/Platform-Hardware-and-Systems-Engineering---Intern--Bachelor-s_JR0276776?utm_source=Simplify&ref=Simplify,Multiple Locations,"5 locations Austin, TX Santa Clara, CA Hillsboro, OR Folsom, CA Phoenix, AZ",Intel,Summer 2026,2025-2026,Hardware Engineering,10000+,,Summer 2026 internship position
Product Engineering Intern,2025-08-28,https://careers.qorvo.com/job/Greensboro-Product-Engineering-Intern-NC-27409/1319275800/?ats=successfactors&utm_source=Simplify&ref=Simplify,On-site,"Greensboro, NC",Qorvo,Summer 2026,2025-2026,Software Engineering,100-1000,,Summer 2026 internship position
Firmware Engineer Intern,2025-08-28,https://jobs.smartrecruiters.com/VeoliaEnvironnementSA/744000077455500?utm_source=Simplify&ref=Simplify,On-site,"Montreal, QC, Canada",Veolia,Summer 2026,2025-2026,Hardware Engineering,100-1000,,Summer 2026 internship position
Software Engineering – Intern - Bachelor’s,2025-08-28,https://intel.wd1.myworkdayjobs.com/en-us/external/job/US-Oregon-Hillsboro/Software-Engineering----Intern--Bachelor-s_JR0276773?utm_source=Simplify&ref=Simplify,Multiple Locations,"5 locations Austin, TX Santa Clara, CA Hillsboro, OR Folsom, CA Phoenix, AZ",Intel,Summer 2026,2025-2026,Software Engineering,10000+,,Summer 2026 internship position
Operations Test Engineering – Hardware Co-op,2025-08-28,"https://jobs.l3harris.com/job/Waterdown-Operations-Test-Engineering,-Hardware-Co-op-ON-L9H-0C5/1319051300/?ats=successfactors&utm_source=Simplify&ref=Simplify",On-site,"Hamilton, ON, Canada",L3Harris Technologies,Summer 2026,2025-2026,Hardware Engineering,100-1000,,Summer 2026 internship
Firmware Intern,2025-08-28,https://jobs-legrand.icims.com/jobs/9473/job?utm_source=Simplify&ref=Simplify,On-site,"Carlsbad, CA",Legrand NA,Summer 2026,2025-2026,Hardware Engineering,100-1000,,Summer 2026 internship position
Hardware Engineer intern,2025-08-28,https://hpe.wd5.myworkdayjobs.com/Jobsathpe/job/Spring-Texas-United-States-of-America/Hardware-Engineer-intern_1192886?utm_source=Simplify&ref=Simplify,On-site,"Spring, TX",Hewlett Packard Enterprise,Summer 2026,2025-2026,Hardware Engineering,100-1000,,Summer 2026 internship position
Applied Systems Engineering Coop,2025-08-28,https://jobs.l3harris.com/job/Waterdown-Applied-Systems-Engineering-Coop-ON-L9H-0C5/1319055300/?ats=successfactors&utm_source=Simplify&ref=Simplify,On-site,"Hamilton, ON, Canada",L3Harris Technologies,Summer 2026,2025-2026,Hardware Engineering,100-1000,,Summer 2026 internship
Product Engineer Co-Op,2025-08-28,https://careers.skyworksinc.com/job/Irvine-Product-Engineer-Co-Op-(SummerFall-2026)-CA-92602/1318613700/?ats=successfactors&utm_source=Simplify&ref=Simplify,On-site,"Irvine, CA",Skyworks,Summer 2026,2025-2026,Software Engineering,100-1000,,Summer 2026 internship
IC Development – Summer Intern - Software,2025-08-28,https://careers.skyworksinc.com/job/Austin-IC-Development-(Software)-Summer-Intern-(May-'26-Aug-'26)-TX-73301/1318385200/?ats=successfactors&utm_source=Simplify&ref=Simplify,On-site,"Austin, TX",Skyworks,Summer 2026,2025-2026,Other,100-1000,,Summer 2026 internship position
Software Development Engineer Intern - Storage-HDFS - BS/ MS,2025-08-28,https://jobs.bytedance.com/en/position/7539978900564281618/detail?utm_source=Simplify&ref=Simplify,On-site,"Seattle, WA",ByteDance,Summer 2026,2025-2026,Software Engineering,10000+,,Summer 2026 internship position
Timing Customer Applications Summer Intern - Hardware - May-Aug,2025-08-28,https://careers.skyworksinc.com/job/Austin-Timing-Customer-Applications-Summer-Intern-(Hardware)-May'26-Aug-'26-TX-73301/1317296000/?ats=successfactors&utm_source=Simplify&ref=Simplify,On-site,"Austin, TX",Skyworks,Summer 2026,2025-2026,Hardware Engineering,100-1000,,Summer 2026 internship position
Firmware Engineer Intern,2025-08-28,https://careers.hpe.com/us/en/job/HPE1US1192958EXTERNALENUS/Firmware-Engineer-Intern?utm_source=Simplify&ref=Simplify,On-site,"Spring, TX",Hewlett Packard Enterprise,Summer 2026,2025-2026,Hardware Engineering,100-1000,,Summer 2026 internship position
Network Software Development Engineer Intern - Network Switch,2025-08-28,https://jobs.bytedance.com/en/position/7537156195199551751/detail?utm_source=Simplify&ref=Simplify,On-site,"Seattle, WA",ByteDance,Summer 2026,2025-2026,Software Engineering,10000+,,Summer 2026 internship position
Application Engineer COOP,2025-08-28,https://flowserve.wd1.myworkdayjobs.com/applied/job/Pasadena-Texas-US/On-Site-Application-Engineer-COOP_R-15896?utm_source=Simplify&ref=Simplify,On-site,"South Houston, TX",Flowserve,Summer 2026,2025-2026,Software Engineering,100-1000,,Summer 2026 internship
Software - Embedded Intern,2025-08-28,https://tetramem.hrmdirect.com/employment/job-opening.php?req=3491042&utm_source=Simplify&ref=Simplify,On-site,"San Jose, CA",TetraMem,Summer 2026,2025-2026,Hardware Engineering,100-1000,,Summer 2026 internship position
Optics-Physics Sensor Engineering Co-op,2025-08-28,https://draper.wd5.myworkdayjobs.com/Draper_Careers/job/Cambridge-MA/Optics-Physics-Sensor-Engineering-Co-op_JR001535?utm_source=Simplify&ref=Simplify,On-site,"Cambridge, MA",Draper,Summer 2026,2025-2026,Software Engineering,100-1000,,Summer 2026 internship
3D Advanced Heterogeneous Integration Development Intern,2025-08-28,https://globalfoundries.wd1.myworkdayjobs.com/External/job/USA---New-York---Malta/XMLNAME-3D-Advanced-Heterogeneous-Integration-Development-Intern--Summer-2026-_JR-2502799?utm_source=Simplify&ref=Simplify,On-site,"Malta, NY",GlobalFoundries,Summer 2026,2025-2026,Other,100-1000,,Summer 2026 internship position
Summer Internship,2025-08-28,https://sec.wd3.myworkdayjobs.com/en-US/Samsung_Careers/job/12100-Samsung-Blvd-Austin-TX-USA/XMLNAME-2026-Summer-Internship_R107280?utm_source=Simplify&ref=Simplify,On-site,"Austin, TX",Samsung,Summer 2026,2025-2026,Other,100-1000,,Summer 2026 internship position
"Systems Engineer, Collision Avoidance, Autonomy & Robotics",2025-08-28,https://www.tesla.com/careers/search/job/247480?utm_source=Simplify&ref=Simplify,On-site,"Palo Alto, CA",Tesla,Summer 2026,2025-2026,Hardware Engineering,10000+,,Summer 2026 internship
Intelligent Camera Effects Software Engineer Intern - Effect-Tiktok,2025-08-28,https://lifeattiktok.com/search/7533023896800495890?utm_source=Simplify&ref=Simplify,On-site,"San Jose, CA",TikTok,Summer 2026,2025-2026,Software Engineering,10000+,,Summer 2026 internship position
Engineering Intern Summer 2026,2025-08-28,https://medtronic.wd1.myworkdayjobs.com/MedtronicCareers/job/Minneapolis-Minnesota-United-States-of-America/Engineering-Intern-Summer-2026---Candidates-Attending-2025-SHPE-National-Convention_R41073-1?utm_source=Simplify&ref=Simplify,Multiple Locations,"15 locations Boston, MA Orange, CA Santa Rosa, CA Irvine, CA Santa Clara, CA Tempe, AZ Ann Arbor, MI Memphis, TN Fort Worth, TX North Haven, CT Lafayette, CO Minneapolis, MN Newton, MA Jacksonville, FL Boulder, CO",Medtronic,Summer 2026,2025-2026,Software Engineering,100-1000,,Summer 2026 internship position
Co-op – Firmware Engineering,2025-08-28,https://rockwellautomation.wd1.myworkdayjobs.com/en-US/External_Rockwell_Automation/job/Cambridge-Ontario-Canada/Co-op--Firmware-Engineering_R25-6419-1?utm_source=Simplify&ref=Simplify,On-site,"Cambridge, ON, Canada",Rockwell Automation,Summer 2026,2025-2026,Hardware Engineering,100-1000,,Summer 2026 internship
Hardware Engineer Intern,2025-08-28,https://job-boards.eu.greenhouse.io/imc/jobs/4580809101?utm_source=Simplify&ref=Simplify,On-site,"Chicago, IL",IMC Trading,Summer 2026,2025-2026,Hardware Engineering,1000-10000,,Summer 2026 internship position
Campus FPGA Engineer – Intern,2025-08-28,https://boards.greenhouse.io/embed/job_app?token=6959800&utm_source=Simplify&ref=Simplify,On-site,"London, UK",Jump Trading,Summer 2026,2025-2026,Hardware Engineering,100-1000,,Summer 2026 internship position
Embedded Systems and Hardware Co-Op,2025-08-28,https://psu.wd1.myworkdayjobs.com/PSU_Staff/job/Warminster-PA/Embedded-Systems-and-Hardware-Co-Op_REQ_0000066566-2?utm_source=Simplify&ref=Simplify,On-site,"Warminster, PA",PennState University,Summer 2026,2025-2026,Hardware Engineering,100-1000,,Summer 2026 internship
Embedded Controls Software Intern,2025-08-28,https://komatsu.jobs/job/Embedded-Controls-Software-Intern/31088-en_US?utm_source=Simplify&ref=Simplify,On-site,"Warrendale, PA",Komatsu,Summer 2026,2025-2026,Hardware Engineering,100-1000,,Summer 2026 internship position
Firmware Engineer Intern,2025-08-28,https://job-boards.greenhouse.io/neuralink/jobs/6648992003?utm_source=Simplify&ref=Simplify,On-site,"Fremont, CA",Neuralink,Summer 2026,2025-2026,Hardware Engineering,100-1000,,Summer 2026 internship position
Software Engineering Intern,2025-08-28,https://jobs.ashbyhq.com/Lynk/45674c74-be04-41ac-94d0-dfa83e3fe210/application?utm_source=Simplify&ref=Simplify,On-site,"Washington, DC",Lynk,Summer 2026,2025-2026,Software Engineering,100-1000,,Summer 2026 internship position
Hardware Support & Test Intern,2025-08-28,https://jobs.ashbyhq.com/eightsleep/86959a9a-44a5-401d-8009-f9a691acefee/application?utm_source=Simplify&ref=Simplify,On-site,"San Francisco, CA",Eight Sleep,Summer 2026,2025-2026,Hardware Engineering,100-1000,,Summer 2026 internship position
FPGA Engineer Intern,2025-08-28,https://optiver.com/working-at-optiver/career-opportunities/8033372002?utm_source=Simplify&ref=Simplify,On-site,"Chicago, IL",Optiver,Summer 2026,2025-2026,Hardware Engineering,100-1000,,Summer 2026 internship position
Hardware Engineer Intern,2025-08-28,https://www.akunacapital.com/job-details?gh_jid=6945855&utm_source=Simplify&ref=Simplify,On-site,"Chicago, IL",Akuna Capital,Summer 2026,2025-2026,Hardware Engineering,100-1000,,Summer 2026 internship position
Computer Integrated Manufacturing (CIM) Engineer Intern,2025-08-28,https://careers.tsmc.com/en_US/careers/JobDetail/Summer-2026-TSMC-AZ-Internship-Opportunities-Engineering-Roles/16376?utm_source=Simplify&ref=Simplify,On-site,"Phoenix, AZ",TSMC,Summer 2026,2025-2026,Software Engineering,100-1000,,Summer 2026 internship position
FPGA Engineer Intern,2025-08-28,https://www.citadelsecurities.com/careers/details/fpga-engineer-intern-us/?utm_source=Simplify&ref=Simplify,On-site,"Miami, FL New York, NY",Citadel Securities,Summer 2026,2025-2026,Hardware Engineering,100-1000,,Summer 2026 internship position
Hardware Technology Intern,2025-08-28,https://jobs.apple.com/en-us/details/200606143/hardware-technology-internships?team=STDNT&utm_source=Simplify&ref=Simplify,On-site,United States,Apple,Summer 2026,2025-2026,Hardware Engineering,10000+,,Summer 2026 internship position
Software Engineering Internship,2025-08-28,Closed,On-site,"Rochester, NY",L3Harris Technologies,Summer 2026,2025-2026,Software Engineering,100-1000,,Summer 2026 internship position
Device Physics & Engineering Intern,2025-08-28,Closed,On-site,"Cambridge, MA",Draper,Summer 2026,2025-2026,Software Engineering,100-1000,,Summer 2026 internship position
AI and Robotics Intern,2025-08-28,Closed,On-site,"Huntsville, AL",Amentum,Summer 2026,2025-2026,Data Science,100-1000,,Summer 2026 internship position
Software/Firmware Development Intern,2025-08-28,Closed,On-site,"Mountain View, CA",KBR,Summer 2026,2025-2026,Hardware Engineering,100-1000,,Summer 2026 internship position
Dell ISG Hardware Engineering Undergraduate Intern,2025-08-28,Closed,On-site,"Round Rock, TX Westborough, MA",Dell Technologies,Summer 2026,2025-2026,Hardware Engineering,100-1000,,Summer 2026 internship position
Software Engineer Intern,2025-08-28,Closed,On-site,"Edinburgh, UK",Motorola,Summer 2026,2025-2026,Software Engineering,100-1000,,Summer 2026 internship position
Summer Intern - Telecommunications,2025-08-28,Closed,On-site,"Washington, DC",Lynk,Summer 2026,2025-2026,Other,100-1000,,Summer 2026 internship position
Embedded Software Engineer Co-Op,2025-08-28,Closed,On-site,"Ottawa, ON, Canada",Ciena,Summer 2026,2025-2026,Hardware Engineering,100-1000,,Summer 2026 internship
RTL Design Intern - CPU/AI Hardware,2025-08-28,Closed,On-site,"Austin, TX",Tenstorrent,Summer 2026,2025-2026,Data Science,100-1000,,Summer 2026 internship position
Software Engineering Co-Op,2025-08-28,Closed,On-site,"Rochester, MN",Western Digital,Summer 2026,2025-2026,Software Engineering,100-1000,,Summer 2026 internship
Audit IT Assurance Intern,2025-08-28,https://ehzq.fa.us2.oraclecloud.com/hcmUI/CandidateExperience/en/sites/CX_1/jobs/job/113214?utm_source=Simplify&ref=Simplify,On-site,"Atlanta, GA",Grant Thornton,Summer 2026,2025-2026,Other,100-1000,,Summer 2026 internship position
2026 Summer Managed IT Consulting Intern,2025-08-28,https://plantemoran.wd1.myworkdayjobs.com/pmexternalcareers/job/Denver-Tech-Center/XMLNAME-2026-Summer-Managed-IT-Consulting-Intern_JR-01414?utm_source=Simplify&ref=Simplify,On-site,"Denver, CO",Plante Moran,Summer 2026,2025-2026,Other,100-1000,,Summer 2026 internship position
Information Security Co-op - Application Security,2025-08-28,https://fifththird.wd5.myworkdayjobs.com/en-US/53careers/job/Cincinnati-OH/Information-Security-Co-op---Application-Security---Summer-2026_R60953?utm_source=Simplify&ref=Simplify,On-site,"Cincinnati, OH",Fifth Third Bank,Summer 2026,2025-2026,Other,100-1000,,Summer 2026 internship
Audit IT Assurance Intern,2025-08-28,https://ehzq.fa.us2.oraclecloud.com/hcmUI/CandidateExperience/en/sites/CX_1/jobs/job/113230?utm_source=Simplify&ref=Simplify,On-site,"Charlotte, NC",Grant Thornton,Summer 2026,2025-2026,Other,100-1000,,Summer 2026 internship position
AI Functional Intern,2025-08-28,https://crowe.wd12.myworkdayjobs.com/en-US/external_careers/job/Chicago-IL-USA/AI-Functional-Intern_R-50098?utm_source=Simplify&ref=Simplify,On-site,"Chicago, IL",Crowe,Summer 2026,2025-2026,Data Science,100-1000,,Summer 2026 internship position
Analyst Early Internship Program,2025-08-28,https://www.capitalonecareers.com/job/mclean/analyst-early-internship-program-summer-2026/31238/85485933920?utm_source=Simplify&ref=Simplify,On-site,"McLean, VA",Capital One,Summer 2026,2025-2026,Other,100-1000,,Summer 2026 internship position
Information Security Intern,2025-08-28,https://santander.wd3.myworkdayjobs.com/santandercareers/job/1-Enterprise-Drive-Quincy-Corp/Information-Security-Intern_Req1485968?utm_source=Simplify&ref=Simplify,On-site,"Boston, MA Dallas, TX NYC",Santander Global Facilities (SGF) US - Santander Group,Summer 2026,2025-2026,Other,100-1000,,Summer 2026 internship position
Audit IT Assurance Intern,2025-08-28,https://ehzq.fa.us2.oraclecloud.com/hcmUI/CandidateExperience/en/sites/CX_1/jobs/job/113140?utm_source=Simplify&ref=Simplify,On-site,"Philadelphia, PA",Grant Thornton,Summer 2026,2025-2026,Other,100-1000,,Summer 2026 internship position
DT Summer 2026 Intern,2025-08-28,https://haier.wd3.myworkdayjobs.com/ge_appliances/job/USA-Louisville-KY/DT-Summer-2026-Intern_REQ-22854?utm_source=Simplify&ref=Simplify,On-site,"Louisville, KY",GE Appliances,Summer 2026,2025-2026,Other,100-1000,,Summer 2026 internship position
Information Technology Intern,2025-08-28,https://ebxr.fa.us2.oraclecloud.com/hcmUI/CandidateExperience/en/sites/CX_1/job/211408?utm_source=Simplify&ref=Simplify,Multiple Locations,"4 locations Boston, MA Tampa, FL Dallas, TX NYC",DTCC,Summer 2026,2025-2026,Other,100-1000,,Summer 2026 internship position
2026 Summer Internship - Information Technology - Corporate and Business Services - CEO,2025-08-28,https://zebra.eightfold.ai/careers/job/343627809920?utm_source=Simplify&ref=Simplify,On-site,"Lake Grove, NY Vernon Hills, IL",Zebra Technologies,Summer 2026,2025-2026,Other,100-1000,,Summer 2026 internship position
Cybersecurity and Privacy Intern,2025-08-28,https://ehzq.fa.us2.oraclecloud.com/hcmUI/CandidateExperience/en/sites/CX_1/jobs/job/112907?utm_source=Simplify&ref=Simplify,On-site,"Arlington, VA",Grant Thornton,Summer 2026,2025-2026,Other,100-1000,,Summer 2026 internship position
IT Co-Op,2025-08-28,https://careers.aflac.com/job/IT-Co-Op-GA/1320692000/?ats=successfactors&utm_source=Simplify&ref=Simplify,On-site,"Columbus, GA",Aflac,Summer 2026,2025-2026,Other,100-1000,,Summer 2026 internship
Consulting Engineer I – Intern,2025-08-28,https://jobs.cisco.com/jobs/ProjectDetail/Consulting-Engineer-I-Intern-United-States/1448044?utm_source=Simplify&ref=Simplify,On-site,"Research Triangle, Durham, NC",Cisco,Summer 2026,2025-2026,Software Engineering,100-1000,,Summer 2026 internship position
Computer Science Intern - HPE Aruba Networking,2025-08-28,https://hpe.wd5.myworkdayjobs.com/Jobsathpe/job/Winnersh-Berkshire-United-Kingdom/Computer-Science-Intern---HPE-Aruba-Networking_1192820?utm_source=Simplify&ref=Simplify,On-site,"Twyford, Reading, UK",Hewlett Packard Enterprise,Summer 2026,2025-2026,Other,100-1000,,Summer 2026 internship position
IT Intern,2025-08-28,https://landolakes.wd1.myworkdayjobs.com/landolakes/job/Arden-Hills-MN-USA/IT-Intern_R-35991?utm_source=Simplify&ref=Simplify,On-site,"Roseville, MN",Land O'Lakes,Summer 2026,2025-2026,Other,100-1000,,Summer 2026 internship position
Research Intern,2025-08-28,https://www.google.com/about/careers/applications/jobs/results/100216277234000582-research-intern-phd-summer-2026?utm_source=Simplify&ref=Simplify,Multiple Locations,"29 locations Mountain View, CA Atlanta, GA Austin, TX Boulder, CO Cambridge, MA Bellevue, WA Chicago, IL Irvine, CA Kirkland, WA Los Angeles, CA Madison, WI New York, NY Palo Alto, CA Portland, OR Pittsburgh, PA Raleigh, NC Durham, NC Reston, VA Redmond, WA Redwood City, CA San Diego, CA Goleta, CA San Bruno, CA Seattle, WA San Francisco, CA San Jose, CA Santa Cruz, CA Sunnyvale, CA Washington D.C., DC",Google,Summer 2026,2025-2026,Other,10000+,,Summer 2026 internship position
Technical Support Engineering Intern,2025-08-28,https://job-boards.greenhouse.io/verkada/jobs/4838307007?utm_source=Simplify&ref=Simplify,On-site,"San Mateo, CA",Verkada,Summer 2026,2025-2026,Other,100-1000,,Summer 2026 internship position
Campus – Chief Security Office Program Intern,2025-08-28,https://fanniemae.wd1.myworkdayjobs.com/FannieMaeCareers/job/Reston-Town-Center/Campus---Chief-Security-Office-Program-Intern_JR1267-1?utm_source=Simplify&ref=Simplify,On-site,"Reston, VA",Fannie Mae,Summer 2026,2025-2026,Other,100-1000,,Summer 2026 internship position
Audit IT Assurance Intern,2025-08-28,https://ehzq.fa.us2.oraclecloud.com/hcmUI/CandidateExperience/en/sites/CX_1/jobs/job/113213?utm_source=Simplify&ref=Simplify,On-site,"Boston, MA",Grant Thornton,Summer 2026,2025-2026,Other,100-1000,,Summer 2026 internship position
Intern – Pki Pqc,2025-08-28,https://entrust.wd1.myworkdayjobs.com/entrustcareers/job/Canada---Quebec-Field/Intern---PKI-PQC_R003715-1?utm_source=Simplify&ref=Simplify,On-site,"Ottawa, ON, Canada",Entrust,Summer 2026,2025-2026,Other,100-1000,,Summer 2026 internship position
FAR Program: Summer 2026 Internship - Internal Audit-Information Technology - IT,2025-08-28,https://lplfinancial.wd1.myworkdayjobs.com/en-US/External/job/Fort-MillCharlotte/FAR-Program--Summer-2026-Internship---Internal-Audit--Information-Technology--IT-_R-045695-1?utm_source=Simplify&ref=Simplify,On-site,"Fort Mill, SC Charlotte, NC",LPL Financial Holdings,Summer 2026,2025-2026,Other,100-1000,,Summer 2026 internship position
2026 Summer Intern - Information Technology,2025-08-28,https://equitable.taleo.net/careersection/eqh_1/jobdetail.ftl?job=250000EE&utm_source=Simplify&ref=Simplify,On-site,"Charlotte, NC Syracuse, NY",Equitable Holdings,Summer 2026,2025-2026,Other,100-1000,,Summer 2026 internship position
Technology Project Management,2025-08-28,https://qtsdatacenters.wd5.myworkdayjobs.com/en-US/qts/job/Summer-2026-Internship--Technology-Project-Management_R2025-0981-1?utm_source=Simplify&ref=Simplify,On-site,"Suwanee, GA",QTS,Summer 2026,2025-2026,Other,100-1000,,Summer 2026 internship
Cybersecurity Consulting Intern,2025-08-28,https://pwc.wd3.myworkdayjobs.com/en-US/US_Entry_Level_Careers/job/IL-Rosemont/Cybersecurity-Consulting-Intern---Summer-2026_658983WD?utm_source=Simplify&ref=Simplify,Multiple Locations,"14 locations Boston, MA Seattle, WA Houston, TX Washington, DC SF LA Dallas, TX Philadelphia, PA Chicago, IL Norridge, IL NYC Minneapolis, MN Mountain View, CA Atlanta, GA",PricewaterhouseCoopers (PwC),Summer 2026,2025-2026,Other,100-1000,,Summer 2026 internship position
Digital & Information Technology – Digital Product Development Internship,2025-08-28,https://polaris.wd5.myworkdayjobs.com/polarisjobs/job/Plymouth-MN-USA/Digital---Information-Technology---Digital-Product-Development-Internship---Summer-2026_R27027?utm_source=Simplify&ref=Simplify,On-site,"Wayzata, MN South Yankton, NE Minneapolis, MN",Polaris,Summer 2026,2025-2026,Other,100-1000,,Summer 2026 internship position
2026 Summer Intern - Information Technology,2025-08-28,https://cat.wd5.myworkdayjobs.com/CaterpillarCareers/job/Nashville-Tennessee/XMLNAME-2026-Summer-Intern---Information-Technology_R0000320847?utm_source=Simplify&ref=Simplify,On-site,"Nashville, TN",Caterpillar Inc.,Summer 2026,2025-2026,Other,10000+,,Summer 2026 internship position
IT Service Now Internship,2025-08-28,https://qtsdatacenters.wd5.myworkdayjobs.com/qts/job/Suwanee-GA/Summer-2026--IT-Service-Now-Internship_R2025-0957?utm_source=Simplify&ref=Simplify,On-site,"Suwanee, GA",Quality Technology Services,Summer 2026,2025-2026,Other,100-1000,,Summer 2026 internship position
IT&D Intern,2025-08-28,https://covestro.wd3.myworkdayjobs.com/cov_external/job/Pittsburgh-PA/IT-D-Intern_JR-2025-01833?utm_source=Simplify&ref=Simplify,On-site,"Pittsburgh, PA",Covestro,Summer 2026,2025-2026,Other,100-1000,,Summer 2026 internship position
Information Technology,2025-08-28,https://careers.loreal.com/en_US/jobs/JobDetail/2026-L-Or-al-USA-Summer-Internship-Program-Information-Technology-IT-Undergraduate/215820?utm_source=Simplify&ref=Simplify,On-site,"Berkeley Heights, NJ",L'Oréal,Summer 2026,2025-2026,Other,100-1000,,Summer 2026 internship
Intern-Investigations,2025-08-28,https://careers.dominionenergy.com/job/RICHMOND-Intern-Investigations-VA-23219/1319256300/?ats=successfactors&utm_source=Simplify&ref=Simplify,On-site,"Richmond, VA",Dominion Energy,Summer 2026,2025-2026,Other,100-1000,,Summer 2026 internship position
Information Security Generalist Internship,2025-08-28,https://methodisthealth.wd5.myworkdayjobs.com/en-US/MLH/job/5865-Shelby-Oaks-Circle/Information-Security-Generalist-Internship_R-11915?utm_source=Simplify&ref=Simplify,On-site,"Memphis, TN",Methodist Le Bonheur,Summer 2026,2025-2026,Other,100-1000,,Summer 2026 internship position
Intern – Year Round - Voice Infrastructure,2025-08-28,https://fa-etbx-saasfaprod1.fa.ocs.oraclecloud.com/hcmUI/CandidateExperience/en/sites/CX_1001/jobs/job/26430?utm_source=Simplify&ref=Simplify,On-site,"Pensacola, FL",Navy Federal,Summer 2026,2025-2026,Other,100-1000,,Summer 2026 internship position
Technology Analyst Intern,2025-08-28,https://careers.newyorklife.com/careers?query=2026%20Technology%2C%20Data%2C%20AI%20%26%20Ventures%20Summer%20Internship%20Program%20-%20Technology%20Analyst%20Intern&pid=30149944&domain=newyorklife.com&utm_source=Simplify&ref=Simplify,On-site,"New York, NY",New York Life,Summer 2026,2025-2026,Other,100-1000,,Summer 2026 internship position
Research Intern (AI/LLM Network),2025-08-28,https://joinbytedance.com/search/7539992380817639687?utm_source=Simplify&ref=Simplify,On-site,"Seattle, WA",ByteDance,Summer 2026,2025-2026,Other,10000+,,Summer 2026 internship position
Product Research Intern,2025-08-28,https://job-boards.greenhouse.io/figma/jobs/5617444004?utm_source=Simplify&ref=Simplify,On-site,"San Francisco, CA",Figma,Summer 2026,2025-2026,Other,100-1000,,Summer 2026 internship position
University Intern in Information Technology,2025-08-28,https://careers.phillips66.com/job/Houston-2026-University-Intern-Information-Technology-TX-77042/1314832500/?ats=successfactors&utm_source=Simplify&ref=Simplify,On-site,"Houston, TX Bartlesville, OK",Phillips 66,Summer 2026,2025-2026,Other,100-1000,,Summer 2026 internship position
Systems Engineering Summer Intern,2025-08-28,https://archgroup.wd1.myworkdayjobs.com/careers/job/Greensboro-NC-United-States-of-America/Systems-Engineering-Summer-Intern_R25_721?utm_source=Simplify&ref=Simplify,On-site,"Greensboro, NC",Arch Capital Group,Summer 2026,2025-2026,Hardware Engineering,100-1000,,Summer 2026 internship position
Information Services Intern,2025-08-28,https://smucker.wd5.myworkdayjobs.com/US_External_Careers/job/Orrville-OH/Information-Services-Intern--Summer-2026_114171?utm_source=Simplify&ref=Simplify,On-site,"Massillon, OH",J.M. Smucker,Summer 2026,2025-2026,Other,100-1000,,Summer 2026 internship position
Campus Undergraduate Summer Internship Program - 2026 Information Security - Technology,2025-08-28,https://aexp.eightfold.ai/careers/job/30702559?utm_source=Simplify&ref=Simplify,On-site,NYC,American Express,Summer 2026,2025-2026,Other,100-1000,,Summer 2026 internship position
IT Engineering Internships,2025-08-28,https://pg.wd5.myworkdayjobs.com/1000/job/CINCINNATI-GENERAL-OFFICES/IT-Engineering-Internships_R000137028?utm_source=Simplify&ref=Simplify,On-site,"Cincinnati, OH",Procter & Gamble (P&G),Summer 2026,2025-2026,Software Engineering,100-1000,,Summer 2026 internship position
IT Co-op Student,2025-08-28,https://wd3.myworkdaysite.com/recruiting/magna/Magna/job/Aurora-Ontario-CA/IT-Co-op-Student_R00205619?utm_source=Simplify&ref=Simplify,On-site,"Newmarket, ON, Canada",Magna,Summer 2026,2025-2026,Other,100-1000,,Summer 2026 internship
Genworth IT Development Program Intern,2025-08-28,https://gnw.wd1.myworkdayjobs.com/GNW/job/Richmond-Virginia/Genworth-IT-Development-Program-Intern---Summer-2026_REQ-250327?utm_source=Simplify&ref=Simplify,On-site,"Richmond, VA",Genworth Financial,Summer 2026,2025-2026,Other,100-1000,,Summer 2026 internship position
Supply Chain AI Intern,2025-08-28,https://motorolasolutions.wd5.myworkdayjobs.com/Careers/job/Chicago-IL/Supply-Chain-AI-Intern---Summer-Internship-2026_R56902?utm_source=Simplify&ref=Simplify,On-site,"Chicago, IL Schaumburg, IL",Motorola Solutions,Summer 2026,2025-2026,Data Science,100-1000,,Summer 2026 internship position
Information Technology,2025-08-28,https://mufgub.wd3.myworkdayjobs.com/MUFG-Careers/job/Tampa-FL/XMLNAME-2026-Summer-Analyst-Program--Information-Technology---Tampa--FL_10072145-WD-1?utm_source=Simplify&ref=Simplify,On-site,"Tampa, Fl",MUFG,Summer 2026,2025-2026,Other,100-1000,,Summer 2026 internship
Cloud Engineer Intern,2025-08-28,https://careers.hpe.com/us/en/job/HPE1US1192969EXTERNALENUS/Cloud-Engineer-Intern?utm_source=Simplify&ref=Simplify,On-site,"Spring, TX",Hewlett Packard Enterprise,Summer 2026,2025-2026,Software Engineering,100-1000,,Summer 2026 internship position
Corporate and Workplace Solutions - Summer Analyst,2025-08-28,https://higher.gs.com/roles/150598?utm_source=Simplify&ref=Simplify,On-site,"New York, NY",Goldman Sachs,Summer 2026,2025-2026,Other,10000+,,Summer 2026 internship
Network Engineer Internship,2025-08-28,https://uline.wd1.myworkdayjobs.com/en-US/Uline_Careers/job/Pleasant-Prairie-WI/Network-Engineer-Internship---Summer-2026_R256304?utm_source=Simplify&ref=Simplify,Multiple Locations,"5 locations Waukegan, IL Milwaukee, WI Pleasant Prairie, WI Morton Grove, IL Kenosha, WI",Uline,Summer 2026,2025-2026,Other,100-1000,,Summer 2026 internship position
IT Intern,2025-08-28,https://medtronic.wd1.myworkdayjobs.com/MedtronicCareers/job/Minneapolis-Minnesota-United-States-of-America/IT-Intern-Summer-2026_R40583-1?utm_source=Simplify&ref=Simplify,On-site,"Minneapolis, MN",Medtronic,Summer 2026,2025-2026,Other,100-1000,,Summer 2026 internship position
IT Summer Intern,2025-08-28,https://diamondbackenergy.wd12.myworkdayjobs.com/DBE/job/Oklahoma-City-OK/XMLNAME-2026-IT-Summer-Intern_R100298?utm_source=Simplify&ref=Simplify,On-site,"Oklahoma City, OK",Diamondback Energy,Summer 2026,2025-2026,Other,100-1000,,Summer 2026 internship position
Intern – Application Support,2025-08-28,https://otppb.wd3.myworkdayjobs.com/OntarioTeachers_Careers/job/Toronto-Canada/Intern---Application-Support--May-2026---16-months-_6589?utm_source=Simplify&ref=Simplify,On-site,"Toronto, ON, Canada",Ontario Teachers' Pension Plan,Summer 2026,2025-2026,Other,100-1000,,Summer 2026 internship position
2026 Summer Analyst Program: Information Technology,2025-08-28,https://mufgub.wd3.myworkdayjobs.com/MUFG-Careers/job/Tempe-AZ/XMLNAME-2026-Summer-Analyst-Program--Information-Technology---Tempe--AZ_10072144-WD-1?utm_source=Simplify&ref=Simplify,On-site,"Tempe, AZ",MUFG,Summer 2026,2025-2026,Other,100-1000,,Summer 2026 internship
Intern – IT,2025-08-28,https://careers.wecenergygroup.com/job/Milwaukee-Intern-IT-(May-2026)-WI-53203/1317449800/?ats=successfactors&utm_source=Simplify&ref=Simplify,On-site,"Milwaukee, WI Green Bay, WI Waukesha, WI",WEC Energy Group,Summer 2026,2025-2026,Other,100-1000,,Summer 2026 internship position
Intern – End-User Technology,2025-08-28,https://otppb.wd3.myworkdayjobs.com/OntarioTeachers_Careers/job/Toronto-Canada/Intern---End-User-Technology--May-2026---12-months-_6603?utm_source=Simplify&ref=Simplify,On-site,"Toronto, ON, Canada",Ontario Teachers' Pension Plan,Summer 2026,2025-2026,Other,100-1000,,Summer 2026 internship position
Network Software Development Engineer Intern - Network Observation,2025-08-28,https://jobs.bytedance.com/en/position/7537155875062384914/detail?utm_source=Simplify&ref=Simplify,On-site,"Seattle, WA",ByteDance,Summer 2026,2025-2026,Software Engineering,10000+,,Summer 2026 internship position
Intern – Information Technology,2025-08-28,https://conocophillips.wd1.myworkdayjobs.com/External/job/Bartlesville-OK/Intern--Information-Technology-2026_REQ-005133?utm_source=Simplify&ref=Simplify,On-site,"Houston, TX Bartlesville, OK Anchorage, AK",ConocoPhillips,Summer 2026,2025-2026,Other,100-1000,,Summer 2026 internship position
2026 Summer Analyst Program: Information Technology,2025-08-28,https://mufgub.wd3.myworkdayjobs.com/mufg-careers/job/New-York-NY/XMLNAME-2026-Summer-Analyst-Program--Information-Technology---NYC-Jersey-City_10072101-WD-1?utm_source=Simplify&ref=Simplify,On-site,NYC,Mitsubishi UFG,Summer 2026,2025-2026,Other,100-1000,,Summer 2026 internship
Firmwide AI Strategy & Solutions Summer Analyst Program,2025-08-28,https://morganstanley.tal.net/vx/lang-en-GB/mobile-0/brand-2/xf-f03044b2dac6/spa-1/candidate/so/pm/1/pl/1/opp/19975-2026-Firmwide-AI-Strategy-Solutions-Summer-Analyst-Program-New-York/en-GB?utm_source=Simplify&ref=Simplify,On-site,"New York, NY",Morgan Stanley,Summer 2026,2025-2026,Data Science,10000+,,Summer 2026 internship
Campus AI Researcher (Intern),2025-08-28,https://www.jumptrading.com/careers/7141699/?gh_jid=7141699&utm_source=Simplify&ref=Simplify,On-site,"Chicago, IL New York, NY",Jump Trading,Summer 2026,2025-2026,Data Science,100-1000,,Summer 2026 internship position
AI Solutions Intern,2025-08-28,https://job-boards.eu.greenhouse.io/nice/jobs/4654114101?gh_jid=4654114101&utm_source=Simplify&ref=Simplify,On-site,"Atlanta, GA",NiCE,Summer 2026,2025-2026,Data Science,100-1000,,Summer 2026 internship position
IT and Cybersecurity Leadership Development Internship Program,2025-08-28,https://pentair.wd5.myworkdayjobs.com/pentair_careers/job/Golden-Valley-MN/IT-and-Cybersecurity-Leadership-Development-Internship-Program---Summer-2026_R21707?utm_source=Simplify&ref=Simplify,On-site,"Golden Valley, MN",Pentair,Summer 2026,2025-2026,Other,100-1000,,Summer 2026 internship position
Summer 2026 Intern - Information Technology,2025-08-28,https://hdsupply.wd1.myworkdayjobs.com/External/job/Atlanta-GA-US/Summer-2026-Intern---Information-Technology_R25003763?utm_source=Simplify&ref=Simplify,On-site,"Atlanta, GA",HD Supply,Summer 2026,2025-2026,Other,100-1000,,Summer 2026 internship position
Engineering Internship,2025-08-28,https://www.shopify.com/careers/usa-engineering-internships-summer-2026-usa_b2dbdf1e-ab44-46ed-9a11-69a1a1e4b20c?fbclid=PAZXh0bgNhZW0CMTEAAacZmDKBbpt6Eic3DYCTf372rK812Efp_FC9Sle8J1TgYhTmQa52d0muxM0Vtg_aem_NgJJWd_yRRfgPncN8pXvNw&utm_source=Simplify&ref=Simplify,On-site,"New York, New York Bellevue, Washington",Shopify,Summer 2026,2025-2026,Software Engineering,100-1000,,Summer 2026 internship position
2025 – 2026 Campus Internship - Information Systems/Information Technology,2025-08-28,https://dow.wd1.myworkdayjobs.com/ExternalCareers/job/Midland-MI-USA/XMLNAME-2025-2026-Campus-Internship---Information-Systems-Information-Technology_R2061680?utm_source=Simplify&ref=Simplify,On-site,"Houston, TX Bay City, MI",Dow Chemical Company,Summer 2026,2025-2026,Other,100-1000,,Summer 2026 internship position
Campus Tech Ops Engineer,2025-08-28,https://www.jumptrading.com/careers/7077897/?gh_jid=7077897&utm_source=Simplify&ref=Simplify,On-site,"Chicago, IL",Jump Trading,Summer 2026,2025-2026,Software Engineering,100-1000,,Summer 2026 internship
Information Technology,2025-08-28,https://hdsupply.jobs/us/en/job/R25003763/Summer-2026-Intern---Information-Technology?utm_source=Simplify&ref=Simplify,On-site,"Atlanta, GA",HD Supply,Summer 2026,2025-2026,Other,100-1000,,Summer 2026 internship
Mobile Security Engineer Intern - Tiktok-Business Risk Integrated Control-Anti Automation Solutions - 2026 Summer - BS/MS,2025-08-28,https://lifeattiktok.com/search/7532351099798882568?utm_source=Simplify&ref=Simplify,On-site,"San Jose, CA",TikTok,Summer 2026,2025-2026,Quantitative Finance,10000+,,Summer 2026 internship position
LEAD Information Technology Intern,2025-08-28,https://wabtec.wd1.myworkdayjobs.com/wabtec_careers/job/Pittsburgh-PA/Summer-2026-LEAD-Information-Technology-Intern_R0099765?utm_source=Simplify&ref=Simplify,On-site,"Chicago, IL Pittsburgh, PA",Wabtec,Summer 2026,2025-2026,Other,100-1000,,Summer 2026 internship position
Cloud Media Services Intern,2025-08-28,https://tencent.wd1.myworkdayjobs.com/en-US/Tencent_Careers/job/US-California-Palo-Alto/Cloud-Media-Services-Intern_R105781?utm_source=Simplify&ref=Simplify,On-site,"Palo Alto, CA",Tencent,Summer 2026,2025-2026,Other,100-1000,,Summer 2026 internship position
Engineering Intern - AI,2025-08-28,https://jobs.ashbyhq.com/allium/5d697ce5-b820-45c0-a101-86a05e1fb15e?utm_source=Simplify&ref=Simplify,On-site,"New York, NY",Allium,Summer 2026,2025-2026,Software Engineering,100-1000,,Summer 2026 internship position
IT Development Program Intern,2025-08-28,https://gnw.wd1.myworkdayjobs.com/en-US/GNW/job/Richmond%2C-Virginia/Genworth-IT-Development-Program-Intern---Summer-2026_REQ-250327?workerSubType=7fa6841689a6106a8c0af76995631b08&utm_source=Simplify&ref=Simplify,On-site,"Richmond, VA",Genworth,Summer 2026,2025-2026,Other,100-1000,,Summer 2026 internship position
2026 IT Intern,2025-08-28,https://abbott.wd5.myworkdayjobs.com/en-US/abbottcareers/job/United-States---Illinois---Waukegan/XMLNAME-2026-IT-Intern_31121333?utm_source=Simplify&ref=Simplify,On-site,"Waukegan, IL",Abbott,Summer 2026,2025-2026,Other,100-1000,,Summer 2026 internship position
Systems Engineer Intern,2025-08-28,https://job-boards.greenhouse.io/transmarketgroup/jobs/4749924007?gh_jid=4749924007&utm_source=Simplify&ref=Simplify,On-site,"Chicago, IL",TransMarket Group,Summer 2026,2025-2026,Hardware Engineering,100-1000,,Summer 2026 internship position
2026 Technology Summer Analyst Program,2025-08-28,https://morganstanley.tal.net/vx/candidate/apply/19159?utm_source=Simplify&ref=Simplify,On-site,"New York, NY",Morgan Stanley,Summer 2026,2025-2026,Other,10000+,,Summer 2026 internship
Fundamental Research Analyst Intern,2025-08-28,https://www.deshaw.com/careers/fundamental-research-analyst-intern-new-york-summer-2026-5378?utm_source=Simplify&ref=Simplify,On-site,"New York, NY",D. E. Shaw,Summer 2026,2025-2026,Other,100-1000,,Summer 2026 internship position
Launch Intern,2025-08-28,https://www.citadelsecurities.com/careers/details/launch-intern-us/?utm_source=Simplify&ref=Simplify,On-site,"Miami, FL New York, NY",Citadel Securities,Summer 2026,2025-2026,Other,100-1000,,Summer 2026 internship position
Summer Analyst Intern,2025-08-28,https://group.bnpparibas/en/careers/job-offer/2026-summer-analyst-internship-technology?utm_source=Simplify&ref=Simplify,On-site,"Jersey City, NJ",BNP Paribas,Summer 2026,2025-2026,Other,100-1000,,Summer 2026 internship position
2026 Summer Intern,2025-08-28,https://blackrock.tal.net/vx/lang-en-GB/mobile-0/brand-3/xf-e774a855fe31/candidate/so/pm/1/pl/1/opp/9601-2026-Summer-Internship-Program-AMERS/en-GB?utm_source=Simplify&ref=Simplify,Multiple Locations,"16 locations Atlanta, GA Boston, MA Chicago, IL Mexico City, MX Miami, FL Montreal, QC New York, NY Newport Beach, CA Princeton, NJ San Francisco, CA Santa Monica, CA Sausalito, CA Seattle, WA Toronto, Canada Washington, DC Wilmington, DE",Blackrock,Summer 2026,2025-2026,Other,100-1000,,Summer 2026 internship position
Cybersecurity Intern,2025-08-28,https://careers.bankofamerica.com/en-us/students/job-detail/12944/global-technology-summer-analyst-2026-cybersecurity-analyst-multiple-locations?utm_source=Simplify&ref=Simplify,Multiple Locations,"4 locations Charlotte, North Carolina Dallas, Texas Denver, Colorado Washington, District of Columbia",Bank of America,Summer 2026,2025-2026,Other,100-1000,,Summer 2026 internship position
IT Intern,2025-08-28,https://www.jobs.abbott/us/en/job/ABLAUS31121333ENUSEXTERNAL/2026-IT-Intern?utm_source=Simplify&ref=Simplify,On-site,"Waukegan, IL",Abbott,Summer 2026,2025-2026,Other,100-1000,,Summer 2026 internship position
Developer Intern,2025-08-28,https://job-boards.greenhouse.io/scm/jobs/721888?utm_source=Simplify&ref=Simplify,On-site,"Radnor, PA",Stevens Capital Management LP,Summer 2026,2025-2026,Software Engineering,100-1000,,Summer 2026 internship position
Global Operations Development Summer Analyst Program,2025-08-28,https://careers.bankofamerica.com/en-us/students/job-detail/12924/global-operations-development-summer-analyst-program-2026-multiple-locations?utm_source=Simplify&ref=Simplify,Multiple Locations,"4 locations Charlotte, North Carolina Dallas, Texas Jacksonville, Florida Phoenix, Arizona",Bank of America,Summer 2026,2025-2026,Other,100-1000,,Summer 2026 internship
Part-time Business Information Technology Intern,2025-08-28,Closed,Remote,Remote in USA,Peraton,Summer 2026,2025-2026,Other,100-1000,,Summer 2026 internship position
IT Internship Program,2025-08-28,Closed,On-site,"Richmond, VA","Markel Group, Inc.",Summer 2026,2025-2026,Other,100-1000,,Summer 2026 internship position
Information Security Intern,2025-08-28,Closed,On-site,"Carmel, IN",Merchants Bank of Indiana,Summer 2026,2025-2026,Other,100-1000,,Summer 2026 internship position
