Position Title,Date,Apply,Work Model,Location,Company,Company Size,Company Industry,Salary,Qualifications,H1b Sponsored,Is New Grad
Member of Technical Staff 2,2025-08-26,https://jobright.ai/jobs/info/68ae68c2758f2e4ac30134fe?utm_source=1100&utm_campaign=Software Engineering,On Site,"San Jose, CA",Nutanix,5001-10000,"Data Center,Enterprise Software",$145000-$218000 /yr,"1. Bachelors degree ONLY candidate in Computer Science, Engineering, or related field.
2. 1-4 years of relevant technical experience.
3. Love of programming and rock-solid in one or more languages: C, C++, or Python, ideally for enterprise-quality software.
4. Extensive knowledge of UNIX/Linux or expertise in Windows.
5. Strong written, verbal, and collaboration skills. Team player that works well in fast-paced situations and startup environments.",no,
Software Engineer,2025-08-26,https://jobright.ai/jobs/info/68ae66f6d627244576e539b3?utm_source=1100&utm_campaign=Software Engineering,Remote,"California, United States",Zoom,5001-10000,"Collaboration,Information Technology",$98900-$228700 /yr,,not sure,
Member of Technical Staff 2,2025-08-26,https://jobright.ai/jobs/info/68ae5edcd627244576e53797?utm_source=1100&utm_campaign=Software Engineering,Hybrid,"San Jose, CA",Nutanix,5001-10000,"Data Center,Enterprise Software",$145600-$218000 /yr,"1. Bachelor's degree ONLY in Computer Science or related field.
2. 1-4 years overall experience in building and shipping production-grade services.
3. Deep experience with application and services development in a cloud environment, distributed systems design, API design and API backend frameworks.
4. Solid understanding of operating systems and hypervisor concepts.
5. Strong understanding of API nomenclatures and service-oriented architecture.
...",no,
Retail IT POS Engineer 1,2025-08-26,https://jobright.ai/jobs/info/68ae5e3b758f2e4ac3013159?utm_source=1100&utm_campaign=Software Engineering,On Site,"Salt Lake City, UT",Kum & Go,1001-5000,"E-Commerce,Food and Beverage",,"1. Bachelor’s degree in a relevant field such as Computer Science, Information Systems, Cybersecurity, or Data Science
2. 1+ years of experience in IT industry, preferably with experience in convenience store chains with hands on experience in POS system management
3. In-depth knowledge of retail systems, including POS, inventory management, and supply chain solutions as well as database systems, preferably SQL databases
4. Communicates clearly and respectfully with peers and leaders
5. Takes initiative to meet individual goals and deadlines
...",not sure,
Software Quality Engineer I,2025-08-26,https://jobright.ai/jobs/info/68ae5d18d627244576e5369f?utm_source=1100&utm_campaign=Software Engineering,On Site,"Multi Location
Los Angeles, CA
United States - California - Sylmar",Abbott,10000+,"Biotechnology,Emergency Medicine",$72100-$114700 /yr,"1. Bachelors Degree OR an equivalent combination of education and work experience
2. Entry level position in which 0-2 years of experience is typical to meet the skills and responsibilities of the position
3. Ability to clearly, concisely and accurately convey communications
4. Ability to form and develop interpersonal, professional relationships
5. Display socially and professionally appropriate behavior
...",not sure,yes
Software Engineer,2025-08-26,https://jobright.ai/jobs/info/68ae5c47d627244576e5364a?utm_source=1100&utm_campaign=Software Engineering,Hybrid,"Santa Clara, California, United States",Selector,51-100,"Analytics,Artificial Intelligence (AI)","$187,741-$210,000 /yr","1. Master’s degree or foreign equivalent in Computer Science, Natural Language Processing, or related field
2. Must have advance level coursework, project background, or internship experience in each of the following: Determining operational feasibilities and resolving routine problems by conducting algorithmic analysis
3. Must have advance level coursework, project background, or internship experience in each of the following: Machine learning models using data mining and wrangling, neural network architecture, and project deployment and maintenance
4. Must have advance level coursework, project background, or internship experience in each of the following: Data science libraries including Numpy, Pandas, Scikit Learn, and/or Matlibplot
5. Must have advance level coursework, project background, or internship experience in each of the following: Utilizing Python and PyTorch for training, deploying, and maintaining Deep Learning models
...",not sure,
Software Developer,2025-08-26,https://jobright.ai/jobs/info/68ae56ecd627244576e533b8?utm_source=1100&utm_campaign=Software Engineering,On Site,US.CO.Denver,AtkinsRéalis,10000+,"Civil Engineering,Construction",$70000-$85000 /yr,"1. 0-2 Years of professional experience in a related technical field.
2. Must have a Bachelor’s degree in Computer Science or a Master’s degree in Information Systems from an accredited college/university.
3. Proficient in C#, .NET platform, Entity Framework, JavaScript, TypeScript, SQL Server, and HTML.
4. Experience in web application development using ASP.NET Razor; familiarity with ASP.NET Blazor is a plus.
5. Hands-on experience with modern JavaScript frameworks such as React and Angular, leveraging TypeScript for scalable and maintainable web solutions.
...",not sure,yes
Bilingual Quality Assurance Specialist - (Spanish/English),2025-08-26,https://jobright.ai/jobs/info/6894f2924ed2ea559ca51f03?utm_source=1100&utm_campaign=Software Engineering,Remote,"Reston, VA",ICF,5001-10000,Professional Services,$34392-$58466 /yr,"1. High school diploma or equivalent required.
2. 6 months + Survey Research/ Customer Service Experience
3. Must be fluent in Spanish and able to read and record answers in Spanish.",not sure,
Software Developer – Entry Level,2025-08-26,https://jobright.ai/jobs/info/68ae48fa758f2e4ac30128f8?utm_source=1100&utm_campaign=Software Engineering,Hybrid,"Multi Location
Westerville, OH
Pittsburgh, PA",CGI,5001-10000,"Analytics,Application Performance Management","$57,100-$94,200 /yr","1. Bachelor’s degree from an accredited college or university in Computer Science, Computer Engineering, Information Systems or a related technical field
2. Foundational experience in software development (SQL, Java, C#, .NET, J2EE, C++)
3. Strong ability to learn new frameworks and technologies quickly
4. A growth-oriented mindset and a passion for learning
5. Excellent analytical thinking, and strong written and verbal communication skills
...",no,
Associate SW Engineer (AHT),2025-08-26,https://jobright.ai/jobs/info/68ae44b1daf1431824ca1ee1?utm_source=1100&utm_campaign=Software Engineering,On Site,United States-Alabama-Huntsville,Northrop Grumman Australia,251-500,,"$70,600-$106,000 /yr","1. Bachelor's degree in STEM
2. Active Secret Security Clearance, or the ability to obtain Secret Clearance
3. Experience developing software using Java
4. Experience developing software using C++
5. Experience developing software on Linux
...",no,
Software Developer,2025-08-26,https://jobright.ai/jobs/info/68ae4402d627244576e52c3c?utm_source=1100&utm_campaign=Software Engineering,Hybrid,"Minneapolis, MN",Aspen Technology,1001-5000,"Industrial,Industrial Automation",$90200-$112800 /yr,"1. Bachelor's degree in software engineering or related technical field.
2. Proficiency in object-oriented design and programming using an object-oriented language such as C#, Java, C, or C++.
3. Experience with GIT for source-code management.
4. Solid understanding of algorithms and complex data structures.
5. Knowledge of RESTful API’s and services.
...",no,
"Quality Assurance Engineer I, Amazon Smart Vehicles, Amazon Smart Vehicles, Validation & Verification team",2025-08-26,https://jobright.ai/jobs/info/68ae43ab758f2e4ac30126ad?utm_source=1100&utm_campaign=Software Engineering,On Site,"Multi Location
Seattle, WA
Sunnyvale, California, USA
Seattle, Washington, USA",Amazon,10000+,"Delivery,E-Commerce","$75,700-$183,100 /yr","1. 1+ years of quality assurance engineering experience
2. Bachelor's degree
3. Experience in manual testing
4. Experience in automation testing
5. Experience in UI and API automation testing (Selenium/SOAPUI)",not sure,
"Software Development Engineer, Public Sector",2025-08-26,https://jobright.ai/jobs/info/68ae6972758f2e4ac301358e?utm_source=1100&utm_campaign=Software Engineering,On Site,"Redmond, WA",Amazon,10000+,"Delivery,E-Commerce","$99,500-$200,000 /yr","1. U.S. citizenship
2. Potential to obtain and maintain an active TS/SCI security clearance with polygraph
3. Bachelor's Degree or higher in Computer Science, Computer Engineering, or related fields with a graduation date between July 2023 - September 2025 or graduated within the last 24 months
4. Programming experience with at least one modern language such as Java, C++, or C# including object-oriented design
5. Strong knowledge of Computer Science fundamentals in object-oriented design, data structures, algorithm design, problem solving, and complexity analysis",no,
Software Developer – Entry Level,2025-08-26,https://jobright.ai/jobs/info/68ae4302daf1431824ca1e1a?utm_source=1100&utm_campaign=Software Engineering,Hybrid,"Chicago, IL",CGI,5001-10000,"Analytics,Application Performance Management","$62,800-$103,700 /yr","1. Bachelor’s degree from an accredited college or university in Computer Science, Computer Engineering, Information Systems or a related technical field
2. Foundational experience in software development (SQL, Java, C#, .NET, J2EE, C++)
3. Strong ability to learn new frameworks and technologies quickly
4. A growth-oriented mindset and a passion for learning
5. Excellent analytical thinking, and strong written and verbal communication skills
...",no,
Software Dev Engineer II - AMZ26545.1,2025-08-26,https://jobright.ai/jobs/info/68ae5f08758f2e4ac30131de?utm_source=1100&utm_campaign=Software Engineering,On Site,"Multi Location
Irvine, CA
Irvine, California, USA",Amazon,10000+,"Delivery,E-Commerce",$143700-$194400 /yr,"1. Bachelor's degree or foreign equivalent degree in Computer Science, Engineering, Mathematics, or a related field
2. one year of experience in the job offered or a related occupation
3. one year of experience in designing and developing large-scale, multi-tiered, multi-threaded, embedded or distributed software applications, tools, systems, and services using: C#, C++, Java, or Perl
4. Object Oriented Design",not sure,
Software Development Engineer I,2025-08-26,https://jobright.ai/jobs/info/686dba476ba17ba0b30e3db5?utm_source=1100&utm_campaign=Software Engineering,On Site,"Bethpage, NY",Optimum,5001-10000,,$84K-$137K /yr,"1. Bachelor’s degree in Computer Science or a related field.
2. 1-2 years of hands-on experience in DevOps, GitOps, software development, and automation.
3. Expertise in programming languages such as Python, Java, or Golang.
4. Proficient in the Google Cloud environment.
5. In-depth understanding of software development methodologies and modern DevSecOps practices.
...",not sure,
"Software Engineer, TensorRT Specialized Platforms - New College Grad 2025",2025-08-26,https://jobright.ai/jobs/info/68ae35fed627244576e5262e?utm_source=1100&utm_campaign=Software Engineering,On Site,"US, CA, Santa Clara",NVIDIA,10000+,"Artificial Intelligence (AI),GPU",,"1. Masters, or PhD in relevant fields (Computer Engineering, Computer Science, Electrical Engineering, AI) or equivalent experience
2. Strong foundational C++ skills, including familiarity with C++11 and C++14 or newer standards
3. Familiarity with the C++ Standard Template Library (STL)
4. Familiarity with modern deep learning models and inference frameworks
5. Interest in performance optimization and systems programming
...",not sure,
Entry level web Developer,2025-08-26,https://jobright.ai/jobs/info/68ae4178daf1431824ca1cfb?utm_source=1100&utm_campaign=Software Engineering,On Site,"Asbury Park, NJ",2Secure Corp,1-10,"Computer,Cyber Security",$60K-$60K /yr,"1. Bachelors in Computer Science or related fields
2. Solid understanding of Python programming, including core Python concepts (data structures, OOP, functions)
3. Experience with web frameworks (Flask, Django, or FastAPI)
4. Understanding of RESTful API development
5. Proficiency in one or more of the following: React (Component-based architecture, hooks, state management), Node.js (Server-side JavaScript, npm/yarn package management), HTML5, CSS3, and modern JavaScript (ES6+)
...",not sure,yes
Web Developer I – JavaScript,2025-08-26,https://jobright.ai/jobs/info/68ae32c6d627244576e52517?utm_source=1100&utm_campaign=Software Engineering,On Site,"Redlands, CA",Esri,5001-10000,"3D Technology,Analytics","$79,040-$129,792 /yr","1. 1+ years of experience designing, building, and delivering web applications
2. In-depth knowledge of the core JavaScript/TypeScript language and experience building object-oriented JavaScript
3. Experience using and developing applications with JavaScript toolkits and UI frameworks/libraries (such as React, Vue, Angular, jQuery, Dojo, and more)
4. Experience with HTML, DOM, CSS, event model, and cross-browser development
5. Experience with AJAX, JSON, REST
...",not sure,
Software Engineer,2025-08-26,https://jobright.ai/jobs/info/68ae5e9f758f2e4ac3013194?utm_source=1100&utm_campaign=Software Engineering,On Site,"San Francisco, CA",Quantcast,501-1000,"Ad Targeting,Advertising",$145K-$168K /yr,"1. 1 - 5 years of experience.
2. BS, MS or PhD degree in computer science or related field.
3. Excellent command of one or more programming language in Java or Python.
4. Experience working with distributed systems, big data and large-scale systems.
5. Deep understanding of algorithms and data structures.
...",not sure,
Graduate Engineer,2025-08-26,https://jobright.ai/jobs/info/68ae2e6cdaf1431824ca1680?utm_source=1100&utm_campaign=Software Engineering,Remote,"Richmond, VA",MechSpire,1-10,,$70K-$90K /yr,"1. Must be pursuing and have obtained by the start date or have completed the following degrees/majors in the past 12 months: Bachelors degree or higher in Management Information Systems, Accounting Information Systems, or equivalent program from an accredited college or university; Information Systems with an Accounting double major is preferred.
2. Preferred GPA of 3.0 or above.
3. General understanding of business systems and technology, as well as data analysis techniques.
4. Strong technical aptitude and critical thinking skills; demonstrated quality service mindset; ability to navigate MS Office applications, including Excel, PowerPoint, Word and Outlook.
5. Excellent communication, time management and leadership skills; agile, flexible and adaptable team player; resourceful in delivering high-quality work; ability to demonstrate project management skills is a plus.
...",no,
Associate Software Quality Assurance Analyst,2025-08-26,https://jobright.ai/jobs/info/68ae2a52daf1431824ca14b7?utm_source=1100&utm_campaign=Software Engineering,Hybrid,"Multi Location
Houston, Texas
Denver, Colorado
Irving, Texas
Austin, Texas
Phoenix, Arizona
Los Angeles, California
Dallas, Texas",Mechanics Bank,1001-5000,"Banking,Financial Services",$64640-$95000 /yr,"1. A minimum of 1 year of experience in Software QA required
2. Working knowledge of SQL
3. Azure DevOps",not sure,
Software Engineer - 0 (Java Developer),2025-08-26,https://jobright.ai/jobs/info/68ae34c8758f2e4ac30120a2?utm_source=1100&utm_campaign=Software Engineering,On Site,"Annapolis Junction, MD",Akina,11-50,"Health Care,Software",$92K-$181K /yr,"1. TS/SCI - Polygraph required
2. Experience with Java development
3. Experience with JMS
4. Database experience such as Mongo or MySQL
5. Experience developing scalable solutions, applicable to both large- and small-scale platforms
...",not sure,
"Software Engineer, PhD, Early Career, Embedded Systems and Firmware, 2026 Start",2025-08-26,https://jobright.ai/jobs/info/68ae19bcd627244576e51a2b?utm_source=1100&utm_campaign=Software Engineering,On Site,"Multi Location
Raleigh, NC
Kirkland, WA
Mountain View, CA
Los Angeles, CA
New York, NY",Google,10000+,"Apps,Artificial Intelligence (AI)",$141000-$202000 /yr,"1. PhD degree in Computer Science, or a related field, or equivalent practical experience.
2. Experience in embedded systems/firmware design.
3. Experience coding in C or C++.",not sure,
"Software Engineer, PhD, Early Career, Infrastructure, 2026 Start",2025-08-26,https://jobright.ai/jobs/info/68ae1957d627244576e519ca?utm_source=1100&utm_campaign=Software Engineering,On Site,"Multi Location
Madison, WI
Los Angeles, CA
Atlanta, GA",Google,10000+,"Apps,Artificial Intelligence (AI)",$141000-$202000 /yr,"1. PhD degree in Computer Science, or a related field, or equivalent practical experience.
2. Experience coding in one of the following programming languages including but not limited to: C, C++, Python Java or Golang.
3. Experience in one or more of the following: architecting or developing distributed systems, concurrency, multi-threading, or synchronization.",not sure,
"Software Engineer, PhD, Early Career, Infrastructure, 2026 Start",2025-08-26,https://jobright.ai/jobs/info/68ae1907d627244576e5197c?utm_source=1100&utm_campaign=Software Engineering,On Site,"Multi Location
Austin, TX
Kirkland, WA
Mountain View, CA
Sunnyvale, CA",Google,10000+,"Apps,Artificial Intelligence (AI)",$141K-$202K /yr,"1. PhD degree in Computer Science, or a related field, or equivalent practical experience.
2. Experience coding in one of the following programming languages including but not limited to: C, C++, Python Java or Golang.
3. Experience in one or more of the following: architecting or developing distributed systems, concurrency, multi-threading, or synchronization.",not sure,
"Software Engineer, PhD, Early Career, Embedded Systems and Firmware, 2026 Start",2025-08-26,https://jobright.ai/jobs/info/68ae18b5daf1431824ca0c64?utm_source=1100&utm_campaign=Software Engineering,On Site,"Multi Location
Sunnyvale, CA
Atlanta, GA",Google,10000+,"Apps,Artificial Intelligence (AI)",$141K-$202K /yr,"1. PhD degree in Computer Science, or a related field, or equivalent practical experience.
2. Experience in embedded systems/firmware design.
3. Experience coding in C or C++.",not sure,
"Associate, Application Developer (Melbourne, FL)",2025-08-26,https://jobright.ai/jobs/info/68ae1899daf1431824ca0c4c?utm_source=1100&utm_campaign=Software Engineering,On Site,"Melbourne, FL",L3Harris Technologies,10000+,"Commercial,Information Technology",$70500-$129500 /yr,"1. Bachelor’s degree in Information Technology, Computer Engineering, Computer Science or related field
2. GPA of 3.0 or greater",no,
"Software Engineer(Android), Mobile Infrastructure",2025-08-26,https://jobright.ai/jobs/info/68ae1677758f2e4ac30113e7?utm_source=1100&utm_campaign=Software Engineering,On Site,"San Jose, CA",TikTok,10000+,"Content Creators,Content Discovery",$137K-$259K /yr,"1. Bachelor's degree or equivalent practical experience
2. 1+ years of industry experience in Android development
3. Experience in building and shipping complex, business critical Android app products with frequent iteration
4. Understanding of design patterns and principles with a broad knowledge of Android techstack
5. Familiar with Jetpack and/or other open source Android libraries, such as RxJava, Retrofit, Litho, etc.
...",not sure,
"Mobile Software Engineer, Android Performance",2025-08-26,https://jobright.ai/jobs/info/68ae1609758f2e4ac3011386?utm_source=1100&utm_campaign=Software Engineering,On Site,"San Jose, CA",TikTok,10000+,"Content Creators,Content Discovery",$119K-$259K /yr,"1. Bachelor or above degree in a technical field in such as computer science, computer engineering, electrical engineering or equivalent years of experience
2. Strong computer science fundamentals in data structure & algorithms with good problem solving skills
3. Excellent coding skills with one or more programming languages such as Java, Kotlin, C, C++ or Python.",not sure,
Software Test Engineer *Remote-Eastern Time Zone*,2025-08-26,https://jobright.ai/jobs/info/68ae29d3d627244576e52258?utm_source=1100&utm_campaign=Software Engineering,Remote,"Gainesville, FL",LifeSouth Community Blood Centers,501-1000,"Association,Communities",$50K-$77K /yr,"1. Associate’s degree in computer science or related field. An equivalent combination of education, training and experience may be substituted
2. Level of position is determined by experience: Level I: minimum one year experience in testing; Level II: minimum two years of experience in testing with at least one year using automated testing tools; Level III: minimum five years of experience in testing with at least three years using automated testing tools
3. Valid driver’s license required. Must also meet and maintain LifeSouth driver’s eligibility requirements
4. Proficient computer skills and experience with computer programs such as MS Office (Word, Excel, and Outlook)
5. Working knowledge of Oracle SQL and familiarity with PL/SQL programming
...",not sure,
Design Engineer I - Synthetic Environment Developer (Onsite),2025-08-26,https://jobright.ai/jobs/info/68ae21fb758f2e4ac30119e5?utm_source=1100&utm_campaign=Software Engineering,On Site,"Salt Lake City, UT",Collins Aerospace,10000+,"Aerospace,Industrial",$55K-$107K /yr,"1. Requires a Bachelor’s degree and 12 months or less of relevant professional work experience (excluding internships).
2. U.S. citizenship is required, as only U.S. citizens are authorized to access information under this program/contract.",no,
Software & Development Clearance Sponsorship Opportunity,2025-08-26,https://jobright.ai/jobs/info/68ae0fc7758f2e4ac3011026?utm_source=1100&utm_campaign=Software Engineering,On Site,"Multi Location
USA VA McLean
USA VA Chantilly",General Dynamics Information Technology,10000+,"Artificial Intelligence (AI),Cloud Computing",$85000-$115000 /yr,"1. Bachelor’s degree in Computer Science, Engineering, or a related technical discipline, or the equivalent combination of education, technical certifications or training, or work experience.
2. 0+ years of related experience
3. Demonstrated experience in software development using JAVA and python languages.
4. Demonstrated experience in DevSecOps activities for large environments.
5. Demonstrated experience in identifying and documenting technical risks.
...",no,yes
Quantum Compiler Engineer - 400,2025-08-26,https://jobright.ai/jobs/info/68ae0df3758f2e4ac3010df1?utm_source=1100&utm_campaign=Software Engineering,Hybrid,"Broomfield, CO",Quantinuum,501-1000,"Cyber Security,Quantum Computing",$98K-$175K /yr,"1. Bachelor’s degree minimum
2. Minimum 1+ years of industry or post-graduate experience in an engineering, lab, or R&D environment
3. Minimum 2+ years of programming experience with Python, Rust, C++, or similar language
4. Completed Coursework in compiler fundamentals
5. Due to Contractual requirements, must be a U.S. Person. defined as, U.S. citizen permanent resident or green card holder, workers granted asylum or refugee status
...",no,
"Software Engineer, Associate (Engineer Software 1) - 25220",2025-08-26,https://jobright.ai/jobs/info/68ae0c40daf1431824ca04ba?utm_source=1100&utm_campaign=Software Engineering,On Site,"Hanover, MD","Mission Technologies, a division of HII",5001-10000,,$65K-$95K /yr,"1. Bachelor's degree in a related field with 0 years of experience; or a High School Diploma and 4 years of relevant experience.
2. 0-2 years of experience with software development of algorithms, computer networking, and interfaces in a Linux environment.
3. Must be a U.S. citizen and able to obtain a security clearance.
4. Willing to work in Hanover, MD.
5. Willing to travel 10-20% of the time.",no,yes
Quality Assurance Specialist I,2025-08-26,https://jobright.ai/jobs/info/68ae0ac9daf1431824ca02eb?utm_source=1100&utm_campaign=Software Engineering,On Site,"San Diego, CA",BD,10000+,"Health Care,Medical Device",$28-$47 /hr,"1. Bachelor's degree with minimum one year of medical device industry experience.
2. Solid understanding of SAP and MS Office products (advanced level)",not sure,
Associate Information Technology Developer,2025-08-26,https://jobright.ai/jobs/info/68ae05aed627244576e50daf?utm_source=1100&utm_campaign=Software Engineering,On Site,"Multi Location
Seattle, WA
USA - Seattle, WA
USA - North Charleston, SC
USA - Long Beach, CA
USA - Plano, TX
USA - Huntsville, AL
USA - Hazelwood, MO",Boeing,1001-5000,"Aerospace,Industrial",$73100-$105800 /yr,"1. Experience with Object Oriented Design and Programing in a high-level language like C#, .NET, Java, SQL, HTML and CSS
2. Experience with Angular
3. Experience in SQL Server and/or Oracle
4. Experience with project tracking software such as Jira and/or Azure DevOps
5. Experience with cloud-platform technologies (AWS, Azure, GCP)
...",no,
Software Test Engineer  *Remote*,2025-08-26,https://jobright.ai/jobs/info/68ae059d758f2e4ac301064b?utm_source=1100&utm_campaign=Software Engineering,Remote,"Multi Location
Gainesville, FL
Fully Remote",LifeSouth Community Blood Centers,501-1000,"Association,Communities","$50,000-$77,000 /yr","1. Associate’s degree in computer science or related field. An equivalent combination of education, training and experience may be substituted
2. Level of position is determined by experience: Level I: minimum one year experience in testing, Level II: minimum two years of experience in testing with at least one year using automated testing tools, Level III: minimum five years of experience in testing with at least three years using automated testing tools
3. Valid driver’s license required. Must also meet and maintain LifeSouth driver’s eligibility requirements
4. Proficient computer skills and experience with computer programs such as MS Office (Word, Excel, and Outlook)
5. Working knowledge of Oracle SQL and familiarity with PL/SQL programming
...",not sure,
Backend Software Engineer,2025-08-26,https://jobright.ai/jobs/info/68ae055cd627244576e50d6d?utm_source=1100&utm_campaign=Software Engineering,Remote,"Remote, USA",CardFlight,51-100,"Financial Services,FinTech",$112000-$132000 /yr,"1. 1+ years of backend software development
2. Willingness to learn and work in a variety of technologies as well as play a dual development and quality engineer role
3. Excellent communication and collaboration skills and interest in working with third parties
4. Ability to be flexible and flourish in a fast-paced atmosphere while remaining focused with an attention to detail, working productively, and successfully juggling multiple tasks",not sure,
IT Associate Technical Analyst,2025-08-26,https://jobright.ai/jobs/info/68adf7dbdaf1431824c9f588?utm_source=1100&utm_campaign=Software Engineering,On Site,"Erie, PA",Erie Insurance Group,5001-10000,Property Insurance,$55K-$88K /yr,"1. Bachelor's degree in IT, MIS, Business, or related field; or
2. Associate degree in a technical field, plus two years' related experience; or
3. High school diploma plus four years' related experience required.
4. Proven background in data analysis and business analysis.
5. Excellent verbal and written communication skills to interact with various stakeholders.
...",not sure,
"Associate,  Computer Systems Quality Assurance (CSQA), Foundry",2025-08-26,https://jobright.ai/jobs/info/68adff2edaf1431824c9f981?utm_source=1100&utm_campaign=Software Engineering,On Site,"Multi Location
Lebanon, IN
US: Lebanon IN Lilly Medicine Foundry
US, Indianapolis IN",Eli Lilly and Company,10000+,"Biotechnology,Health Care",$63000-$162800 /yr,"1. Bachelor’s degree in Science, Engineering, Computer Science, or equivalent experience in technology-related field (IT, Automation, or computer system validation).
2. Previous experience supporting cGMP manufacturing (QA, TSMS, operations, engineering, auditing, etc.).
3. Experience supporting equipment with automation.",not sure,
"Software Engineer, Systems and Infrastructure",2025-08-26,https://jobright.ai/jobs/info/68adfe20d627244576e506a0?utm_source=1100&utm_campaign=Software Engineering,Hybrid,"Mountain View, CA",LinkedIn,10000+,"Professional Networking,Recruiting",$114K-$189K /yr,"1. BA/BS Degree in Computer Science or related technical discipline, or related practical experience
2. 1+ years of industry experience in software design, development, and algorithm related solutions
3. Experience programming in Object-oriented languages such as Java, C++, Python, Go, C#, Rust and/or Functional languages such as Scala",not sure,
"Associate,  Computer Systems Quality Assurance (CSQA), Foundry",2025-08-26,https://jobright.ai/jobs/info/68adfe1fd627244576e5069c?utm_source=1100&utm_campaign=Software Engineering,On Site,"Indianapolis, IN",Eli Lilly and Company,10000+,"Biotechnology,Health Care",$63K-$163K /yr,"1. Bachelor’s degree in Science, Engineering, Computer Science, or equivalent experience in technology-related field (IT, Automation, or computer system validation).
2. Previous experience supporting cGMP manufacturing (QA, TSMS, operations, engineering, auditing, etc.).
3. Experience supporting equipment with automation.",not sure,
Software Engineer,2025-08-26,https://jobright.ai/jobs/info/68ae5d88d627244576e536d6?utm_source=1100&utm_campaign=Software Engineering,Hybrid,"San Francisco, CA",Quantcast,501-1000,"Ad Targeting,Advertising",$144900-$168400 /yr,"1. 1 - 5 years of experience.
2. BS, MS or PhD degree in computer science or related field.
3. Excellent command of one or more programming language in Java or Python.
4. Experience working with distributed systems, big data and large-scale systems.
5. Deep understanding of algorithms and data structures.
...",not sure,
Quality Assurance Analyst,2025-08-26,https://jobright.ai/jobs/info/68adfc8ddaf1431824c9f732?utm_source=1100&utm_campaign=Software Engineering,Remote,Remote - USA,RoadRunner,501-1000,"Recycling,Sustainability",$80000-$110000 /yr,"1. 1-3 years of professional testing experience and a desire to stretch your skillset.
2. Attention to detail and the ability to identify common (happy path) and uncommon (edge case) user flows.
3. Experience creating test cases and building testing process from the ground up.
4. The agility to plan and test products for different types of users, across different interfaces and devices.
5. An ability to navigate a heavy workload and prioritize tasks based on the company's overall need.
...",no,
Backend Software Engineer,2025-08-26,https://jobright.ai/jobs/info/68adf60cdaf1431824c9f450?utm_source=1100&utm_campaign=Software Engineering,Remote,United States,CardFlight,51-100,"Financial Services,FinTech",$104K-$132K /yr,"1. 1+ years of backend software development
2. Willingness to learn and work in a variety of technologies as well as play a dual development and quality engineer role
3. Excellent communication and collaboration skills and interest in working with third parties
4. Ability to be flexible and flourish in a fast-paced atmosphere while remaining focused with an attention to detail, working productively, and successfully juggling multiple tasks",not sure,
Team Hornet SQA Engineer,2025-08-26,https://jobright.ai/jobs/info/68ae0390d627244576e50a4b?utm_source=1100&utm_campaign=Software Engineering,On Site,"China Lake, CA",New Directions,11-50,"Education,Fitness",$69K-$87K /yr,"1. U.S. Citizenship is required.
2. Must be eligible to obtain and maintain a security clearance for duration of the assignment.
3. Familiar with the software development lifecycle.
4. Experience in Software Quality Assurance.
5. Experience with interpreting flow charts, and Assembly Language.
...",no,
Associate / Staff Python Developer,2025-08-26,https://jobright.ai/jobs/info/68adf2c0d627244576e5015f?utm_source=1100&utm_campaign=Software Engineering,Hybrid,"Dayton, OH","SciTec, Inc.",101-250,"Aerospace,Consulting",$74K-$106K /yr,"1. A Bachelor's degree in the computer science or engineering
2. Strong proficiency in Python
3. Demonstrable understanding of principles related to software engineering
4. Commitment to quality in code and software engineering practices
5. Familiarity with design patterns, optimization, and performance
...",no,
APPLICATIONS ANALYST I,2025-08-26,https://jobright.ai/jobs/info/68adf265daf1431824c9f26d?utm_source=1100&utm_campaign=Software Engineering,On Site,"Little Rock, AR",State of Arkansas,5001-10000,"Education,Employment",$73K-$119K /yr,"1. Bachelor’s Degree in Information Technology, Computer Science, Computer Systems Engineering, Business Administration, or a related field.
2. Experience working with enterprise systems such as Enterprise Resource Planning (e.g., SAP, Oracle) or Customer Relationship Management platforms (e.g., Salesforce) may be required.
3. Proficiency in tools like Structured Query Language, Excel, and reporting software may be required.
4. Familiarity with system development life cycle methodologies, including agile and waterfall.
5. Strong analytical and critical-thinking skills.
...",not sure,
Developer,2025-08-26,https://jobright.ai/jobs/info/68ae0436daf1431824c9fb65?utm_source=1100&utm_campaign=Software Engineering,On Site,"Brooklyn, NY",Advantage Wholesale Supply,101-250,"Building Material,E-Commerce",$90K-$120K /yr,"1. Maintain a high level of organization.
2. Good communication skills.
3. Knowledge of & experience with the following technologies: PHP, JS, HTML, CSS, SQL
4. In office, No remote/Hybrid
5. Web development: 1 year (Required)
...",not sure,
"Software Engineer II, Visualization",2025-08-26,https://jobright.ai/jobs/info/68ade6abdaf1431824c9ed3b?utm_source=1100&utm_campaign=Software Engineering,On Site,"Mountain View, CA",Aurora,1001-5000,"Automotive,Autonomous Vehicles",$139K-$223K /yr,"1. 1+ years of industry experience building software in a production environment.
2. Deep and demonstrated understanding of computer science fundamentals.
3. Experience working with Javascript or TypeScript to build web applications.
4. Empathy for users and a drive to build clean and elegant UI/UX.",not sure,
Software Development Engineer – Test,2025-08-26,https://jobright.ai/jobs/info/68ade644d627244576e4faa8?utm_source=1100&utm_campaign=Software Engineering,On Site,"Cupertino, California, United States",Apple,10000+,"Artificial Intelligence (AI),Consumer Electronics","$147,400-$220,900 /yr","1. Bachelor’s degree or foreign equivalent in Computer Science or related field and 6 months of experience in job offered or related occupation.
2. Understanding of operating systems, including iOS, macOS, and Unix.
3. Understanding of software development processes and experience with software engineering practices.
4. Understanding of user interface software components, and demonstrate knowledge of user-facing issues to ensure customer satisfaction and ease of use.
5. Understanding of test plan documentation and software quality assurance testing methodologies, including writing test plans and identifying testing requirements.
...",not sure,yes
Embedded Software Engineer,2025-08-26,https://jobright.ai/jobs/info/6866d01fa341d94fbefa8fa2?utm_source=1100&utm_campaign=Software Engineering,On Site,"Mountain View, CA",Aurora,1001-5000,"Automotive,Autonomous Vehicles",$139K-$223K /yr,"1. Basic knowledge of electrical engineering fundamentals to support low level debugging
2. Expert level knowledge of C or C++ programming; other languages and skills also valuable.
3. Strong knowledge of communication protocols, from low level (SPI, UART, CAN) to high level (TCP/UDP)
4. Familiarity with electronics test equipment and hardware debugging (multimeters, oscilloscopes, power supplies, etc)",not sure,
"Software Engineer, Associate (Engineer Software 1)",2025-08-26,https://jobright.ai/jobs/info/68adec3f758f2e4ac300f93c?utm_source=1100&utm_campaign=Software Engineering,On Site,"Hanover, MD",HII,10000+,"Health Care,Public Safety",$65K-$95K /yr,"1. Bachelor's degree in a related field with 0 years of experience; or a High School Diploma and 4 years of relevant experience.
2. 0-2 years of experience with software development of algorithms, computer networking, and interfaces in a Linux environment.
3. Must be a U.S. citizen and able to obtain a security clearance.
4. Willing to work in Hanover, MD.
5. Willing to travel 10-20% of the time.",no,yes
Software Dev Engineer III - AMZ26533.1,2025-08-26,https://jobright.ai/jobs/info/689152424c7e851b90acd9bb?utm_source=1100&utm_campaign=Software Engineering,On Site,"Santa Clara, CA",Amazon,10000+,"Delivery,E-Commerce",$226K-$262K /yr,"1. Master's degree or foreign equivalent degree in Computer Science, Engineering, Mathematics, or a related field and one year of experience in the job offered, or as a Software Engineer, Software Developer, or a related occupation.
2. Employer will accept a Bachelor's degree or foreign equivalent degree in Computer Science, Engineering, Mathematics, or a related field and five years of progressive post-baccalaureate experience in the job offered or a related occupation as equivalent to the Master's degree and one year of experience.
3. Must have one year of experience in the following skill(s): (1) providing technical leadership and project management for all aspects of the software development lifecycle; and (2) designing and developing large-scale, multi-tiered, distributed software applications, tools, systems or services using: (i.) Object Oriented Design, (ii.) distributed programming, and (iii.) C#, C++, or Java.",not sure,
Quality Assurance Analyst,2025-08-26,https://jobright.ai/jobs/info/68adcb06d627244576e4effe?utm_source=1100&utm_campaign=Software Engineering,Remote,United States,RoadRunner,501-1000,"Recycling,Sustainability",$80K-$110K /yr,"1. 1-3 years of professional testing experience and a desire to stretch your skillset.
2. Attention to detail and the ability to identify common (happy path) and uncommon (edge case) user flows.
3. Experience creating test cases and building testing process from the ground up.
4. The agility to plan and test products for different types of users, across different interfaces and devices.
5. An ability to navigate a heavy workload and prioritize tasks based on the company's overall need.
...",no,
"Engineer I, Software Development",2025-08-26,https://jobright.ai/jobs/info/68adc96fd627244576e4eee5?utm_source=1100&utm_campaign=Software Engineering,Hybrid,"Austin, TX",LPL Financial,5001-10000,"Finance,Financial Services",$32-$54 /hr,"1. 1+ year of professional software development experience in building API’s and Services with C#, Python and SQL.
2. Experience with AWS or Azure platform.
3. Experience with AI technology.
4. 1+ years of hands-on experience in SQL procedures, views and indexes.
5. 1+ year of experience with Source Control such as GIT, Bitbucket or TFS.
...",not sure,
"Engineering - New York - Associate, Software Engineering -630557",2025-08-26,https://jobright.ai/jobs/info/68911c78f47efe2113952d8f?utm_source=1100&utm_campaign=Software Engineering,On Site,"New York, NY",Goldman Sachs,10000+,"Banking,Finance",$124K-$203K /yr,"1. Master’s (U.S. or foreign equivalent) in Computer Science, Computer Engineering, Electrical Engineering, Information Systems or a related field and one (1) year of experience in the job offered or related software engineering role
2. bachelor’s (U.S. or foreign equivalent) in Computer Science, Computer Engineering, Electrical Engineering, Information Systems or a related field and two (2) years of experience in the job offered or related software engineering role
3. Prior experience must include one (1) year of experience (with a Master’s degree) OR two (2) years of experience (with a Bachelor's degree) with 5 of the 7 following skills: C++ or Java; full software development lifecycle, including requirements gathering, design, coding, testing, documentation, deployment, and production support; building multi-threaded and multi-process service-oriented enterprise applications within Unix environment; programming technologies including Spring, Hibernate, RabbitMQ, or Kafka; relational database management system (RDBMS) such as Sybase or Oracle; micro-services architecture design and development including REST, Spring, or other back-end technologies; and database query languages, including SQL or NoSQL technologies such as MongoDB.",no,
"Corporate Treasury-Jersey City-Associate, Software Engineering-9127271",2025-08-26,https://jobright.ai/jobs/info/689128824c7e851b90acc827?utm_source=1100&utm_campaign=Software Engineering,On Site,"Jersey City, NJ",Goldman Sachs,10000+,"Banking,Finance",$132K-$167K /yr,"1. Master’s degree (U.S. or foreign equivalent) in Computer Science, Computer Engineering, Electrical Engineering, Statistics, Information Systems or a related field and one (1) year of experience in the job offered or in a related role
2. Bachelor’s degree (U.S. or foreign equivalent) in Computer Science, Computer Engineering, Electrical Engineering, Statistics, Information Systems or a related field and two (2) years of experience in the job offered or in a related role
3. Prior experience must include one (1) year of experience (with a Master’s degree) OR two (2) years of experience (with a Bachelor's degree) with 5 of the 7 following skills: C++ or Java; full software development lifecycle, including requirements gathering, design, coding, testing, documentation, deployment, and production support; building multi-threaded and multi-process service-oriented enterprise applications within Unix environment; programming technologies including Spring, Hibernate, RabbitMQ, or Kafka; Relational database management system (RDBMS) such as Sybase or Oracle; Micro-services architecture design and development including REST, Spring, or other back-end technologies; and Database query languages, including SQL or NoSQL technologies such as MongoDB.",no,
Social Programmer Sports Portfolio (Temporary),2025-08-26,https://jobright.ai/jobs/info/68757864299cbc74b87554bd?utm_source=1100&utm_campaign=Software Engineering,Remote,"Multi Location
Georgia, United States
New York, United States",Warner Bros. Discovery,10000+,,$41K-$76K /yr,"1. Ability to work nights and weekends; position will be responsive to sports broadcast hours
2. A strong understanding of multiple sports; baseball knowledge required
3. Deep understanding of current and emerging social platforms
4. Able to write clean copy and proofread
5. Passion for pop culture, sports, sports betting and digital media
...",not sure,
"Engineering-Jersey City-Associate, Software Engineering-631834",2025-08-26,https://jobright.ai/jobs/info/689126a1f5ee707a15dbc80d?utm_source=1100&utm_campaign=Software Engineering,On Site,"Jersey City, NJ",Goldman Sachs,10000+,"Banking,Finance",$124K-$182K /yr,"1. Master’s (U.S. or foreign equivalent) in Computer Science, Computer Engineering, Electrical Engineering, Information Systems or a related field and one (1) year of experience in the job offered or related software engineering role
2. Bachelor’s (U.S. or foreign equivalent) in Computer Science, Computer Engineering, Electrical Engineering, Information Systems or a related field and two (2) years of experience in the job offered or related software engineering role
3. Prior experience must include one (1) year of experience (with a Master’s degree) OR two (2) years of experience (with a Bachelor's degree) with 5 of the 7 following skills: C++ or Java; full software development lifecycle, including requirements gathering, design, coding, testing, documentation, deployment, and production support; building multi-threaded and multi-process service-oriented enterprise applications within Unix environment; programming technologies including Spring, Hibernate, RabbitMQ, or Kafka; relational database management system (RDBMS) such as Sybase or Oracle; micro-services architecture design and development including REST, Spring, or other back-end technologies; and database query languages, including SQL or NoSQL technologies such as MongoDB.",no,
Database Application Developer,2025-08-26,https://jobright.ai/jobs/info/68adaef2d627244576e4e578?utm_source=1100&utm_campaign=Software Engineering,On Site,"Plano, TX, United States",OPEX Corporation,1001-5000,"Industrial Automation,Information Technology",$70000-$120000 /yr,"1. Bachelor’s degree in computer engineering, computer science, related field, or relevant experience.
2. Technical/Engineering experience in a software development organization 0-10 yrs.
3. Experience developing, coding, and interfacing with relational databases.
4. Exceptional listening, verbal, presentation, interpersonal, and written communication skills.
5. Ability to travel when necessary (typically less than 20%).",not sure,yes
"Front-End Developer, Cat Digital",2025-08-26,https://jobright.ai/jobs/info/68adaecc758f2e4ac300df4e?utm_source=1100&utm_campaign=Software Engineering,On Site,"Multi Location
Chicago, Illinois
Peoria, Illinois",Caterpillar Inc.,101-250,,$95640-$155400 /yr,"1. Bachelor’s degree in Computer science or Electrical engineering or related field is required OR equivalent working experience
2. Experience with TypeScript, React and Redux
3. Experience in web application and UI development with JavaScript, RESTful API, HTML 5, Jest, Webpack and CSS3.
4. Experience of leveraging GitHub Copilot or/and Gen AI tools in the development lifecycle
5. Deploying and maintaining software using public clouds such as AWS or Azure.
...",no,
Quantitative Software Engineer - Venn,2025-08-26,https://jobright.ai/jobs/info/681fe1b7865b7015f6f53222?utm_source=1100&utm_campaign=Software Engineering,Hybrid,"New York, United States",Two Sigma,1001-5000,"Big Data,Machine Learning",$165K-$325K /yr,"1. Minimum 1 year of experience required
2. BS degree in Computer Science or another highly technical, scientific discipline
3. Strong communication skills
4. Advanced programming skills and numerical algorithm implementation, proficient in at least one programming language (i.e. Python or Java)
5. Proficient in database technologies and exploratory data analysis
...",not sure,
"Composition Quality Assurance Administrator, Temporary",2025-08-26,https://jobright.ai/jobs/info/6890fa7af5ee707a15dbb143?utm_source=1100&utm_campaign=Software Engineering,On Site,"Multi Location
Concord, NH
Richmond, VA
Topeka, KS
Harrisburg, PA
Helena, MT
Trenton, NJ
Dover, DE
Olympia, WA
Augusta, ME
Columbia, SC
Jefferson City, MO
Annapolis, MD
Montgomery, AL
Raleigh, NC
Boston, MA
Tallahassee, FL
Springfield, IL
Madison, WI
Jackson, MS
United States
Lincoln, NE
Atlanta, GA
Columbus, OH
Nashville, TN
St Paul, MN
Frankfort, KY
Austin, TX
Pierre, SD
Hartford, CT
Boise, ID
Salt Lake City, UT
Washington, DC
Little Rock, AR
Providence, RI
Bismarck, ND
Indianapolis, IN
Denver, CO
Baton Rouge, LA
Cheyenne, WY
Honolulu, HI
Montpelier, VT
Santa Fe, NM
Salem, OR
Juneau, AK
Albany, NY
Phoenix, AZ
Oklahoma City, OK
Charleston, WV
Lansing, MI
Sacramento, CA
Des Moines, IA
Carson City, NV",Pearson,10000+,"Books,Digital Media",$17-$21 /hr,"1. Bachelor’s degree
2. Strong attention to detail and analytical skills
3. Excellent communication and interpersonal skills
4. Ability to work independently and as part of a team
5. Ability to communicate, in writing, precisely and effectively
...",not sure,
"Software Quality Administrator, Temporary",2025-08-26,https://jobright.ai/jobs/info/6890eeeef5ee707a15dbabf4?utm_source=1100&utm_campaign=Software Engineering,On Site,"Multi Location
Annapolis, MD
Raleigh, NC
Austin, TX
Washington, DC
Augusta, ME
Des Moines, IA
Jefferson City, MO
Boston, MA
Nashville, TN
Lansing, MI
Indianapolis, IN
Denver, CO
Columbus, OH
Tallahassee, FL
Santa Fe, NM
Providence, RI
Charleston, WV
Bismarck, ND
Salem, OR
Frankfort, KY
Atlanta, GA
Juneau, AK
Phoenix, AZ
St Paul, MN
Hartford, CT
Madison, WI
Sacramento, CA
Concord, NH
Little Rock, AR
Columbia, SC
Springfield, IL",Pearson,10000+,"Books,Digital Media",$17-$21 /hr,"1. H.S. diploma or GED
2. Working knowledge of industry standard mobile device and computer operating systems
3. Proficient analytical, critical-thinking, and problem-solving abilities
4. High attention to detail and precision in spotting discrepancies
5. Proven ability to analyze, research, and clearly communicate testing outcomes and software defects to stakeholders
...",not sure,
"Associate, Application Developer (Melbourne, FL)",2025-08-26,https://jobright.ai/jobs/info/68adc9b4758f2e4ac300ea5c?utm_source=1100&utm_campaign=Software Engineering,On Site,"Melbourne, FL",L3Harris Technologies,10000+,"Commercial,Information Technology",$70K-$130K /yr,"1. Bachelor’s degree in Information Technology, Computer Engineering, Computer Science or related field
2. GPA of 3.0 or greater",no,
Software Engineer (E),2025-08-26,https://jobright.ai/jobs/info/67d651e193d8ef41d8a86d84?utm_source=1100&utm_campaign=Software Engineering,On Site,"Ann Arbor, MI",KLA,10000+,"Electronics,Information Technology",$65K-$111K /yr,"1. Bachelor's Level Degree and 0 years related work experience
2. Outstanding skills and hands on experience with development in C/C++ and Python in a Windows/Linux environment
3. Deep conceptual understanding of multi-threaded, multi process and distributed software systems
4. Experience in object-oriented programming or object-oriented design
5. Good oral and written communications skills to interact with other development and applications engineers on a daily basis",not sure,yes
"Software Engineer, Systems Research, PhD, Early Career",2025-08-26,https://jobright.ai/jobs/info/6880ca4f29ad6b2744adc02e?utm_source=1100&utm_campaign=Software Engineering,On Site,"Multi Location
Sunnyvale, CA
Seattle, WA",Google,10000+,"Apps,Artificial Intelligence (AI)",$141K-$202K /yr,"1. PhD degree in Computer Science, or a related technical field, or equivalent practical experience.
2. Experience coding in one of the following programming languages including but not limited to: C, C++, Java, JavaScript, Python, or Golang.
3. Research experience in an area of computer systems design and implementation.",not sure,
Software Engineer Graduate (Ads Infrastructure-Ranking) - 2026 Start (BS/MS),2025-08-26,https://jobright.ai/jobs/info/68add744d627244576e4f4b4?utm_source=1100&utm_campaign=Software Engineering,On Site,"San Jose, CA",TikTok,10000+,"Content Creators,Content Discovery",$119K-$187K /yr,"1. Bachelor's degree in computer science or related technical disciplines.
2. Strong Computer Science fundamentals (algorithms, data structures, software design) and problem-solving skills.
3. Solid coding skills and a good understanding of algorithms, especially causal inference, uplift model, and deep learning.
4. Experience in managing projects.",not sure,yes
Software Engineer Graduate (Live Service) - 2026 Start (BS/MS),2025-08-26,https://jobright.ai/jobs/info/68ad7155daf1431824c9cf57?utm_source=1100&utm_campaign=Software Engineering,On Site,"San Jose, CA",TikTok,10000+,"Content Creators,Content Discovery",$119K-$187K /yr,"1. Good programming experience with at least one of the following languages: C, C++, Java, Python, or Go.
2. Familiar with Unix/Linux operating systems.
3. Experience with SQL, NoSQL databases, Memcache/Redis.",not sure,yes
Software Engineer Graduate (Ads Infrastructure-Ranking) - 2026 Start (BS/MS),2025-08-26,https://jobright.ai/jobs/info/68ae13d9758f2e4ac3011148?utm_source=1100&utm_campaign=Software Engineering,On Site,"San Jose, CA",TikTok,10000+,"Content Creators,Content Discovery",$118657-$187200 /yr,"1. Bachelor's degree in computer science or related technical disciplines.
2. Strong Computer Science fundamentals (algorithms, data structures, software design) and problem-solving skills.
3. Solid coding skills and a good understanding of algorithms, especially causal inference, uplift model, and deep learning.
4. Experience in managing projects.",not sure,yes
Embedded Software Engineer I,2025-08-26,https://jobright.ai/jobs/info/68ad9276daf1431824c9d370?utm_source=1100&utm_campaign=Software Engineering,On Site,"Simi Valley, CA",Parker Hannifin,10000+,"Hardware,Manufacturing",$70K-$115K /yr,"1. Experience using C at a low level (microcontrollers, drivers, interacting with hardware, etc…)
2. C programming language, research and implement correctly rounded hypot and log functions, with POSIX.1-2017, ISO C and DO-178C standards
3. Experience with Software verification of embedded systems programmed in C, Assembly and SCADE - Version Control and Configuration Management with AccuRev and DOORS
4. System verification through lab equipment, multimeters and labview software interfacing with DAC/ADC
5. Aerospace Software Engineering Compliance with DO-178B/C and Documentation, SOI Audit experience
...",not sure,yes
"Software Engineer, New Grad (2026)",2025-08-26,https://jobright.ai/jobs/info/68ad5f23daf1431824c9c638?utm_source=1100&utm_campaign=Software Engineering,On Site,"San Francisco, CA",Harvey,251-500,"Artificial Intelligence (AI),Information Technology",$165000-$165000 /yr,"1. BS in Computer Science or related degree, graduation Spring 2026
2. Applicants must currently reside in the San Francisco Bay Area and be able to commute to our San Francisco office. Relocation is not available for this role.
3. Strong programming fundamentals in one or more languages
4. Experience from previous software engineering internships
5. Interest in building highly intuitive, product-focused software
...",not sure,yes
Early Career Software/Computer Science Engineer,2025-08-26,https://jobright.ai/jobs/info/68ad7bead627244576e4de9d?utm_source=1100&utm_campaign=Software Engineering,On Site,"Lynchburg, VA",Framatome,10000+,"Energy,Oil and Gas",$65K-$84K /yr,"1. Completed a BS in Computer Science Engineering, Software Engineering, or a related engineering degree.
2. Strong technical problem-solving abilities.
3. Interpersonal skills.
4. Excellent technical writing and verbal communication skills.
5. Ability to develop and maintain good interpersonal relationships.
...",no,
Software Engineer Graduate (Ads Infrastructure) - 2026 Start (BS/MS),2025-08-25,https://jobright.ai/jobs/info/68add6f3daf1431824c9e633?utm_source=1100&utm_campaign=Software Engineering,On Site,"San Jose, CA",TikTok,10000+,"Content Creators,Content Discovery",$119K-$187K /yr,"1. Bachelor's degree in computer science or related technical disciplines.
2. Strong Computer Science fundamentals (algorithms, data structures, software design) and problem-solving skills.
3. Solid coding skills and a good understanding of algorithms, especially causal inference, uplift model, and deep learning.
4. Experience in managing projects.",not sure,yes
Software Engineer II,2025-08-25,https://jobright.ai/jobs/info/68ad0fd4758f2e4ac300aad4?utm_source=1100&utm_campaign=Software Engineering,Hybrid,"San Diego, CA",Sony Interactive Entertainment,10000+,"Consumer Goods,Music",$150K-$225K /yr,"1. Computer Science or related fields degree or equivalent experience.
2. 1-4 years of professional software development experience.
3. Experience writing high-performance code in Java.
4. Experience working with, building, and extending large systems and platforms.
5. Experience with Splunk and/or Datadog.",not sure,
Developer - Web Applications,2025-08-25,https://jobright.ai/jobs/info/68acfd30758f2e4ac300a0a5?utm_source=1100&utm_campaign=Software Engineering,Remote,United States,Maximus,10000+,"Business Process Automation (BPA),Consulting",$68K-$103K /yr,"1. Bachelor's degree in Computer Science, Web Development, or related field, or equivalent combination of education and experience
2. Strong foundation in web development frameworks and tooling
3. Experience with SharePoint Online, including site creation and customization
4. Understanding of modern JavaScript frameworks/libraries (React, Vue, or Angular)
5. Basic knowledge of version control systems (Git)
...",not sure,
Test Manager,2025-08-25,https://jobright.ai/jobs/info/68ad20dadaf1431824c9a9d1?utm_source=1100&utm_campaign=Software Engineering,On Site,"Novi, MI",KPIT,10000+,"Artificial Intelligence (AI),Automotive","$104,83-$2 /yr","1. Master's or equivalent in Engineering (any), IT, or related
2. 1 year of experience in the job offered or as a software designer, developer, tester, analyst, or related occupation in the automotive domain
3. Alternatively, a Bachelor's in the above-stated fields plus 5 years of progressive post-baccalaureate experience in the above-stated occupations",not sure,
Embedded Software Engineer,2025-08-25,https://jobright.ai/jobs/info/68ad1cf9d627244576e4b4a0?utm_source=1100&utm_campaign=Software Engineering,On Site,"North Logan, UT",Space Dynamics Laboratory,251-500,Non Profit,$70K-$118K /yr,"1. BS in related field (i.e., computer science, computer engineering, electrical engineering)
2. 0-10 years of relevant work experience
3. Working knowledge of software programming and testing using C/C++
4. Experience with Linux and an understanding of how it works
5. Experience with software version control and bug tracking tools (e.g., Git, Jira)
...",no,yes
IT Quality Tester - On Call,2025-08-25,https://jobright.ai/jobs/info/68ad1ba6d627244576e4b330?utm_source=1100&utm_campaign=Software Engineering,On Site,"Las Vegas, NV",Fontainebleau Las Vegas,1001-5000,,$25-$25 /hr,"1. Must be at least 21 years of age.
2. Strong attention to detail and critical thinking.
3. Good written and verbal communication skills.
4. Ability to work independently and collaboratively in a team environment.
5. Willingness to learn and grow in the QA field.
...",not sure,
Test Engineer (Automotive Software Engineer),2025-08-25,https://jobright.ai/jobs/info/68ad1af7daf1431824c9a708?utm_source=1100&utm_campaign=Software Engineering,On Site,"Novi, MI",KPIT,10000+,"Artificial Intelligence (AI),Automotive","$104,83-$2 /yr","1. Master's or equivalent in Engineering (any), IT, or related
2. 1 year of experience in the job offered or as a software designer, developer, tester, analyst, or related occupation in the automotive domain
3. Alternatively, a Bachelor's in the above-stated fields plus 5 years of progressive post-baccalaureate experience in the above-stated occupations",not sure,
Software Engineer Graduate (Ads Infrastructure) - 2026 Start (BS/MS),2025-08-25,https://jobright.ai/jobs/info/68ae106bdaf1431824ca06b2?utm_source=1100&utm_campaign=Software Engineering,On Site,"San Jose, CA",TikTok,10000+,"Content Creators,Content Discovery",$118657-$187200 /yr,"1. Bachelor's degree in computer science or related technical disciplines.
2. Strong Computer Science fundamentals (algorithms, data structures, software design) and problem-solving skills.
3. Solid coding skills and a good understanding of algorithms, especially causal inference, uplift model, and deep learning.
4. Experience in managing projects.",not sure,yes
"Deutsche Bank Graduate Programme - Technology, Data and Innovation (TDI) – Cary 2026",2025-08-25,https://jobright.ai/jobs/info/68ae6989758f2e4ac30135a6?utm_source=1100&utm_campaign=Software Engineering,Hybrid,"Cary, NC",Deutsche Bank,10000+,"Banking,Finance","$85,000-$85,000 /yr","1. Possess or be on track to graduate with a Bachelor/Master of Science Degree in Computer Science, Engineering, Mathematics, or a related field.
2. Complete your studies (all final exams, coursework and have no outstanding requirements for graduation) between 1st January 2025 and 31st July 2026.
3. Be able to start full time work in July 2026, subject to local working legislation.
4. Possess no more than 12 months full-time, relevant work experience.
5. Authorized to work for any employer in the United States and will not require work visa sponsorship from Deutsche Bank, now or in the future.",no,yes
2026 University Graduate - Software Engineer,2025-08-25,https://jobright.ai/jobs/info/68ad104f758f2e4ac300ab2e?utm_source=1100&utm_campaign=Software Engineering,On Site,"Multi Location
New York, NY
San Jose, CA",Adobe,10000+,"Artificial Intelligence (AI),Consulting",$76K-$152K /yr,"1. Bachelor's or Master’s in Computer Science, Computer Engineering, Electrical Engineer, or equivalent experience required with an expected graduation date of December 2026 – June 2027
2. 0-1 + years of experience in specific skill/field(s)
3. Proficient in programming languages such as Python, Java, C++ etc.
4. Strong technical background with analytical and problem-solving skills
5. Strong knowledge in Java or JavaScript and at least one other language like Python, C#, Ruby, PHP.
...",not sure,yes
Software Developer 2,2025-08-25,https://jobright.ai/jobs/info/68ad1047758f2e4ac300ab2b?utm_source=1100&utm_campaign=Software Engineering,On Site,"Austin, TX",Oracle,10000+,"Data Governance,Data Management",$90K-$159K /yr,"1. Bachelor's degree in Computer Science, Engineering or related technical field
2. 1 year of experience in the job offered or in a Software Developer-related occupation
3. Computer Science fundamentals
4. Java
5. JavaScript
...",not sure,
Software Engineer - Backend,2025-08-25,https://jobright.ai/jobs/info/68ad1015daf1431824c9a355?utm_source=1100&utm_campaign=Software Engineering,On Site,"Multi Location
New York, NY
San Francisco, CA",Nextdoor,501-1000,"CivicTech,Communities",$153K-$212K /yr,"1. 1-5 years of experience as a Software Engineer and a Bachelor's degree in Computer Science, or equivalent work experience
2. Self-starter who thrives in an ambiguous environment and focuses on delivering impact for our neighbors
3. Strong coding abilities in at least one language. Python or Kotlin experience preferred
4. Experience building and deploying flexible backend systems at scale
5. Strong collaboration and communication skills
...",not sure,
Junior Implementation Analyst,2025-08-25,https://jobright.ai/jobs/info/68ad2be5758f2e4ac300b633?utm_source=1100&utm_campaign=Software Engineering,Hybrid,"Walnut Creek, CA",Derivative Path,101-250,"Finance,Financial Exchanges",$70K-$90K /yr,"1. Baccalaureate or Graduate degrees in Business or Finance or relevant work experience.
2. Background in finance, accounting, or a related field, with exposure to capital markets or transferable experience preferred.
3. Excellent written and verbal communication skills.
4. Comfortability with data analysis and use of productivity tools like Excel.
5. Willingness and ability to learn financial transaction concepts and in a software configuration and onboarding project(s).
...",not sure,
"Deutsche Bank Graduate Programme - Technology, Data and Innovation (TDI) – New York 2026",2025-08-25,https://jobright.ai/jobs/info/68ae6343d627244576e538db?utm_source=1100&utm_campaign=Software Engineering,Hybrid,"New York, NY",Deutsche Bank,10000+,"Banking,Finance",$100000-$100000 /yr,"1. Possess or be on track to graduate with a Bachelor/Master of Science Degree in Computer Science, Engineering, Mathematics, or a related field.
2. Complete your studies (all final exams, coursework and have no outstanding requirements for graduation) between 1st January 2025 and 31st July 2026.
3. Be able to start full time work in July 2026, subject to local working legislation.
4. Possess no more than 12 months full-time, relevant work experience.
5. Authorized to work for any employer in the United States and will not require work visa sponsorship from Deutsche Bank, now or in the future.",no,yes
Software Engineer Entry Level (Java / C++),2025-08-25,https://jobright.ai/jobs/info/68a9172b6acf96396f724bc8?utm_source=1100&utm_campaign=Software Engineering,Hybrid,"Manassas, VA",General Dynamics Mission Systems,10000+,"Aerospace,Business Information Systems",$82K-$91K /yr,"1. Requires a Bachelor’s degree in Software Engineering, or a related Science, Engineering or Mathematics field.
2. Department of Defense Secret security clearance is required within a reasonable period of time.
3. U.S. citizenship is required.",no,
Test-Developer,2025-08-25,https://jobright.ai/jobs/info/68ad0af7daf1431824c9a07a?utm_source=1100&utm_campaign=Software Engineering,On Site,"Multi Location
Powderhorn, CO
Oceanside, CA
Oak Park Heights, MN
New York, NY",Andersen Corporation,10000+,"Building Material,Home Decor",$68480-$102720 /yr,,not sure,
Early Career Software Engineer,2025-08-25,https://jobright.ai/jobs/info/68ad0a23758f2e4ac300a7f1?utm_source=1100&utm_campaign=Software Engineering,Hybrid,"Multi Location
San Francisco, CA
San Mateo, CA",Citizen Health,51-100,,$130K-$180K /yr,"1. 0-3 years of professional software engineering experience with a track record of launching user-facing features or services.
2. Strength in one or more of the following: Frontend: JavaScript/TypeScript with a modern framework (e.g., React/Vue), semantic HTML/CSS, accessibility, and performance for data-heavy UIs.
3. Product Engineering: Strong product sense and UX instincts; you use user needs, data, and experiments to guide decisions and iterate quickly.
4. Working knowledge of performance, scalability, and security fundamentals appropriate to your layer (e.g., web perf, API efficiency, data modeling, auth).
5. Experience with testing (e.g., Jest, React Testing Library, Cypress, PyTest) and comfort with code reviews and iterative development.",not sure,yes
Embedded Software Engineer,2025-08-25,https://jobright.ai/jobs/info/68ad0726d627244576e4ab97?utm_source=1100&utm_campaign=Software Engineering,On Site,"North Logan, UT",Space Dynamics Laboratory,251-500,Non Profit,$70000-$118000 /yr,"1. BS in related field (i.e., computer science, computer engineering, electrical engineering)
2. 0-10 years of relevant work experience
3. Working knowledge of software programming and testing using C/C++
4. Experience with Linux and an understanding of how it works
5. Experience with software version control and bug tracking tools (e.g., Git, Jira)
...",no,yes
Software Engineer,2025-08-25,https://jobright.ai/jobs/info/68ad0620d627244576e4a9b4?utm_source=1100&utm_campaign=Software Engineering,On Site,"Rochester, Minnesota",CTG,1001-5000,"Consulting,Information Technology",$65-$78 /hr,"1. Experience with Agile software development techniques.
2. Experience with modern application development frameworks.
3. Demonstrated problem solving and time management skills.
4. Possesses strong technical aptitude for designing and implementing software solutions.
5. Knowledge of professional software engineering practices & best practices for the full software development life cycle, including coding standards, code reviews, source control management, build processes, testing, and operations.
...",no,
IT Engineer – Supply Chain,2025-08-25,https://jobright.ai/jobs/info/68ad0620d627244576e4a9b5?utm_source=1100&utm_campaign=Software Engineering,Hybrid,"Morrisville, NC",Lenovo,10000+,"Computer,Electronics",$75K-$85K /yr,"1. 1-2 years of Experience with SAP and IT Support
2. Bachelor’s Degree in Computer Science, Engineering or relevant field required",not sure,
NSW Software Engineering Scientist Associate,2025-08-25,https://jobright.ai/jobs/info/689e7d0383d13d1f5b6bce81?utm_source=1100&utm_campaign=Software Engineering,On Site,"Austin, TX",The University of Texas at Austin,501-1000,"Corporate Training,Education",$88K-$120K /yr,"1. Bachelor’s degree in Computer Science, Computer Engineering, Software Engineering or other related discipline.
2. Demonstrated experience with C++.
3. Demonstrated experience with Python.
4. Thorough understanding of object-oriented programming concepts, data structures/design patterns/algorithm performance analysis.
5. Understanding of the software development lifecycle.
...",no,
Associate Software Engineer- K8s Agents,2025-08-25,https://jobright.ai/jobs/info/68ad01c7d627244576e4a710?utm_source=1100&utm_campaign=Software Engineering,Hybrid,"Portland, Oregon, USA",New Relic,1001-5000,"Analytics,Application Performance Management",$96000-$120000 /yr,"1. You have experience and are passionate about instrumentation, agents, large scale distributed systems, Linux systems, software architectures and Go programming language.
2. Strong Golang experience and familiarity with scaling applications in Kubernetes environments.
3. Willingness to work on UI components to display queried data gathered from multiple backend services.
4. You're an autonomous, cross-functional, and agile person who thrives in a fast-paced environment focused on delivering high-quality software at a regular cadence.
5. You're self-motivated, learn fast, accountable and demonstrate creative problem-solving skills.
...",no,
Associate Software Engineer- K8s Agents,2025-08-25,https://jobright.ai/jobs/info/68acfea2758f2e4ac300a1c7?utm_source=1100&utm_campaign=Software Engineering,Hybrid,"Portland, OR",New Relic,1001-5000,"Analytics,Application Performance Management",$96K-$120K /yr,"1. You have experience and are passionate about instrumentation, agents, large scale distributed systems, Linux systems, software architectures and Go programming language.
2. Strong Golang experience and familiarity with scaling applications in Kubernetes environments.
3. Willingness to work on UI components to display queried data gathered from multiple backend services.
4. You're an autonomous, cross-functional, and agile person who thrives in a fast-paced environment focused on delivering high-quality software at a regular cadence.
5. You're self-motivated, learn fast, accountable and demonstrate creative problem-solving skills.
...",no,
"Analyst- Application Dev Associate (Colorado Springs, CO)",2025-08-25,https://jobright.ai/jobs/info/68acf870daf1431824c996e2?utm_source=1100&utm_campaign=Software Engineering,Hybrid,"Colorado Springs, CO","Kinder Morgan, Inc.",10000+,"Energy,Natural Resources",$67K-$93K /yr,"1. Experience in an application development environment using Winforms .Net or equivalent technology.
2. Experience in using SQL to select and manipulate data.
3. Experience in the implementation and upgrade processes.
4. Good interpersonal skills with demonstrated ability to communicate systems requirements verbally and in writing.
5. Experience in working on multiple assignments during the same time frame and juggling tasks based on relative priorities with supervision commensurate with grade level.
...",not sure,
Junior Quality Assurance-Saas,2025-08-25,https://jobright.ai/jobs/info/68ae5866daf1431824ca273a?utm_source=1100&utm_campaign=Software Engineering,Remote,United States,Millennium Systems International,51-100,"Beauty,Information Technology",$45K-$50K /yr,"1. Solid understanding of quality assurance fundamentals and best practices
2. Ability to analyze requirements—even when incomplete—and derive meaningful test cases
3. Collaborative approach to working with developers to debug and validate product features
4. Familiarity with client-side web development concepts
5. Working knowledge of database fundamentals and hands-on experience with SQL
...",no,
Software Engineer,2025-08-25,https://jobright.ai/jobs/info/68acf3a5758f2e4ac3009c52?utm_source=1100&utm_campaign=Software Engineering,Hybrid,"Plymouth, MN",Banner Engineering,1001-5000,"Electronics,Manufacturing",$89K-$154K /yr,"1. Bachelor’s degree in Computer Engineering, Electrical Engineering, or Software Engineering.
2. Knowledge of Python and related Software Development Processes.
3. Understand embedded systems and how to develop automated test systems for those systems.",not sure,
QA Analyst,2025-08-25,https://jobright.ai/jobs/info/68acf31c758f2e4ac3009b8e?utm_source=1100&utm_campaign=Software Engineering,Remote,United States,Prompt Health,11-50,"Health Care,Information Technology",$65K-$85K /yr,"1. 1 - 3 years of experience in a QA Analyst or similar role, preferably working with healthcare-related software, particularly in rehab therapy or similar domains.
2. Solid experience with manual testing techniques such as functional, regression, smoke, and acceptance testing.
3. Strong documentation skills for writing test cases, test plans, and bug reports.
4. Exceptional ability to identify issues and inconsistencies in software and provide actionable feedback.
5. Excellent written and verbal communication skills, with the ability to collaborate across teams.
...",not sure,
University Grad 2026: Software Engineer | Frontend,2025-08-25,https://jobright.ai/jobs/info/68acedb1daf1431824c99200?utm_source=1100&utm_campaign=Software Engineering,On Site,"Queens County, NY",Ramp,1001-5000,"Finance,Financial Services",$142K-$175K /yr,"1. Graduating with a B.S. (or higher) in Computer Science or a related technical field; this role is ideal for a candidate with an expected graduation date in or around May 2026 given the deferred start date in Summer/Fall 2026
2. Proficiency in JavaScript, with a knack for getting the visuals right
3. Experience with one or more object-oriented programming languages
4. Track record of shipping high quality products and features or a portfolio of side projects
5. Ability to turn business and product ideas into engineering solutions
...",not sure,
2025 Fulltime - Raytheon Missile Defense Sensors Software Engineer I (On-site),2025-08-25,https://jobright.ai/jobs/info/68ace99ddaf1431824c990d6?utm_source=1100&utm_campaign=Software Engineering,On Site,"Tewksbury, MA",Raytheon,501-1000,"Intellectual Property,Internet",$55K-$107K /yr,"1. Bachelor’s degree in Computer Science, Engineering, Mathematics, or a related (STEM) discipline.
2. This position requires 12 months or less of relevant professional work experience (excluding internships).
3. Experience developing software with C, C++, Java, or Ada.
4. The ability to obtain an Interim Secret U.S. government issued security clearance is required prior to start date.",no,
2026 University Graduate - Software Engineer,2025-08-25,https://jobright.ai/jobs/info/68acdaa2daf1431824c98c9f?utm_source=1100&utm_campaign=Software Engineering,On Site,"Multi Location
San Jose
Lehi
New York",Adobe,10000+,"Artificial Intelligence (AI),Consulting",$76000-$152200 /yr,"1. Bachelor's or Master’s in Computer Science, Computer Engineering, Electrical Engineer, or equivalent experience required with an expected graduation date of December 2026 – June 2027
2. 0-1 + years of experience in specific skill/field(s)
3. Proficient in programming languages such as Python, Java, C++ etc.
4. Strong technical background with analytical and problem-solving skills
5. Strong knowledge in Java or JavaScript and at least one other language like Python, C#, Ruby, PHP.
...",not sure,yes
Quality Assurance Specialist I,2025-08-25,https://jobright.ai/jobs/info/68acda60d627244576e49906?utm_source=1100&utm_campaign=Software Engineering,On Site,USA CA - San Diego (BDB),BD,10000+,"Health Care,Medical Device",$28.80-$47.30 /hr,"1. Bachelor's degree with minimum one year of medical device industry experience.
2. Solid understanding of SAP and MS Office products (advanced level)",not sure,
2026 University Graduate - Software Engineer,2025-08-25,https://jobright.ai/jobs/info/68acd9afdaf1431824c98ba7?utm_source=1100&utm_campaign=Software Engineering,On Site,"Multi Location
Waltham
San Francisco
Lehi
Seattle
Austin
New York
San Jose",Adobe,10000+,"Artificial Intelligence (AI),Consulting","$76,000-$152,200 /yr","1. Bachelor's or Master’s in Computer Science, Computer Engineering, Electrical Engineer, or equivalent experience required with an expected graduation date of December 2025 – June 2026
2. 0-1 + years of experience in specific skill/field(s)
3. Proficient in programming languages such as Python, Java, C++ etc.
4. Strong technical background with analytical and problem-solving skills
5. Strong knowledge in Java or JavaScript and at least one other language like Python, C#, Ruby, PHP.
...",not sure,yes
Design Engineer I - Synthetic Environment Developer (Onsite),2025-08-25,https://jobright.ai/jobs/info/68acc998daf1431824c983bc?utm_source=1100&utm_campaign=Software Engineering,On Site,"HUT31: Salt Lake City, UT 600 Komas Drive  , Salt Lake City, UT, 84108-1229 USA",RTX,10000+,"Aerospace,Manufacturing",,"1. Requires a Bachelor’s degree and 12 months or less of relevant professional work experience (excluding internships).
2. U.S. citizenship is required, as only U.S. citizens are authorized to access information under this program/contract.",no,
Software Engineer - Backend,2025-08-25,https://jobright.ai/jobs/info/68acc96e758f2e4ac3008b66?utm_source=1100&utm_campaign=Software Engineering,On Site,"Multi Location
New York, NY
San Francisco, CA",Nextdoor,501-1000,"CivicTech,Communities","$153,000-$212,000 /yr","1. 1-5 years of experience as a Software Engineer and a Bachelor's degree in Computer Science, or equivalent work experience
2. Self-starter who thrives in an ambiguous environment and focuses on delivering impact for our neighbors
3. Strong coding abilities in at least one language. Python or Kotlin experience preferred
4. Experience building and deploying flexible backend systems at scale
5. Strong collaboration and communication skills
...",not sure,
Application Developer,2025-08-25,https://jobright.ai/jobs/info/68acc665d627244576e48f3a?utm_source=1100&utm_campaign=Software Engineering,On Site,"New York, United States",Visionary Integration Professionals (VIP),501-1000,"CRM,DevOps",$90K-$95K /yr,"1. Bachelor's degree in Computer Science, Information Systems, Mathematics, or Engineering.
2. Experience in a .NET or similar development environment.
3. Experience with either VB.Net or C#.
4. Exposure to SQL in Microsoft SQL Server, Oracle, PostgreSQL, MySQL, or a similar database management system.
5. Excellent written and verbal communication and interpersonal skills are critical—charismatic people person with the ability to talk to anyone and comfort working in an ever-changing, fast-paced environment.
...",not sure,
Software Developer I - Maps SDK for JavaScript,2025-08-25,https://jobright.ai/jobs/info/68acad90758f2e4ac3007910?utm_source=1100&utm_campaign=Software Engineering,Hybrid,"Redlands, CA",Esri,5001-10000,"3D Technology,Analytics",$79K-$130K /yr,"1. 1+ years of practical experience in software development
2. Excellent programming skills in a modern programming language
3. Strong background in software design and architecture
4. Excellent creative thinking and communication skills
5. Ability to work in a fast-paced team environment with frequent releases and tight schedules
...",not sure,
Cloud Engineer Graduate,2025-08-25,https://jobright.ai/jobs/info/68a6cfc2758f2e4ac3fe8421?utm_source=1100&utm_campaign=Software Engineering,Hybrid,"Spring, TX",Hewlett Packard Enterprise,10000+,"Data Center,Enterprise Software",$80K-$183K /yr,"1. Bachelor´s degree in Statistics, Operations Research, Computer Science or equivalent.
2. Typically 0-2 years experience.
3. Knowledge of at least one programming language like C, C++, python, JavaScript, Java or associated libraries, web-sockets, and other cloud networking protocols.
4. Familiarity with and understanding of design for software systems running on multiple platform types.
5. A basic understanding of Object-Oriented Programming (OOP) principles & Model View Controller (MVC) design patterns, in addition to SQL / NoSQL DBs, GNU, Linux, IPC and process scheduling, and networking protocols TCP/IP.
...",not sure,yes
StarRez System Manager,2025-08-25,https://jobright.ai/jobs/info/68acbf26d627244576e48c10?utm_source=1100&utm_campaign=Software Engineering,Hybrid,United States,Ball State University,1001-5000,"Education,Higher Education",$50K-$64K /yr,"1. Bachelor's degree from an accredited institution or equivalent.
2. One year experience with system configuration experience with the StarRez Housing Management system.
3. Experience with SQL or StarQL is required.
4. Experience supporting and troubleshooting computer systems including system integrations.",no,
Software Developer â Entry Level,2025-08-25,https://jobright.ai/jobs/info/68acd102758f2e4ac30090da?utm_source=1100&utm_campaign=Software Engineering,Hybrid,"Fairfax, VA",CGI,5001-10000,"Analytics,Application Performance Management",$61K-$101K /yr,"1. Bachelors degree from an accredited college or university in Computer Science, Computer Engineering, Information Systems or a related technical field
2. Foundational experience in software development (SQL, Java, C#, .NET, J2EE, C++)
3. Strong ability to learn new frameworks and technologies quickly
4. A growth-oriented mindset and a passion for learning
5. Excellent analytical thinking, and strong written and verbal communication skills
...",no,
"Software Engineer (AWS, React, TypeScript, Java)",2025-08-25,https://jobright.ai/jobs/info/68acbcb4758f2e4ac3008408?utm_source=1100&utm_campaign=Software Engineering,On Site,"McLean, VA",Capital One,10000+,"Banking,Credit Cards",$133000-$151800 /yr,"1. Bachelor’s Degree
2. At least 1.5 years of experience in software engineering (Internship experience does not apply)",no,
Software Developer 2,2025-08-25,https://jobright.ai/jobs/info/68acbae5d627244576e48961?utm_source=1100&utm_campaign=Software Engineering,On Site,"Austin, TX",Oracle,10000+,"Data Governance,Data Management",$115K-$159K /yr,"1. Master’s degree in Computer Science, Engineering or related technical field and 1 year of experience in the job offered or in a Software Developer-related occupation
2. Object-oriented languages such as Java, Go, C, C++, Python, or PHP
3. RESTful APIs and web services
4. Containerized applications and orchestration
5. Linux and scripting
...",not sure,
"Analyst- Application Dev Associate (Colorado Springs, CO)",2025-08-25,https://jobright.ai/jobs/info/68acb4fbd627244576e48518?utm_source=1100&utm_campaign=Software Engineering,Hybrid,"COLORADO SPRINGS, CO, 80903, USA","Kinder Morgan, Inc.",10000+,"Energy,Natural Resources",$66700-$93400 /yr,"1. Bachelors Degree
2. Less than 1 year experience
3. Code, test and maintain highly complex programs under moderate to minimal supervision.
4. Consults with business analysts and developers to ascertain common custom development requirements and then transform requirements into technical specifications.
5. Responsible for application design, development and testing.
...",not sure,
Cloud Support Engineer,2025-08-25,https://jobright.ai/jobs/info/68acb31b758f2e4ac3007deb?utm_source=1100&utm_campaign=Software Engineering,On Site,"Reston, VA",Zachary Piper Solutions,101-250,"Government,Information Services",$140000-$140000 /yr,1. Active TS/SCI FS Poly clearance is a requirement,no,
Software Developer TS/SCI w/Polygraph,2025-08-25,https://jobright.ai/jobs/info/68acb24ed627244576e4803d?utm_source=1100&utm_campaign=Software Engineering,On Site,"McLean, VA",General Dynamics Information Technology,10000+,"Artificial Intelligence (AI),Cloud Computing",$95K-$128K /yr,"1. Experience in design and develop tools.
2. Experience in providing operations and maintenance of operational systems.
3. Experience modifying existing software to correct errors, allow it to adapt to new hardware or software, or to improve its performance.
4. Experience in analyzing user needs and software requirements to determine feasibility of design within time and cost restraints.
5. Experience consulting with customers about software system design and maintenance.
...",no,yes
Digital Assurance & Transparency (DAT) Tech Associate - Summer / Fall 2026,2025-08-25,https://jobright.ai/jobs/info/68ad4eb7758f2e4ac300c98c?utm_source=1100&utm_campaign=Software Engineering,On Site,"Multi Location
Dallas, TX
Detroit Metro
Philadelphia, PA
Houston, TX
Chicago, IL",PwC,10000+,"Accounting,Business Development",$54K-$104K /yr,"1. Currently pursuing or have completed a Bachelor's degree in Accounting, Management Information Systems, Business Analytics, Computer and Information Science, Information Technology, or Business Administration/Management
2. Before starting full-time at PwC, meet the educational requirements to be eligible to sit for the CPA exam in your intended state of employment or the educational requirements for licensure as a Certified Information Systems Auditor (CISA)
3. At least a 3.0 overall GPA
4. Client service associate positions are entry-level roles intended for job seekers who are completing or have recently completed their final academic year of educational requirements",no,
Embedded Software Engineer,2025-08-25,https://jobright.ai/jobs/info/68acaee0daf1431824c971bd?utm_source=1100&utm_campaign=Software Engineering,On Site,"Schaumburg, IL",Motorola Solutions,10000+,"Cyber Security,Telecommunications",$75K-$150K /yr,"1. Bachelor's (BS) or Master's (MS) degree in Computer Engineering, Electrical & Computer Engineering, or related technical field.
2. Experience programming in C, C++, and/or Python
3. Must be a U.S. citizen with the ability to obtain necessary security clearance as required by government contract. Some contracts may have higher-level clearance requirements.
4. Excellent understanding of real-time embedded software design and be proficient in Linux, C, C++, Python and other software languages and operating systems.
5. Flexible, results-oriented problem-solver who requires minimal supervision.
...",no,
Front End Developer - Clearance Required,2025-08-25,https://jobright.ai/jobs/info/68acad34daf1431824c97049?utm_source=1100&utm_campaign=Software Engineering,Remote,United States,LMI,1001-5000,"Analytics,Consulting",$88K-$105K /yr,"1. Bachelor’s degree in Computer Science or related field and/or equivalent experience
2. 1–3 years of experience using HTML5, CSS, and JavaScript in a professional setting
3. Experience building web interfaces using React.js and/or vanilla JavaScript
4. Familiarity with modern software development practices including Git, Agile workflows, and CI/CD pipelines
5. Ability to write clear, well-documented, and testable code
...",no,
Software Engineer (Secret) (4611),2025-08-25,https://jobright.ai/jobs/info/68acaca3d627244576e47d7e?utm_source=1100&utm_campaign=Software Engineering,On Site,"Boston, MA",SMX,1001-5000,"Analytics,Cloud Computing","$93,700-$156,200 /yr","1. Must have High School diploma or Bachelor's degree and minimum 1-3 years' experience for junior-level.
2. Must have Bachelor’s degree or equivalent certification plus 4 years' experience for mid-level.
3. Must have Bachelor’s degree or equivalent certification plus 8 years' experience for senior-level.
4. Must have Master’s degree or equivalent certification plus 16 years' experience for SME-level.
5. Experience in a software engineering field (Junior 1+ years, Mid 4+ years, Senior *+ years)
...",no,
Junior Software Engineer,2025-08-25,https://jobright.ai/jobs/info/68ac9fb1758f2e4ac300709b?utm_source=1100&utm_campaign=Software Engineering,On Site,"Chantilly, VA",Parsons Corporation,10000+,"Building Material,Construction",$62K-$109K /yr,"1. Bachelor’s or advanced degree in Electrical Engineering, Computer Science, Computer Engineering, or related discipline
2. 0 to 2 years of experience in software design/development, data structures, and algorithms
3. 0 to 1 year of experience in a Linux environment and software development
4. 0 to 1 year of Programming Languages: Python, C/C++
5. Code management with Git or other common tools
...",no,yes
Junior Quality Assurance-Saas,2025-08-25,https://jobright.ai/jobs/info/68ae57dbd627244576e5345b?utm_source=1100&utm_campaign=Software Engineering,Remote,United States,Millennium Systems International,51-100,"Beauty,Information Technology",$45000-$50000 /yr,"1. Solid understanding of quality assurance fundamentals and best practices
2. Ability to analyze requirements—even when incomplete—and derive meaningful test cases
3. Collaborative approach to working with developers to debug and validate product features
4. Familiarity with client-side web development concepts
5. Working knowledge of database fundamentals and hands-on experience with SQL
...",no,
QA Engineer - Software Quality & Automation,2025-08-25,https://jobright.ai/jobs/info/68aca0badaf1431824c96a59?utm_source=1100&utm_campaign=Software Engineering,On Site,"Santa Clara, CA",Graid Technology Inc.,51-100,"Information Technology,Software",$110K-$240K /yr,"1. Bachelor’s degree in Computer Science or a related field
2. Proficiency in Bash and Python is required for test automation
3. Proven experience in software quality assurance and testing methodologies
4. Familiarity with automated testing tools and frameworks
5. Experience with CI/CD pipelines, observability platforms, and infrastructure-as-code
...",no,
Software Developer TS/SCI w/Polygraph,2025-08-25,https://jobright.ai/jobs/info/68aca032d627244576e47757?utm_source=1100&utm_campaign=Software Engineering,On Site,USA VA McLean,General Dynamics Information Technology,10000+,"Artificial Intelligence (AI),Cloud Computing","$94,676-$128,092 /yr","1. Experience in design and develop tools.
2. Experience in providing operations and maintenance of operational systems.
3. Experience modifying existing software to correct errors, allow it to adapt to new hardware or software, or to improve its performance.
4. Experience in analyzing user needs and software requirements to determine feasibility of design within time and cost restraints.
5. Experience consulting with customers about software system design and maintenance.
...",no,yes
Software Engineer – Business Software (Multiple Openings),2025-08-25,https://jobright.ai/jobs/info/68ac9fefd627244576e476e2?utm_source=1100&utm_campaign=Software Engineering,On Site,Washington - Pullman,Schweitzer Engineering Laboratories (SEL),5001-10000,"Electronics,Linux",$110600-$116600 /yr,"1. perform systems analysis and design together with data analysis and design
2. apply the principles of computer science
3. design, code, test, debug, document, and maintain SEL’s Business Systems
4. make software recommendations to management
5. devise and modify procedures to solve problems taking into consideration computer equipment capacity and limitations, operating time and form of desired results
...",not sure,
Software Developer – Entry Level,2025-08-25,https://jobright.ai/jobs/info/68ac9c41758f2e4ac3006f5e?utm_source=1100&utm_campaign=Software Engineering,Hybrid,"Fairfax, VA",CGI,5001-10000,"Analytics,Application Performance Management",$61K-$101K /yr,"1. Bachelor’s degree from an accredited college or university in Computer Science, Computer Engineering, Information Systems or a related technical field
2. Foundational experience in software development (SQL, Java, C#, .NET, J2EE, C++)
3. Strong ability to learn new frameworks and technologies quickly
4. A growth-oriented mindset and a passion for learning
5. Excellent analytical thinking, and strong written and verbal communication skills
...",no,
"Senior Associate, Software Engineer",2025-08-25,https://jobright.ai/jobs/info/68acc164d627244576e48dd6?utm_source=1100&utm_campaign=Software Engineering,On Site,"McLean, VA",Capital One,10000+,"Banking,Credit Cards",$133000-$151800 /yr,"1. Bachelor’s Degree
2. At least 1.5 years of experience in software engineering (Internship experience does not apply)",no,
Embedded Software Engineer,2025-08-25,https://jobright.ai/jobs/info/68ac9241daf1431824c961cb?utm_source=1100&utm_campaign=Software Engineering,On Site,"Schaumburg, IL",Motorola Solutions,10000+,"Cyber Security,Telecommunications",$75000-$150000 /yr,"1. Bachelor's (BS) or Master's (MS) degree in Computer Engineering, Electrical & Computer Engineering, or related technical field.
2. Experience programming in C, C++, and/or Python
3. Must be a U.S. citizen with the ability to obtain necessary security clearance as required by government contract. Some contracts may have higher-level clearance requirements.
4. Excellent understanding of real-time embedded software design and be proficient in Linux, C, C++, Python and other software languages and operating systems.
5. Flexible, results-oriented problem-solver who requires minimal supervision. Projects can vary greatly from one to the next, so you must thrive on variety and enjoy taking on new challenges.
...",no,
Test Engineer - Level II,2025-08-25,https://jobright.ai/jobs/info/6892d9774c7e851b90ad9519?utm_source=1100&utm_campaign=Software Engineering,On Site,"Aberdeen Proving Ground, MD","Augustine Consulting, Inc.",101-250,"Consulting,Information Technology",$95K-$130K /yr,"1. Must be a U.S. citizen.
2. Due to the sensitive nature of the work being performed, a candidate must possess or be able to obtain and maintain a Secret clearance.
3. High School diploma and 10 years' experience, or Associates’ Degree and 7 years' experience or Bachelor’s degree and 1 years’ experience.
4. Lab and hands-on Debugging Exposure.
5. Familiarity with generating change requests/trouble tickets within enterprise software ticket tracking systems
...",no,
Software Developer I - Maps SDK for JavaScript,2025-08-25,https://jobright.ai/jobs/info/68ac9077daf1431824c960a2?utm_source=1100&utm_campaign=Software Engineering,On Site,"Redlands, CA",Esri,5001-10000,"3D Technology,Analytics","$79,040-$129,792 /yr","1. 1+ years of practical experience in software development
2. Excellent programming skills in a modern programming language
3. Strong background in software design and architecture
4. Excellent creative thinking and communication skills
5. Ability to work in a fast-paced team environment with frequent releases and tight schedules
...",not sure,
2025 Fulltime - Raytheon Missile Defense Sensors Software Engineer I (On-site),2025-08-25,https://jobright.ai/jobs/info/68ac9018758f2e4ac3006977?utm_source=1100&utm_campaign=Software Engineering,On Site,"MA133: Tewksbury, Ma Bldg 3 Concord 50 Apple Hill Drive Concord - Building 3, Tewksbury, MA, 01876 USA",RTX,10000+,"Aerospace,Manufacturing",,"1. Bachelor’s degree in Computer Science, Engineering, Mathematics, or a related (STEM) discipline.
2. This position requires 12 months or less of relevant professional work experience (excluding internships).
3. Experience developing software with C, C++, Java, or Ada.
4. The ability to obtain an Interim Secret U.S. government issued security clearance is required prior to start date.",no,
Software Engineer I,2025-08-25,https://jobright.ai/jobs/info/68aca16ddaf1431824c96b1f?utm_source=1100&utm_campaign=Software Engineering,On Site,"Rancho Cordova, CA",Nidec Motor Corporation,5001-10000,"Electronics,Manufacturing",$70K-$80K /yr,"1. 0-1 years of relevant professional experience.
2. Bachelor's degree or equivalent in Computer Science, Engineering, Mathematics, or equivalent technical degree",not sure,yes
WordPress Website Developer & Designer,2025-08-25,https://jobright.ai/jobs/info/68ac87cfd627244576e4683b?utm_source=1100&utm_campaign=Software Engineering,On Site,"Montgomeryville, PA",SEO Locale,1-10,"Advertising,Digital Marketing",$40K-$55K /yr,"1. Must have experience and full understanding of HTML/CSS, WordPress and Photoshop.
2. Must have experience creating and implementing SEO strategies.
3. Participate on client calls and take inclusive notes to report back to the SEO team with.
4. Utilize and understand how to leverage multiple digital marketing tools.
5. Maintain project reports and spreadsheets.
...",not sure,
"Software Engineer - Fullstack, Redmond",2025-08-25,https://jobright.ai/jobs/info/689bfc1783d13d1f5b6a4b51?utm_source=1100&utm_campaign=Software Engineering,On Site,"Redmond, WA",Microsoft,10000+,"Artificial Intelligence (AI),Data Management",$84K-$180K /yr,"1. Bachelor's Degree (or currently pursuing a degree) in Computer Science or related technical discipline, OR equivalent experience.
2. Proven experience coding in languages including, but not limited to, C, C++, C#, Java, JavaScript, or Python.",not sure,
Full-Stack Engineer - Venn,2025-08-25,https://jobright.ai/jobs/info/681fdcf4411717d564c2cbd2?utm_source=1100&utm_campaign=Software Engineering,Hybrid,"New York, United States",Two Sigma,1001-5000,"Big Data,Machine Learning",$165K-$325K /yr,"1. Minimum 1 year of experience required
2. BS in Computer Science or related technical discipline
3. Experience with modern front-end technologies: React.js, TypeScript, JavaScript
4. Experience with Java or Python development
5. Experience with relational and NoSQL databases, test automation, DevOps and cloud technologies
...",not sure,
"Associate, Software Engineer",2025-08-25,https://jobright.ai/jobs/info/68ac68b5d627244576e45b43?utm_source=1100&utm_campaign=Software Engineering,On Site,"McLean, VA",Capital One,10000+,"Banking,Credit Cards",$114300-$130500 /yr,"1. Bachelor’s Degree
2. At least 1 year of professional software engineering experience (Internship experience does not apply)",no,
Software Developer,2025-08-25,https://jobright.ai/jobs/info/68ac52a5758f2e4ac3004e4e?utm_source=1100&utm_campaign=Software Engineering,On Site,"San Jose, CA","Super Micro Computer Spain, S.L.",1001-5000,"Data Storage,Internet of Things",$69K-$100K /yr,"1. BS in EE/CS/CE is preferred
2. 1-2 years working experience in software development preferred
3. Strong programming skills in C/C++, Java
4. Experience in Linux OS using source code control systems
5. Experience in object-oriented design, algorithm design
...",not sure,
"Backend Engineer, New Grad",2025-08-25,https://jobright.ai/jobs/info/67ee09da3a1613e932edbeee?utm_source=1100&utm_campaign=Software Engineering,On Site,"Palo Alto, CA",AppLovin,501-1000,"Advertising,Developer Tools",$119K-$179K /yr,"1. Have 0-2+ years of experience and a minimum of a BS and/or MS in Computer Science
2. Have excellent knowledge of computer science fundamentals including data structures, algorithms, and coding
3. Experience independently creating and maintaining projects",not sure,yes
Assistant Vice President – {DB9277908},2025-08-25,https://jobright.ai/jobs/info/68ac373f758f2e4ac300489b?utm_source=1100&utm_campaign=Software Engineering,On Site,"Cary, 3000 CentreGreen Way",DWS Group,1001-5000,"Asset Management,Finance","$128,640-$165,000 /yr","1. Master’s degree in Computer Science, or related field or equivalent
2. one (1) year of experience participating in the full software development lifecycle, including the analysis, design, development, UAT, and production phases of applications
3. developing strategic components using Spring Boot 3 and JDK 17
4. designing, developing, and maintaining backend systems using Java
5. implementing and optimizing RESTful APIs to support frontend applications and improve overall performance
...",not sure,
Software Developer -- Entry Level,2025-08-24,https://jobright.ai/jobs/info/68ac1787d627244576e44899?utm_source=1100&utm_campaign=Software Engineering,Hybrid,"Multi Location
Birmingham, AL
Chattanooga, TN
Charlotte, NC",CGI,5001-10000,"Analytics,Application Performance Management",$56K-$92K /yr,"1. Bachelors degree from an accredited college or university in Computer Science, Computer Engineering, Information Systems or a related technical field
2. Foundational experience in software development (SQL, Java, C#, .NET, J2EE, C++)
3. Strong ability to learn new frameworks and technologies quickly
4. A growth-oriented mindset and a passion for learning
5. Excellent analytical thinking, and strong written and verbal communication skills
...",no,
Software Developer -- Entry Level,2025-08-24,https://jobright.ai/jobs/info/68ac176fd627244576e4488e?utm_source=1100&utm_campaign=Software Engineering,Hybrid,"Multi Location
Nashville, TN
Richmond, VA",CGI,5001-10000,"Analytics,Application Performance Management",$52K-$92K /yr,"1. Bachelors degree from an accredited college or university in Computer Science, Computer Engineering, Information Systems or a related technical field
2. Foundational experience in software development (SQL, Java, C#, .NET, J2EE, C++)
3. Strong ability to learn new frameworks and technologies quickly
4. A growth-oriented mindset and a passion for learning
5. Excellent analytical thinking, and strong written and verbal communication skills
...",no,
Digital Assurance & Transparency (DAT) Tech Associate - Summer / Fall 2026,2025-08-24,https://jobright.ai/jobs/info/68abf7c4daf1431824c929b4?utm_source=1100&utm_campaign=Software Engineering,On Site,"Multi Location
MI-Detroit
PA-Philadelphia
IL-Chicago
TX-Dallas
NY-New York
TX-Houston
IL-Rosemont",PwC,10000+,"Accounting,Business Development",$53500-$104000 /yr,"1. Apply a learning mindset and take ownership for your own development.
2. Appreciate diverse perspectives, needs, and feelings of others.
3. Adopt habits to sustain high performance and develop your potential.
4. Actively listen, ask questions to check understanding, and clearly express ideas.
5. Seek, reflect, act on, and give feedback.
...",no,
Digital Assurance & Transparency (DAT) Tech Associate - Summer / Fall 2026,2025-08-24,https://jobright.ai/jobs/info/68ac9be4daf1431824c9667c?utm_source=1100&utm_campaign=Software Engineering,On Site,"Houston, TX",PwC Experience Center Stockholm,51-100,,$54K-$104K /yr,"1. Currently pursuing or have completed a Bachelor's degree in Accounting, Management Information Systems, Business Analytics, Computer and Information Science, Information Technology, or Business Administration/Management
2. Before starting full-time at PwC, meet the educational requirements to be eligible to sit for the CPA exam in your intended state of employment or the educational requirements for licensure as a Certified Information Systems Auditor (CISA)
3. At least a 3.0 overall GPA
4. Client service associate positions are entry-level roles intended for job seekers who are completing or have recently completed their final academic year of educational requirements",no,
Forward Deployed Software Engineer,2025-08-24,https://jobright.ai/jobs/info/68abb0b1d627244576e3fdc3?utm_source=1100&utm_campaign=Software Engineering,On Site,"San Francisco, CA, US",Simple AI,1-10,,,"1. 1+ years of relevant, post-college work experience.
2. Strong engineering background, preferred in fields such as Computer Science, Mathematics, Software Engineering or Physics.
3. Strong coder with shown proficiency in programming languages such as Python, Java, C++, TypeScript/JavaScript, or similar.
4. Ability and interest to travel up to 25%, as needed to client sites, but flexible based on personal preferences.",not sure,
"Software Engineer, New Grad (2026)",2025-08-24,https://jobright.ai/jobs/info/68ad05c1daf1431824c99d84?utm_source=1100&utm_campaign=Software Engineering,On Site,San Francisco,Harvey,251-500,"Artificial Intelligence (AI),Information Technology",$165K-$165K /yr,"1. BS in Computer Science or related degree, graduation Spring 2026
2. Applicants must currently reside in the San Francisco Bay Area and be able to commute to our San Francisco office. Relocation is not available for this role.
3. Strong programming fundamentals in one or more languages
4. Experience from previous software engineering internships
5. Interest in building highly intuitive, product-focused software
...",not sure,yes
Parttime Frontend Associate - Weekends,2025-08-24,https://jobright.ai/jobs/info/68ab4a70daf1431824c8eb92?utm_source=1100&utm_campaign=Software Engineering,On Site,"Wisconsin Rapids, WI 54494","The TJX Companies, Inc.",10000+,"Apparel,Beauty",$14-$14.50 /hr,"1. Possesses excellent customer service skills
2. Able to work a flexible schedule to support business needs
3. Possesses strong communication and organizational skills with attention to detail
4. Capable of multi-tasking
5. Able to respond appropriately to changes in direction or unexpected situations
...",not sure,
"Software Engineer - Fullstack, Multiple Locations",2025-08-24,https://jobright.ai/jobs/info/6894c3bf8c6d6b442677424f?utm_source=1100&utm_campaign=Software Engineering,Remote,United States,Microsoft,10000+,"Artificial Intelligence (AI),Data Management",$84K-$180K /yr,"1. Bachelor's Degree (or currently pursuing a degree) in Computer Science or related technical discipline, OR equivalent experience.
2. Proven experience coding in languages including, but not limited to, C, C++, C#, Java, JavaScript, or Python.",not sure,
"Software Development Engineer, Public Sector",2025-08-24,https://jobright.ai/jobs/info/688f66af6a4aac5783cdd3e6?utm_source=1100&utm_campaign=Software Engineering,On Site,"Multi Location
Arlington, VA
Herndon, VA
Seattle, WA",Amazon,10000+,"Delivery,E-Commerce",$100K-$200K /yr,"1. U.S. citizenship
2. Potential to obtain and maintain an active TS/SCI security clearance with polygraph
3. Bachelor's Degree or higher in Computer Science, Computer Engineering, or related fields with a graduation date between July 2023 - September 2025 or graduated within the last 24 months
4. Programming experience with at least one modern language such as Java, C++, or C# including object-oriented design
5. Strong knowledge of Computer Science fundamentals in object-oriented design, data structures, algorithm design, problem solving, and complexity analysis",no,
"ADC Engineer I, Amazon Dedicated Cloud Engineering - Support Engineering",2025-08-24,https://jobright.ai/jobs/info/683a49bb215301186d674f25?utm_source=1100&utm_campaign=Software Engineering,On Site,"Jessup, MD",Amazon Web Services (AWS),10000+,"Consulting,DevOps",$82K-$152K /yr,"1. High school or equivalent diploma, or A+ or CND (Certified Network Defender) or Network+ or Security+
2. 1-3 years of experience with Systems Administration in Linux/Unix (Ubuntu, CentOS, RedHat, Solaris, etc.)
3. 1-3 years of experience with Networking (TCP/IP, DNS)
4. 1-3 years of experience with Troubleshooting / Support for technical IT issues
5. Current, active US Government Security Clearance of TS/SCI with Polygraph",no,
Engineer,2025-08-24,https://jobright.ai/jobs/info/688e70cae5cead4afd45cc1b?utm_source=1100&utm_campaign=Software Engineering,Hybrid,"Broomfield, CO",Magnite,501-1000,"Advertising,Advertising Platforms",$75K-$82K /yr,"1. Familiarity with building and operating large-scale, high-traffic enterprise server applications.
2. Demonstrated strong communication skills and the ability to effectively collaborate in an engineering team.
3. Experience in C/C++ and or Rust
4. Experience in Python(Bash scripting is a plus).
5. Experience programming SQL queries and stored procedures (MySQL is a plus).
...",not sure,
Junior Backend Engineer,2025-08-24,https://jobright.ai/jobs/info/68950a188c6d6b4426776d6b?utm_source=1100&utm_campaign=Software Engineering,Hybrid,"San Francisco, CA",Baselayer,11-50,,$122K-$142K /yr,"1. 1-3 years of experience in backend development, working with Python and building APIs
2. Comfortable working with large-scale data and enjoy optimizing performance for high-volume systems
3. Strong interest in AI/ML integration, particularly with LLMs, and eager to learn about new technologies
4. Prioritize security and compliance in backend systems, especially in regulated environments like KYC/KYB
5. Keen eye for detail and take pride in writing clean, maintainable code while optimizing for performance
...",not sure,
"Software Engineer, Fullstack",2025-08-24,https://jobright.ai/jobs/info/6861f556138af7eaf5e1d84d?utm_source=1100&utm_campaign=Software Engineering,On Site,"Mountain View, CA",Moveworks,501-1000,"Artificial Intelligence (AI),Cloud Computing","$130,000-$176,000 /yr","1. BS or higher degree in Computer Science or a related technical field (or graduating soon)
2. Internship or academic experience with web technologies such as JavaScript, HTML/CSS, and a Web UI framework (React, Vue, Angular, etc.)
3. Exposure to backend technologies and interest in fullstack development
4. Eagerness to learn, strong problem-solving skills, and a collaborative mindset
5. Strong written and verbal communication skills
...",not sure,
"Software Engineer, Routing - New Grad",2025-08-24,https://jobright.ai/jobs/info/6871b00306ad7073463c6ab4?utm_source=1100&utm_campaign=Software Engineering,On Site,"Mountain View, CA",Nuro,501-1000,"Artificial Intelligence (AI),Autonomous Vehicles",$145K-$170K /yr,"1. You have experience of building and scaling real-time server-side applications.
2. You have worked on large-scale complex algorithm problems, and know how to balance correctness and performance.
3. You are proficient in C++, Go, or Python.
4. You know how to choose the right storage technology for the job.
5. You have experience with a wide-range of databases, including relational (PostgreSQL, MySQL), non-relational (BigTable, Cassandra, Redis, etc), and data warehouses (BigQuery, Snowflake, etc).
...",not sure,yes
"Application Engineer - TM1/Planning Analytics, Financial Reporting & Insights",2025-08-24,https://jobright.ai/jobs/info/6899dade5574fd6bc0c7e1a8?utm_source=1100&utm_campaign=Software Engineering,On Site,"Multi Location
Jersey City, NJ
Dallas, TX
Seattle, WA",Amazon,10000+,"Delivery,E-Commerce","$104,300-$185,000 /yr","1. Bachelor's Degree in Information Systems, Computer Science, Engineering, Math, Finance/Accounting, or a related discipline
2. 1+ year experience working in financial planning/budgeting, business analysis, or a related analytics field that includes financial modeling, problem solving, and gathering/translating business requirements
3. 1+ year experience working with IBM Cognos TM1 (Planning Analytics) solutions or related Performance Management technologies (Hyperion, SAP, Anaplan or similar)
4. Able to code with any python or any such programming language to calculate and present data.
5. Deliver reliable, scalable, and efficient business solutions by supporting all phases of the software development life cycle (SDLC), including requirements gathering, modeling & design, development, testing, deployment, integration, and documentation.",not sure,
"Software Engineer II, Backend (Developer Environments)",2025-08-24,https://jobright.ai/jobs/info/688d727f27f9022553c0b883?utm_source=1100&utm_campaign=Software Engineering,Hybrid,"Multi Location
Sioux Falls, SD
Dallas, TX
Baltimore, MD
Raleigh, NC
Boise, ID
Nashville, TN
Miami, FL
Denver, CO
Madison, WI
Minneapolis, MN
San Diego, CA
Palo Alto, CA
St Louis, MO
Cleveland, OH
San Jose, CA
Remote US
Las Vegas, NV
Detroit, MI
Richmond, VA
Portland, OR
Houston, TX
Boulder, CO
Phoenix, AZ
Philadelphia, PA
Washington, DC
Charlotte, NC",Affirm,1001-5000,"Financial Services,FinTech","$160,000-$210,000 /yr","1. This position requires either equivalent practical experience or a Bachelor’s degree in a related field.
2. You have a total of 1.5+ years of experience as a software engineer.
3. You have experience designing, developing and launching backend systems and are proficient in one of Python or Kotlin.
4. You are familiar with the building blocks of distributed systems, and the technologies like AWS, MySQL and Kubernetes.
5. You have mastered taking a simple problem or business scenario into a solution that interacts with multiple software components, and executing on it by writing clear, easily understood, well tested and extensible code.
...",not sure,
Associate Platform Engineer [CI],2025-08-23,https://jobright.ai/jobs/info/68aab248d627244576e3e45f?utm_source=1100&utm_campaign=Software Engineering,Remote,United States,Aha!,251-500,"Enterprise Software,Innovation Management",$70000-$110000 /yr,"1. One+ years working in Ruby on Rails as well as a Rails codebase
2. Familiarity with Ruby, Docker, Git, GitHub, and GitHub Actions
3. A bachelor's degree in computer science, or equivalent experience
4. Demonstrated history of learning new technology
5. A desire to learn how to build and deliver software at a high scale in a leading SaaS company",not sure,
"Amazon Dedicated Cloud Engineer, US ADC Compute Operations",2025-08-23,https://jobright.ai/jobs/info/688d53ae3a30793eb964a3e5?utm_source=1100&utm_campaign=Software Engineering,On Site,"Jessup, MD",Amazon Web Services (AWS),10000+,"Consulting,DevOps",$82K-$152K /yr,"1. High school or equivalent diploma, or A+ or CND (Certified Network Defender) or Network+ or Security+
2. 1+ years of systems administration experience (Linux/Windows or Networking)
3. 1+ years experience with cloud computing technologies
4. Experience working with at least one scripting language
5. Current, active US Government Security Clearance of TS/SCI with Polygraph",no,
Front-End Engineer II - AMZ24451.1,2025-08-23,https://jobright.ai/jobs/info/68552feb8ee597e58c10959d?utm_source=1100&utm_campaign=Software Engineering,On Site,"Seattle, WA",Amazon,10000+,"Delivery,E-Commerce",$144K-$194K /yr,"1. Bachelor’s degree or foreign equivalent in Computer Science, Engineering, Mathematics, Information Technology, or a related field
2. one year of experience in the job offered or as a Software Engineer, Software Developer, or a related occupation
3. one year of experience in using cross-browser HTML, CSS, and JavaScript
4. one year of experience in using server-side JavaScript, Perl, Python, Java or Ruby
5. one year of experience in using client-side JavaScript frameworks including React, Angular, Ember, Vue, or Backbone
...",not sure,
Software Engineer Graduate (Data Arch - E-commerce) - 2026 Start (PhD),2025-08-23,https://jobright.ai/jobs/info/68aa6db26acf96396f72a18e?utm_source=1100&utm_campaign=Software Engineering,On Site,"San Jose, CA",TikTok,10000+,"Content Creators,Content Discovery",$119K-$259K /yr,"1. Masters or above, majoring in Computer Science, or related fields, expected to graduate in 2026
2. Strong software development experience with C++, Java or other programming language
3. Good teamwork and communication skills, positive and optimistic, and strong sense of ownership",not sure,yes
Software Engineer I,2025-08-23,https://jobright.ai/jobs/info/68a7b5bd33dd7158bbca8e69?utm_source=1100&utm_campaign=Software Engineering,Hybrid,"Colorado Springs, CO","KBR, Inc.",10000+,"Consulting,Cyber Security",$76K-$114K /yr,"1. Bachelor’s Degree or Higher in Computer Science, Electrical Engineering, or related field.
2. 0-2 years experience in software development",not sure,yes
SAP ABAP Developer,2025-08-23,https://jobright.ai/jobs/info/688bc0b91808534a89cb5cdf?utm_source=1100&utm_campaign=Software Engineering,On Site,"Washington, DC",Accenture Federal Services,10000+,"Consulting,Finance",$76100-$176200 /yr,"1. 1 year of SAP Experience
2. SAP ABAP Development experience",no,
Backend Development Engineer Graduate (Infrastructure Platform Delivery)- 2026 Start (BS/MS),2025-08-23,https://jobright.ai/jobs/info/68aa11fa758f2e4ac3ffc036?utm_source=1100&utm_campaign=Software Engineering,On Site,"San Jose, CA",ByteDance,10000+,"Content,Data Mining",$119K-$187K /yr,"1. Final year or recent graduate with a background in Computer Science, Software Engineering, or related field
2. Passionate about programming with solid coding capabilities and a strong foundation in data structures and algorithms
3. Proficient in one or multiple programming languages, e.g. Java, Go, C/C++, etc.",not sure,yes
Software Engineer - Remote,2025-08-23,https://jobright.ai/jobs/info/68aa11ce6acf96396f7298a9?utm_source=1100&utm_campaign=Software Engineering,Remote,"San Diego, CA",BD,10000+,"Health Care,Medical Device",$81K-$133K /yr,"1. Bachelor Degree required in Computer Science or STEM field.
2. 1-3 years of software development experience with expertise in Go, Java and/or .NET
3. Built and maintained RESTful API interfaces to provide fine-grained access control and role-based permissions for platform consumers.
4. Designed and executed end-to-end test cases, including unit, integration, and load testing, ensuring reliability and scalability of the IAM service.
5. Familiarity with AWS serverless technology (Lambda, DynamoDB, S3, and CloudWatch)
...",not sure,
"Simulation Software Engineer (Associate, Experienced)",2025-08-23,https://jobright.ai/jobs/info/68aa0e906acf96396f729867?utm_source=1100&utm_campaign=Software Engineering,On Site,"Seattle, WA",Boeing,1001-5000,"Aerospace,Industrial",$96050-$129950 /yr,"1. 1+ years of experience using Linux/Windows operating systems
2. Knowledge/experience in Modeling and Simulation
3. 1+ years of programming experience -preferably C/C++/Python, Java, Web technologies
4. 1+ years of software development experience with application integration and system architecture, utilizing standard IT lifecycle methodologies and tools
5. 2+ years of experience with Interface Control Document (XML, JSON)
...",no,
Software Engineer- SAP MM & P2P (Remote),2025-08-23,https://jobright.ai/jobs/info/68a9fc6b758f2e4ac3ffbdb2?utm_source=1100&utm_campaign=Software Engineering,Remote,"STORE SUPPORT CENTER, ATLANTA - 9090",The Home Depot,10000+,"E-Commerce,Home and Garden",$50000-$100000 /yr,"1. Must be eighteen years of age or older.
2. Must be legally permitted to work in the United States.
3. The knowledge, skills and abilities typically acquired through the completion of a bachelor's degree program or equivalent degree in a field of study related to the job.
4. 1 year of work experience.",no,
"Software Development Engineer I - Android, Mobile Apps Engineering",2025-08-23,https://jobright.ai/jobs/info/682dcd702092a1ddb7e53bfe?utm_source=1100&utm_campaign=Software Engineering,On Site,"Bethpage, NY",Optimum,5001-10000,,$84K-$137K /yr,"1. 1-2 years of experience as a professional Android developer shipping native Android apps.
2. Bachelor's degree in Computer Science, Electrical Engineering, or a related field.
3. Proficiency in Android development principles, including knowledge of Kotlin, Java, and Android Studio.
4. Experience with designing and developing user interfaces (UIs) using modern Android frameworks and libraries (e.g., Jetpack Compose).
5. Proven ability to write clean, maintainable, and efficient code.
...",not sure,
Applications Development Sr Programmer Analyst - C12 - IRVING,2025-08-23,https://jobright.ai/jobs/info/688d210e3a30793eb9648c40?utm_source=1100&utm_campaign=Software Engineering,Hybrid,"Irving, TX",Citi,1001-5000,"Banking,Finance",,"1. 1-5 years of relevant experience in Apps Development or systems analysis role
2. Experience of designing and delivering complex multi-system, distributed, highly available development projects.
3. Proven experience of solution design and architecture in successful deliveries using technologies like Microservices, big data, java etc
4. Should have strong hands-on experience on Java, Spring Boot, Database, JDBC, JMS, Rest Big Data /Distributed System, etc
5. Should have strong hands-on experience in big data processing, ETL frameworks like Spring batch, Spring Data flow, Apache Spark, Flink, etc.
...",not sure,
SOFTWARE DEVELOPER,2025-08-23,https://jobright.ai/jobs/info/6837625e83f7e75365d679f3?utm_source=1100&utm_campaign=Software Engineering,On Site,"San Diego, CA","Chugach Government Solutions, LLC",5001-10000,"Education,Government",$85000-$85000 /yr,"1. Bachelor’s degree in software engineering, Computer Science, Computer Engineering or a related field
2. Experience in software language and development (C#, C++, Java, JavaScript, Python)
3. Must HAVE a Secret Clearance
4. Must be a part of a DOD SkillBridge program
5. Must be able to pass a pre-employment drug and background check prior to hire
...",no,
"QA Analyst, UI and Front End",2025-08-23,https://jobright.ai/jobs/info/6870d108a5ae807a59cfbe38?utm_source=1100&utm_campaign=Software Engineering,On Site,"San Mateo, CA",IXL Learning,1001-5000,"Art,Education",$69K-$90K /yr,"1. BA/BS degree required
2. Experience in QA of front end elements, web design, UI, and UX
3. Ability to work both independently and on a wide variety of teams
4. Passion for making bullet-proof applications and improving education through technology
5. Self-motivated, detail oriented, proactive and collaborative
...",not sure,
Test Engineer,2025-08-23,https://jobright.ai/jobs/info/688e01f9e5cead4afd45b723?utm_source=1100&utm_campaign=Software Engineering,On Site,"Washington, DC",SAIC,10000+,"Information Technology,Security",$160K-$200K /yr,"1. Active TS/SCI with Polygraph
2. Proficiency in programming languages such as Python, Java, C++, etc.
3. Experience with testing tools and frameworks (e.g., Selenium, Junit, TestNG).
4. Experience with automated test script execution and management.
5. Knowledge of performance optimization techniques for test scripts.
...",no,yes
Engineering Manager,2025-08-23,https://jobright.ai/jobs/info/688d4be81808534a89cc26cc?utm_source=1100&utm_campaign=Software Engineering,Remote,United States,FreeWill,101-250,"Non Profit,Social",$155K-$175K /yr,"1. Has 1-2 years of experience as an engineering manager or tech-lead with direct reports
2. Has strong experience as a player-coach. This role will be 75% people management and 25% hands on code delivery alongside the team
3. Recent, hands-on technical experience so that when the team faces complex challenges, they trust you to provide clear guidance when needed
4. Brings expert-level knowledge in our stack with strong opinions on architecture, performance, and scalability
5. Mentors engineers in technical depth and career development with a focus on coaching
...",no,
"Software Engineer, Android",2025-08-23,https://jobright.ai/jobs/info/68a9bf7bd627244576e3b7d9?utm_source=1100&utm_campaign=Software Engineering,On Site,"New York, NY",Capital One,10000+,"Banking,Credit Cards",$145100-$165600 /yr,"1. Bachelor’s Degree
2. At least 1.5 years of professional software engineering experience (Internship experience does not apply)
3. At least 1 year of experience building Android applications
4. At least 1 year of experience with Kotlin",no,
"Software Engineer, Fullstack",2025-08-23,https://jobright.ai/jobs/info/68a9bef6758f2e4ac3ffb445?utm_source=1100&utm_campaign=Software Engineering,Remote,"Multi Location
San Francisco, CA
Seattle, WA
United States",Pinterest,1001-5000,"Internet,Social Bookmarking",$146K-$259K /yr,"1. Bachelor’s degree in Computer Science, a related field or equivalent experience.
2. 1+ year of industry full-stack development experience, building consumer or business facing products
3. Proficiency in one or more common backend and frontend tech stacks: e.g. Javascript, React, API, storage, caching and data processing.
4. Experience in following best practices in writing reliable and maintainable code that may be used by many other engineers
5. Ability to keep up-to-date with new technologies to understand what should be incorporated
...",no,
Software Engineer I- Ad Demand,2025-08-23,https://jobright.ai/jobs/info/681c224c93e9552811884014?utm_source=1100&utm_campaign=Software Engineering,On Site,"San Francisco, CA",Twitch,1001-5000,"Gaming,Media and Entertainment",$127100-$185000 /yr,"1. 1+ Years experience developing software in a professional environment
2. Prior experience building consumer-facing products at scale
3. Proficient coding skills in modern languages and frameworks
4. Proven ability with algorithms, data structures, data modeling, and schema design
5. Minimum of Bachelor’s degree in Computer Science or equivalent experience",not sure,
Software Dev Engineer II - AMZ24284.1,2025-08-23,https://jobright.ai/jobs/info/6854a7665b979ccfb6700aef?utm_source=1100&utm_campaign=Software Engineering,On Site,"Seattle, WA",Amazon,10000+,"Delivery,E-Commerce",$129K-$224K /yr,"1. Bachelor's degree or foreign equivalent in Computer Science, Engineering, Mathematics, or a related field
2. one year of experience in the job offered or a related occupation
3. one year of experience in designing and developing large-scale, multi-tiered, multi-threaded, embedded or distributed software applications, tools, systems, and services using: C#, C++, Java, or Perl
4. Object Oriented Design",not sure,
Software Engineer I,2025-08-23,https://jobright.ai/jobs/info/6837ec1cf6a21895e13f70b9?utm_source=1100&utm_campaign=Software Engineering,On Site,"Seattle, WA",Twitch,1001-5000,"Gaming,Media and Entertainment",$99500-$200000 /yr,"1. 1 - 2 years of relevant software engineering experience
2. A Bachelor's degree in Computer Science or equivalent industry experience as a Software Engineer
3. A strong foundation in data structures and algorithms.
4. Familiarity with scalability, concurrency, API design, data modeling, and distributed systems.
5. Proficiency in Go, Java, Python or another Object-oriented language
...",not sure,
Associate Gameplay Engineer,2025-08-23,https://jobright.ai/jobs/info/688db8c2cdbd821a3663e70d?utm_source=1100&utm_campaign=Software Engineering,Hybrid,"El Segundo, CA",Nexon America,5001-10000,"Gaming,Information Technology",$40-$53 /hr,"1. 1+ years of experience as a software engineer in the online game development, or a related field
2. Bachelor’s degree in Computer Science/Engineering, or equivalent experience
3. Proficient in C++ language
4. Excellent problem-solving skills and ability to work under tight deadlines
5. Excellent communication and cross-functional collaboration skills",not sure,
"Software Engineer, New Grad (2025)",2025-08-23,https://jobright.ai/jobs/info/68a90c2ad627244576e37023?utm_source=1100&utm_campaign=Software Engineering,On Site,"San Francisco, CA",Harvey,251-500,"Artificial Intelligence (AI),Information Technology",$165000-$165000 /yr,"1. BS in Computer Science or related degree, graduation Spring 2025 - Fall 2025
2. Applicants must currently reside in the San Francisco Bay Area and be able to commute to our San Francisco office. Relocation is not available for this role.
3. Strong programming fundamentals in one or more languages
4. Experience from previous software engineering internships
5. Interest in building highly intuitive, product-focused software
...",not sure,yes
"Software Engineer, New Grad (2026)",2025-08-23,https://jobright.ai/jobs/info/688d345f1808534a89cc1dc1?utm_source=1100&utm_campaign=Software Engineering,Hybrid,"San Francisco, CA",Sentry,251-500,"Application Performance Management,Developer Tools",$135K-$145K /yr,"1. B.S. or higher in Computer Science (or similar degree program)
2. At least 1 previous internship or equivalent practical experience
3. Implementation skills with one or more general-purpose programming languages, e.g. Python, JavaScript, Java, etc.
4. Good knowledge of algorithms, data structures, and object-oriented design principles
5. Experience working with version control and unit testing
...",no,yes
Embedded Software Engineers (Associate/Experienced/Senior),2025-08-23,https://jobright.ai/jobs/info/68a34145403ad4363b1bf97b?utm_source=1100&utm_campaign=Software Engineering,On Site,"El Segundo, CA",Boeing,1001-5000,"Aerospace,Industrial",$141950-$192050 /yr,"1. Ability to obtain a DoD Secret US Security Clearance (Pre-Start), for which the US Government requires US Citizenship.
2. 1+ years of experience with embedded real-time software development
3. 1+ years of experience with C/C++ coding or java/python script development
4. 1+ years of experience working with real-time operating systems (RTOS)
5. 1+ years of experience with automating software builds, unit tests, integration tests, deployment, and installations using a DevOps tool chain using Artifactory and/or Gitlab",no,
"Information Technology Specialist 2 (Programming) (NY HELPS), Box Info Tech Spec 2 (Prog)",2025-08-23,https://jobright.ai/jobs/info/68375ef67e434f9491b8e0ae?utm_source=1100&utm_campaign=Software Engineering,Hybrid,"Albany, NY",New York State Education Department,1001-5000,"Association,Education",$67K-$85K /yr,"1. Develop and maintain IT solutions and web applications written in Java, SQL, Javascript/VueJS, PL/SQL, HTML, and CSS/SASS.
2. Collaborate with program office and IT staff to understand, document, and implement business requirements.
3. Design, maintain, and modify Oracle SQL databases to support web applications.
4. Ensure all code has unit and integration testing in place prior to deployment.
5. Identify and troubleshoot problems and subsequently offer and implement necessary solutions.
...",not sure,
"Solution Engineer, Enterprise Acquisition - New York/New Jersey Region (All Levels)",2025-08-23,https://jobright.ai/jobs/info/689ed4c079a9f966625518ac?utm_source=1100&utm_campaign=Software Engineering,On Site,"New York, United States",Snowflake,5001-10000,"Analytics,Artificial Intelligence (AI)",$156K-$289K /yr,"1. Outstanding presenting skills to both technical and executive audiences, whether impromptu on a whiteboard or using presentations and demos.
2. Broad range of experience within large-scale Database and/or Data Warehouse technology, ETL, analytics and cloud technologies
3. Hands-on expertise with SQL and SQL analytics
4. Ability to connect a customer’s specific business problems and Snowflake’s solutions",not sure,
Software Engineer,2025-08-23,https://jobright.ai/jobs/info/688d4aef27f9022553c0a892?utm_source=1100&utm_campaign=Software Engineering,On Site,"Multi Location
Annapolis Junction, MD
Alexandria, VA
Chantilly, VA",Booz Allen Hamilton,10000+,"Consulting,Cyber Security",$69K-$158K /yr,"1. Experience designing, modifying, developing, writing, and implementing software programming applications using Agile methods
2. Experience in software development with basic programming languages, technologies, tools, or web development stacks
3. Experience with extreme programming, software engineering, product management, and software products
4. Experience writing source code for new applications or generating and enhancing code samples for existing applications
5. Experience using back-end and front-end languages to develop complete solutions
...",no,
Software Developer,2025-08-23,https://jobright.ai/jobs/info/6820129834eee2160f69b236?utm_source=1100&utm_campaign=Software Engineering,On Site,"New York, NY",The D. E. Shaw Group,1001-5000,"Financial Services,Real Estate",$225000-$225000 /yr,"1. Exceptional software developers with a range of quantitative and programming abilities
2. Excellent analytical, mathematical, and software design skills
3. Extensive software development experience
4. Top students in their programs",not sure,
Quality Assurance Engineer,2025-08-23,https://jobright.ai/jobs/info/68a80e47758f2e4ac3ff060e?utm_source=1100&utm_campaign=Software Engineering,On Site,"Kilgore, TX",Communications & Power Industries (CPI),1001-5000,"Electronics,Manufacturing",$70K-$75K /yr,"1. Bachelor’s degree in Engineering, Quality, or related field (or equivalent experience).
2. 1-3 years of experience in quality assurance or quality engineering, preferably in antenna, RF, electronics, or aerospace manufacturing.
3. Knowledge of ISO 9001, AS9100, or similar quality systems.
4. Proficiency with inspection tools, statistical process control (SPC), and quality software.
5. Knowledge of failure analysis, FMEA, and corrective action systems.
...",no,
IT Software Engineer I,2025-08-23,https://jobright.ai/jobs/info/68a9751d6acf96396f727dc9?utm_source=1100&utm_campaign=Software Engineering,On Site,"Boise, ID",State of Idaho,1001-5000,,,"1. Good knowledge of multiple programming languages and software development tool suites (Typically gained by one college or vocational-level course directly related to one programming language and software development tool suites AND 6 months of work experience using programming languages and software development tools OR one year of work experience using programming languages and software development tools)
2. Good knowledge of software development processes and software testing practices (Typically gained by valid IT certification in software testing and development OR at least 1 year of work experience testing and developing software)
3. Experience creating, interpreting and documenting user requirements (Typically gained by at least 1 year of work experience creating, interpreting, and documenting user requirements on at least 1 development project)
4. Experience testing and deploying production systems (Typically gained by at least 1 year of work experience testing and deploying systems)",not sure,
Salesforce Developer,2025-08-23,https://jobright.ai/jobs/info/68a973fb758f2e4ac3ffa43b?utm_source=1100&utm_campaign=Software Engineering,Hybrid,"San Diego, CA","Veracyte, Inc.",501-1000,"Biotechnology,Health Care",$117K-$146K /yr,"1. Bachelor’s degree in Computer Science, Software Engineering, or related field.
2. 1–4 years of software development experience (including internships or academic projects).
3. Proficiency in at least one programming language (e.g., Java, Python, or JavaScript).
4. Familiarity with Salesforce development (Apex, Visualforce, or Lightning) through coursework, internships, or junior roles.
5. Understanding of object-oriented programming, version control (Git), and Agile methodologies.
...",not sure,
Salesforce Developer,2025-08-23,https://jobright.ai/jobs/info/68a96dad758f2e4ac3ff98d3?utm_source=1100&utm_campaign=Software Engineering,Hybrid,United States,"Veracyte, Inc.",501-1000,"Biotechnology,Health Care","$117,000-$146,000 /yr","1. Bachelor’s degree in Computer Science, Software Engineering, or related field.
2. 1–4 years of software development experience (including internships or academic projects).
3. Proficiency in at least one programming language (e.g., Java, Python, or JavaScript).
4. Familiarity with Salesforce development (Apex, Visualforce, or Lightning) through coursework, internships, or junior roles.
5. Understanding of object-oriented programming, version control (Git), and Agile methodologies.
...",not sure,
Junior .NET Developer,2025-08-22,https://jobright.ai/jobs/info/68a97fbad627244576e3ad91?utm_source=1100&utm_campaign=Software Engineering,Remote,United States,OM Group,5001-10000,"Advanced Materials,Industrial",$75K-$95K /yr,"1. 1–3 years experience
2. BS or AA degree
3. Security+ within 90 days of start
4. Secret clearance",no,
Programmer Analyst - Marketing Analytics CO082125CL,2025-08-22,https://jobright.ai/jobs/info/68a8de306acf96396f723756?utm_source=1100&utm_campaign=Software Engineering,On Site,"Broomfield, CO",DataLab USA,101-250,"Advertising,Marketing",$60K-$75K /yr,"1. Bachelor’s degree in Computer Science, Applied Math, Statistics, Data Science, Marketing Analytics or similar field required
2. Work experience a plus
3. Direct Marketing experience or knowledge a plus
4. Certifications/Technical training are a plus
5. SQL
...",no,
Junior .NET Software Developer,2025-08-22,https://jobright.ai/jobs/info/68a98471d627244576e3aeda?utm_source=1100&utm_campaign=Software Engineering,On Site,"Sterling, VA",Laansu Incorporated,11-50,"Consulting,Information Technology",$75K-$95K /yr,"1. Bachelor's Degree in Computer Science (CS) or related field or a combination of education and experience.
2. 0-3 years of work experience in software development or related field.
3. 1+ years of writing object-oriented code in C#, C++, Java or other programming languages.
4. 2+ years of designing objects in relational databases (tables, views, stored procedures, indexes, and queries).
5. Hands-on experience with Microsoft SQL Server or other database technologies.
...",no,yes
Full Stack Software Engineer 1 (Remote),2025-08-22,https://jobright.ai/jobs/info/68a952ee6acf96396f72637e?utm_source=1100&utm_campaign=Software Engineering,Remote,"Las Vegas, NV",IMEG,1001-5000,"Consulting,Information Technology",$100K-$150K /yr,"1. Bachelor’s degree in Computer Science, CIS preferred or equivalent of 1 - 3 years’ of experience in a related field required.
2. Knowledge of basic coding languages including C#, HTML5, and JavaScript.
3. Basic programming experience.
4. Knowledge of databases and operating systems.
5. Good working knowledge of email systems and Microsoft Office software.
...",not sure,
Quality Assurance IT Inspector,2025-08-22,https://jobright.ai/jobs/info/68a94f78758f2e4ac3ff8b3a?utm_source=1100&utm_campaign=Software Engineering,On Site,"Hanover Park, IL",Insight,10000+,"Cloud Computing,Consumer Software",$20-$20 /hr,"1. Conduct quality assurance inspections and tests to ensure products meet established criteria across production, logistics, and warehouse environments.
2. Perform incoming, in-process, and final inspections of products and materials.
3. Review and verify technical documentation, including Certificates of Conformity (CFC), packing slips, and inspection checklists.
4. Conduct source inspections and ensure photo documentation aligns with client requirements.
5. Perform visual inspections for damage, defects, or signs of improper handling.
...",not sure,
"Full Stack Software Engineer, Security (Starlink)",2025-08-22,https://jobright.ai/jobs/info/68a94dd1d627244576e38def?utm_source=1100&utm_campaign=Software Engineering,On Site,"Sunnyvale, CA",SpaceX,1001-5000,"Advanced Materials,Aerospace",$130K-$155K /yr,"1. Bachelor's degree in computer science, engineering, or a STEM discipline and 1+ years of professional experience; OR 3+ years of professional experience building software in lieu of a degree (internship experience is applicable)
2. Develop secure, well-architected, responsive, and performant full-stack web applications using .NET Core microservices in Kubernetes with a React and Angular frontend
3. Develop highly reliable, available, maintainable, and scalable software systems
4. Deliver expert level Typescript, HTML, and CSS for modern browsers
5. Identify and address security vulnerabilities in our applications and infrastructure
...",no,
Software Engineer - In-Office,2025-08-22,https://jobright.ai/jobs/info/68aa293d6acf96396f729b72?utm_source=1100&utm_campaign=Software Engineering,On Site,"South Jordan, UT",Western AgCredit,51-100,"Banking,Finance",$78K-$95K /yr,"1. Bachelor’s degree in Computer Science, Engineering, or a related field (3 years of equivalent professional experience may be substituted).
2. Proven experience in software development with a strong command of C# and JavaScript.
3. Experience with software development methodologies such as Agile/Scrum.
4. Strong problem-solving skills and attention to detail.
5. Excellent communication and teamwork skills.
...",not sure,
SAP IWM/EWM Functional Analyst,2025-08-22,https://jobright.ai/jobs/info/67f14ee4c3660467a1b6f4f6?utm_source=1100&utm_campaign=Software Engineering,Hybrid,"St Louis, MO",Accenture Federal Services,10000+,"Consulting,Finance",$84900-$221100 /yr,"1. 1+ years of SAP business analysis experience supporting one or more of the following modules: IM (Inventory Management), WM (Warehouse Management), or EWM (Enterprise Warehouse Management)
2. 1+ years of hands-on functional configuration with IM/WM/EWM
3. Strong verbal and written communication skills
4. Active Secret Clearance required
5. Must be local to St. Louis and willing to work onsite 5 days per week, willing to relocate to St. Louis or willing to travel 100% to St. Louis",no,
Technology Developer Graduate Program 2026 Whippany,2025-08-22,https://jobright.ai/jobs/info/68a95c59d627244576e39303?utm_source=1100&utm_campaign=Software Engineering,On Site,"Whippany, NJ",Barclays Bank Delaware,10000+,"Banking,Credit Cards",$100K-$110K /yr,"1. Undergraduate or masters student with an anticipated graduation date between December 2025 - June 2026
2. GPA of 3.2 or above
3. Ability to code in at least one language
4. Currently authorized to work in the United States on a full-time basis",no,yes
Software Engineer I (4604),2025-08-22,https://jobright.ai/jobs/info/68a91f5fd627244576e37b03?utm_source=1100&utm_campaign=Software Engineering,On Site,"Huntsville, AL",SMX,1001-5000,"Analytics,Cloud Computing",$73K-$122K /yr,"1. Clearance Required: Secret
2. Bachelor’s degree in Computer Science or related field required
3. + 4 additional years of related experience may be substituted for the degree requirement
4. 0-10 years of relevant experience
5. Knowledge of, and experience employing, the software development life cycle
...",no,yes
Software Engineer-COBRA,2025-08-22,https://jobright.ai/jobs/info/688bbb201808534a89cb5666?utm_source=1100&utm_campaign=Software Engineering,On Site,"Crane, IN","Mission Technologies, a division of HII",5001-10000,,$57K-$81K /yr,"1. 0 years experience with Bachelors in related field; or High School Diploma or equivalent and 4 years relevant experience.
2. Must Possess an active Secret clearance
3. Ability to analyze system requirements and develop engineering specifications
4. Experience collaborating with multidisciplinary teams across engineering lifecycle phases
5. Strong problem-solving skills and attention to detail in technical documentation",no,yes
Associate Software Engineer,2025-08-22,https://jobright.ai/jobs/info/68abce62d627244576e40fce?utm_source=1100&utm_campaign=Software Engineering,On Site,"Wilmington, NC",nCino,1001-5000,"Banking,Finance",$74K-$122K /yr,"1. Bachelor’s Degree in Computer Science, Engineering or a related field or a combination of education and practical experience
2. Demonstrated knowledge in at least one programming language
3. General knowledge of software design principles and development tools
4. Dedication to quality and continuous improvement
5. Knowledge of code versioning tools, such as Git
...",not sure,
Software Engineer (L4)- Open Connect Control Plane,2025-08-22,https://jobright.ai/jobs/info/68a92293758f2e4ac3ff78a9?utm_source=1100&utm_campaign=Software Engineering,Remote,United States,Netflix,5001-10000,"Digital Entertainment,Media and Entertainment",$170K-$720K /yr,"1. 1-3 years of software development (ideally with strong experience in Java)
2. Experience building and operating business-critical systems at scale.
3. Prioritizes best practices in software development and avoids cutting corners.
4. Thrives in ambiguous environments and adapts to change with confidence.
5. Demonstrates curiosity and a genuine interest in understanding the domain they work in.
...",not sure,
Full Stack Developer,2025-08-22,https://jobright.ai/jobs/info/689d8ca0faa4e875e8271419?utm_source=1100&utm_campaign=Software Engineering,On Site,"Illinois, United States",Abbott,10000+,"Biotechnology,Emergency Medicine",$67K-$133K /yr,"1. Bachelor’s Degree in Computer Science (or related engineering discipline) and/or equivalent training & work experience.
2. 1-2+ years of professional software development experience in an Agile environment, including internships.
3. Full stack software development experience in any of the following: Go, React, Node, Javascript, HTML, CSS and JSX.
4. Strong Computer Science fundamentals and experience with software development.
5. Highly motivated to learn new software development languages to meet goals and objectives.
...",not sure,
"Graduate Software Engineer (Redwood City, CA)",2025-08-22,https://jobright.ai/jobs/info/68a91631758f2e4ac3ff73ae?utm_source=1100&utm_campaign=Software Engineering,Hybrid,"Redwood City, CA",Anomali,251-500,,$90000-$140000 /yr,"1. BSc/BEng/MSc in Computer Science or relevant Engineering discipline
2. Proficient with Python, Java, C/C++ or another modern OOP language used for scalable distributed system backend development
3. Experience with relational databases such as PostgreSQL, cache such as Redis
4. Creative, Innovative and unlimited thinkers: Please include experience that highlights this. How will you help us be on the cutting edge tomorrow?
5. This is a hybrid opportunity at our Redwood City, CA office location. Relocation assistance is not provided. Full remote is not an option. We value collaboration on-site.",not sure,
REMOTE Jr Java Developer- ACTIVE SECRET CLEARANCE REQUIRED,2025-08-22,https://jobright.ai/jobs/info/68a914cc758f2e4ac3ff72c2?utm_source=1100&utm_campaign=Software Engineering,Remote,"McLean, VA",Zachary Piper Solutions,101-250,"Government,Information Services",$105K-$110K /yr,"1. 1–3 years of experience in Java development (academic or professional)
2. Familiarity with Spring Boot, RESTful APIs, and web services
3. Exposure to front-end technologies such as HTML, CSS, JavaScript, and modern frameworks
4. Basic understanding of SQL and relational databases (e.g., MySQL, PostgreSQL)
5. Experience using Git or other version control systems
...",no,
Junior .NET Developer,2025-08-22,https://jobright.ai/jobs/info/68a97578758f2e4ac3ffa5e5?utm_source=1100&utm_campaign=Software Engineering,Remote,"Illinois, United States",OM GROUP INC.,51-100,"Analytics,Cloud Data Services",$75K-$95K /yr,"1. 1–3 years experience
2. BS or AA degree
3. Security+ within 90 days of start
4. Secret clearance",no,
2026 Information Technology Foundation Program,2025-08-22,https://jobright.ai/jobs/info/68a911a9d627244576e3738a?utm_source=1100&utm_campaign=Software Engineering,On Site,"Nashville, TN",Caterpillar Inc.,10000+,"Construction,Machinery Manufacturing",$80K-$131K /yr,"1. Minimum 3.0 cumulative GPA on a 4.0 scale at the time of application. Must maintain a 3.0 cumulative GPA through graduation
2. Degree must be completed by hire date in one of the following degree programs: Information Technology majors (Computer Science, Management Information Systems, Data Science, AI) or other relevant degrees.
3. Authorized to work in U.S.",no,yes
Analyst/Associate – End User Computing (EUC) Developer,2025-08-22,https://jobright.ai/jobs/info/68a91179758f2e4ac3ff720d?utm_source=1100&utm_campaign=Software Engineering,On Site,"New York, NY",MUFG,10000+,,$85K-$137K /yr,"1. Bachelor’s degree in Information Systems, Engineering, Computer Science, or a related field (or equivalent experience).
2. Proficiency in Microsoft Excel (including VBA), Access, and PowerApps.
3. Familiarity with Power Automate and Power BI is a plus.
4. Familiarity with programing with Python.
5. Strong analytical and problem-solving skills.
...",not sure,
SwiftUI Framework Engineer,2025-08-22,https://jobright.ai/jobs/info/68a9115c758f2e4ac3ff71f6?utm_source=1100&utm_campaign=Software Engineering,On Site,"Cupertino, California, United States",Apple,10000+,"Artificial Intelligence (AI),Consumer Electronics",$126800-$190900 /yr,"1. Programming fundamentals with experience in Swift, Objective-C, or C++ (from coursework, projects, internships, or research)
2. Clear communication skills and the ability to collaborate and explain technical ideas
3. Growth mindset: eager to learn, seek feedback, and iterate
4. Some exposure to app development, UI frameworks, or platform concepts (class projects or personal apps are great)",not sure,
"Full Stack Software Engineer, Security (Starlink)",2025-08-22,https://jobright.ai/jobs/info/68a910d76acf96396f7248cf?utm_source=1100&utm_campaign=Software Engineering,On Site,"Sunnyvale, CA",SpaceX,1001-5000,"Advanced Materials,Aerospace",$130000-$155000 /yr,"1. Bachelor's degree in computer science, engineering, or a STEM discipline and 1+ years of professional experience; OR 3+ years of professional experience building software in lieu of a degree (internship experience is applicable)
2. Develop secure, well-architected, responsive, and performant full-stack web applications using .NET Core microservices in Kubernetes with a React and Angular frontend
3. Develop highly reliable, available, maintainable, and scalable software systems
4. Deliver expert level Typescript, HTML, and CSS for modern browsers
5. Identify and address security vulnerabilities in our applications and infrastructure
...",no,
Software Engineer,2025-08-22,https://jobright.ai/jobs/info/68a90e4dd627244576e3726b?utm_source=1100&utm_campaign=Software Engineering,On Site,"San Jose, CA","Super Micro Computer Spain, S.L.",1001-5000,"Data Storage,Internet of Things",$101K-$160K /yr,"1. BS or MS in CS/CE/EE is required
2. 1+ years of relevant work experience preferred
3. Strong understanding of cloud platforms (AWS, Azure, or Google Cloud)
4. Experience testing RESTful APIs, web applications, and microservices.
5. Familiarity with containers (Docker) and orchestration (Kubernetes).
...",not sure,
"Software Engineer, Fullstack",2025-08-22,https://jobright.ai/jobs/info/68a90d6ad627244576e3711f?utm_source=1100&utm_campaign=Software Engineering,On Site,"San Francisco, CA, US",Pinterest Engineering,1001-5000,,"$145,700-$258,700 /yr","1. Bachelor’s degree in Computer Science, a related field or equivalent experience.
2. 1+ year of industry full-stack development experience, building consumer or business facing products
3. Proficiency in one or more common backend and frontend tech stacks: e.g. Javascript, React, API, storage, caching and data processing.
4. Experience in following best practices in writing reliable and maintainable code that may be used by many other engineers
5. Ability to keep up-to-date with new technologies to understand what should be incorporated
...",no,
Junior Software Engineer,2025-08-22,https://jobright.ai/jobs/info/68a92d65758f2e4ac3ff7ca0?utm_source=1100&utm_campaign=Software Engineering,On Site,"Annapolis Junction, MD",Peterson Energy Logistics,1001-5000,"Energy,Logistics",$71K-$120K /yr,"1. Active DoD Security Clearance
2. Bachelor’s degree in computer science or related discipline from an accredited college or university
3. Java
4. Some source code version management tool (e.g. Git)
5. Ability to communicate and work within a team",no,
"Software Engineer II, Applications",2025-08-22,https://jobright.ai/jobs/info/68a8ff21758f2e4ac3ff6907?utm_source=1100&utm_campaign=Software Engineering,On Site,"San Diego, CA",Brain Corp,101-250,"Artificial Intelligence (AI),Autonomous Vehicles",$1300-$1300 /yr,"1. BS or MS in Computer Science or applicable engineering discipline
2. 1-3 years of demonstrated experience in software development for complex function-based software that interacts with sensor inputs, control loops and redundancy
3. Demonstrated proficiency with OO C++ and/or Python production level coding
4. Curiosity to gain subject matter expertise in specific functional areas while keeping aware of the larger landscape of customer use case and value
5. Excellent technical and analytical skills
...",not sure,
Software Engineer,2025-08-22,https://jobright.ai/jobs/info/68a93c466acf96396f725a90?utm_source=1100&utm_campaign=Software Engineering,On Site,"Multi Location
Fargo, ND
Atlanta, GA",Microsoft,10000+,"Artificial Intelligence (AI),Data Management",$84K-$180K /yr,"1. Bachelor's Degree (or currently pursuing a degree) in Computer Science or related technical discipline, OR equivalent experience.
2. Proven experience coding in languages including, but not limited to, C, C++, C#, Java, JavaScript, or Python.
3. Demonstrated understanding of object-oriented programming and design, algorithms, database concepts and performance, NoSQL technologies, and microservice architecture.
4. Ability to meet Microsoft, customer and/or government security screening requirements are required for this role. These requirements include, but are not limited to the following specialized security screenings: Microsoft Cloud Background Check: This position will be required to pass the Microsoft Cloud Background Check upon hire/transfer and every two years thereafter.",no,
Software Engineer,2025-08-22,https://jobright.ai/jobs/info/68a91f01d627244576e37ac8?utm_source=1100&utm_campaign=Software Engineering,Remote,"Rochester, MN",Mayo Clinic Healthcare,251-500,,$91K-$140K /yr,"1. Bachelor's Degree in Computer Science/Engineering or related field; Or an Associates’ degree in Computer Science/Engineering or related field with an additional 2 years of experience as described below.
2. Have working knowledge and experience of Software Engineering with a minimum of internships and a minimum of 1 yr. of experience, or 2yrs of experience coding applications or services in a high-level language (C, C++, Golang, Java, C# etc.).
3. Demonstrated problem solving and time management skills.
4. Possesses strong technical aptitude for designing and implementing software solutions.
5. Experience with modern application development frameworks.
...",no,
Software Engineer,2025-08-22,https://jobright.ai/jobs/info/68a8f9c2d627244576e36b05?utm_source=1100&utm_campaign=Software Engineering,On Site,"San Jose, CA",Supermicro,1001-5000,"Artificial Intelligence (AI),Cloud Computing",$101K-$160K /yr,"1. BS or MS in CS/CE/EE is required
2. 1+ years of relevant work experience preferred
3. Strong understanding of cloud platforms (AWS, Azure, or Google Cloud)
4. Experience testing RESTful APIs, web applications, and microservices.
5. Familiarity with containers (Docker) and orchestration (Kubernetes).
...",not sure,
Software Engineer,2025-08-22,https://jobright.ai/jobs/info/68a91ad76acf96396f724cf6?utm_source=1100&utm_campaign=Software Engineering,Remote,"Rochester, MN",Mayo Clinic,10000+,"Biotechnology,Health Care",$91K-$140K /yr,"1. Bachelor's Degree in Computer Science/Engineering or related field; Or an Associates’ degree in Computer Science/Engineering or related field with an additional 2 years of experience as described below.
2. Have working knowledge and experience of Software Engineering with a minimum of internships and a minimum of 1 yr. of experience, or 2yrs of experience coding applications or services in a high-level language (C, C++, Golang, Java, C# etc.).
3. Demonstrated problem solving and time management skills.
4. Possesses strong technical aptitude for designing and implementing software solutions.
5. Experience with modern application development frameworks.
...",no,
Software Engineer I (4604),2025-08-22,https://jobright.ai/jobs/info/68a8ef09d627244576e3674d?utm_source=1100&utm_campaign=Software Engineering,On Site,"Huntsville, AL",SMX,1001-5000,"Analytics,Cloud Computing",$73100-$121800 /yr,"1. Clearance Required: Secret
2. Bachelor’s degree in Computer Science or related field required
3. 4 additional years of related experience may be substituted for the degree requirement
4. 0-10 years of relevant experience
5. Knowledge of, and experience employing, the software development life cycle
...",no,yes
Test Engineer,2025-08-22,https://jobright.ai/jobs/info/6881883d16ea5743a3739d0c?utm_source=1100&utm_campaign=Software Engineering,On Site,"San Diego, CA",Accenture Federal Services,10000+,"Consulting,Finance","$69,200-$124,200 /yr","1. Prior testing experience
2. Experience working with Linux/Unix based operating systems
3. Basic understanding of bash scripting and programming
4. Basic understanding of networking and operating systems (HTTP, TCP/IP)
5. Experience with Git and/or GitLab as well as VMWare or KVM
...",no,
Associate QA Analyst,2025-08-22,https://jobright.ai/jobs/info/6870d6c701cc0956e7e85f11?utm_source=1100&utm_campaign=Software Engineering,On Site,"San Mateo, CA",IXL Learning,1001-5000,"Art,Education",$69K-$75K /yr,"1. BA/BS degree required
2. Ability to work both independently and on a wide variety of teams
3. Passion for making bullet-proof applications and improving education through technology
4. Self-motivated, detail oriented, proactive and collaborative
5. Excellent written and verbal communication skills",not sure,
2026 Information Technology Foundation Program,2025-08-22,https://jobright.ai/jobs/info/68a8defd758f2e4ac3ff5fea?utm_source=1100&utm_campaign=Software Engineering,On Site,"Nashville, Tennessee",Caterpillar Inc.,101-250,,$79800-$131280 /yr,"1. Minimum 3.0 cumulative GPA on a 4.0 scale at the time of application. Must maintain a 3.0 cumulative GPA through graduation
2. Degree must be completed by hire date in one of the following degree programs: Information Technology majors (Computer Science, Management Information Systems, Data Science, AI) or other relevant degrees.
3. Authorized to work in U.S.",no,yes
Infrastructure Engineer,2025-08-22,https://jobright.ai/jobs/info/68a8def66acf96396f72382f?utm_source=1100&utm_campaign=Software Engineering,On Site,"Austin, TX",R Talent Partners,1-10,,$200K-$500K /yr,"1. 1-5 years software engineering experience
2. Strong CS fundamentals and problem-solving ability
3. Distributed systems experience (scaling globally, high throughput)
4. High agency mindset - you can figure anything out and take full ownership
5. Comfortable with intense startup environment (6-7 days/week during critical periods)
...",not sure,
Quality Assurance Specialist,2025-08-22,https://jobright.ai/jobs/info/68a8dc69758f2e4ac3ff5e66?utm_source=1100&utm_campaign=Software Engineering,On Site,"Multi Location
Los Angeles, CA
3316 S. Main St. Los Angeles, CA. 90007",Amity Foundation,501-1000,"Communities,Non Profit",$28.85-$28.85 /mon,"1. Excellent organizational skills and attention to detail.
2. Ability to foster teamwork and cohesiveness.
3. Excellent written and verbal communication skills.
4. Extensive knowledge of office management systems and procedures.
5. Ability to maintain confidential information.
...",not sure,
Interface Developer,2025-08-22,https://jobright.ai/jobs/info/68a8e20b6acf96396f723868?utm_source=1100&utm_campaign=Software Engineering,On Site,USA,RSI,501-1000,,$60K-$66K /yr,"1. BS in Computer Science
2. 0 - 1 year of relevant software experience
3. Knowledge of Relational Databases, Object Oriented Design, and Data Structures
4. Familiarity with one or more programming languages
5. Familiarity with standard development techniques (Agile SDLC, OOD)
...",not sure,yes
Technology Analyst Graduate Program 2026 Whippany,2025-08-22,https://jobright.ai/jobs/info/68a8cac1d627244576e359d3?utm_source=1100&utm_campaign=Software Engineering,On Site,"115 South Jefferson Rd Campus, Whippany",Barclays Investment Bank,1001-5000,"Banking,Financial Services",$100000-$110000 /yr,"1. Undergraduate student with an anticipated graduation date between December 2025 - June 2026
2. GPA of 3.2 or above
3. Currently authorized to work in the United States on a full-time basis",no,yes
Technology Developer Graduate Program 2026 Whippany,2025-08-22,https://jobright.ai/jobs/info/68a8ca78d627244576e35986?utm_source=1100&utm_campaign=Software Engineering,On Site,"115 South Jefferson Rd Campus, Whippany",Barclays Investment Bank,1001-5000,"Banking,Financial Services",$100000-$110000 /yr,"1. Undergraduate or masters student with an anticipated graduation date between December 2025 - June 2026
2. GPA of 3.2 or above
3. Ability to code in at least one language
4. Currently authorized to work in the United States on a full-time basis",no,yes
Solutions Engineer,2025-08-22,https://jobright.ai/jobs/info/68a8c9e86acf96396f722b93?utm_source=1100&utm_campaign=Software Engineering,Hybrid,"San Mateo, CA",WisdomAI,11-50,"Analytics,Artificial Intelligence (AI)",$100K-$150K /yr,"1. 1-3 years of experience in a technical role, such as Solutions Engineer, Sales Engineer, Technical Account Manager, Implementation Consultant, or a similar customer-facing technical position in a SaaS company
2. Foundational understanding and hands-on experience with data concepts, including data warehousing (e.g., Snowflake, Databricks, Redshift, BigQuery), ETL/ELT processes, or business intelligence tools
3. Ability to articulate technical concepts clearly and effectively to both technical and non-technical audiences
4. Eagerness to learn new technologies, adapt to evolving product capabilities, and grow in a pre-sales environment
5. Strong problem-solving skills and a customer-centric approach
...",not sure,
Analyst/Associate – End User Computing (EUC) Developer,2025-08-22,https://jobright.ai/jobs/info/68a8c922758f2e4ac3ff54df?utm_source=1100&utm_campaign=Software Engineering,Hybrid,"New York, NY",MUFG,10000+,,,"1. Bachelor’s degree in Information Systems, Engineering, Computer Science, or a related field (or equivalent experience).
2. Proficiency in Microsoft Excel (including VBA), Access, and PowerApps.
3. Familiarity with Power Automate and Power BI.
4. Familiarity with programming with Python.
5. Strong analytical and problem-solving skills.
...",not sure,
"Information Technology Specialist 2 (NY HELPS), Box Info Tech Spec 2",2025-08-22,https://jobright.ai/jobs/info/68375ef67e434f9491b8e07b?utm_source=1100&utm_campaign=Software Engineering,On Site,"Albany, NY",New York State Education Department,1001-5000,"Association,Education",$67K-$85K /yr,"1. a bachelor's or higher-level degree, including or supplemented by 15 credit hours in computer science
2. a bachelor's or higher-level degree in any field and at least one year of the experience in information technology
3. a minimum of 60 college semester credit hours including at least 15 credit hours in computer science and one year of the experience in information technology
4. Two years of the professional experience in information technology
5. one year of permanent competitive or 55b/c service as an Information Technology Specialist
...",not sure,
INFORMATION TECHNOLOGY SPECIALIST I,2025-08-22,https://jobright.ai/jobs/info/68a8c48d6acf96396f722939?utm_source=1100&utm_campaign=Software Engineering,Hybrid,"Sacramento County, CA",Caltrans,1001-5000,"Government,Office Administration",$6513-$10537 /mon,"1. Possession of a valid driver’s license is required when operating a state owned or leased vehicle.
2. Resume required
3. Statement of Qualifications (SOQ) required. Applications received without an SOQ may not be considered. You may not substitute another document, such as a resume or CV, in lieu of an SOQ.
4. Possession of Minimum Qualifications will be verified prior to interview and/or appointment. If you are basing your eligibility on education, you must include your unofficial transcript(s)/diploma for verification. Unofficial, original, or official sealed transcripts will be accepted and may be required upon appointment. Applicants with foreign transcripts/degrees must provide a transcript/degree U.S. equivalency report evaluation that indicates the number of units and degree to which the foreign coursework is equivalent.",not sure,
Junior Software Engineer,2025-08-22,https://jobright.ai/jobs/info/68a8c086d627244576e3543f?utm_source=1100&utm_campaign=Software Engineering,On Site,"Dallas, TX",WEX,5001-10000,"Financial Services,FinTech",$68K-$90K /yr,"1. Bachelor's degree in Computer Science, Software Engineering, or related field; OR demonstrable equivalent experience.
2. At least 1 year of experience in software engineering.
3. Strong problem-solving skills, excellent communication and collaboration skills.
4. Passionate about keeping up with modern technologies and design.
5. Experience building and consuming REST API's.
...",not sure,
Associate Mainframe Programmer Analyst-1,2025-08-22,https://jobright.ai/jobs/info/68a8bf5ed627244576e3533c?utm_source=1100&utm_campaign=Software Engineering,Remote,"Connecticut, United States",DXC Technology,10000+,"Analytics,Consulting",$46K-$75K /yr,"1. Contribute to software development projects by writing, testing, and debugging code, under the guidance of senior team members
2. Collaborate with the team to meet project objectives, actively participating in code reviews and design discussions
3. Assist in the documentation of software requirements and specifications, striving for clear and effective communication
4. Participate in troubleshooting and resolving technical issues, seeking guidance and mentorship
5. Learn and adapt to software development practices and methodologies, actively participating in training programs
...",not sure,
Software Engineer,2025-08-22,https://jobright.ai/jobs/info/68a8bedd758f2e4ac3ff4dea?utm_source=1100&utm_campaign=Software Engineering,Hybrid,Tysons Corner,Nodal Exchange,11-50,Financial Services,$110000-$130000 /yr,"1. Bachelor's degree or higher in Computer Science or related technical field
2. Strong programming skills in one or more of the following programming languages: Java, Kotlin, Javascript
3. Knowledge/experience with SpringBoot, Docker, ReactJs
4. Comfortable with modern web technologies and front-end frameworks such as React
5. Knowledge/experience with relational databases, NoSQL databases, GitHub
...",not sure,
Elixir Developer,2025-08-22,https://jobright.ai/jobs/info/68a8bcbc6acf96396f7221bf?utm_source=1100&utm_campaign=Software Engineering,Remote,United States,Piper Companies,101-250,,$45-$60 /hr,"1. Proficiency in Elixir development (flexible on the number of years of experience)
2. Experience or familiarity with SQL and PostgreSQL
3. Knowledge of Kafka is a plus
4. Hands-on experience with AWS is highly desirable
5. Version control expertise using GitHub
...",not sure,
Software Development Engineer,2025-08-22,https://jobright.ai/jobs/info/68ae64dfdaf1431824ca2b96?utm_source=1100&utm_campaign=Software Engineering,On Site,"Lynchburg, VA",CloudFit Software,101-250,"Cloud Computing,Computer",$44000-$100000 /yr,"1. 6+ months of professional application development experience in a modern software development role
2. Familiarity with full-stack development and basic knowledge of computer science fundamentals like object-oriented design, data structures, and algorithms
3. Experience in a customer-facing role, providing technical evaluations
4. Familiarity with Agile environments and tools like Jira or Azure DevOps
5. Basic understanding of SOLID Principles and programming fundamentals
...",no,
SOFTWARE PROGRAMMER,2025-08-22,https://jobright.ai/jobs/info/68abc8b2d627244576e40a7b?utm_source=1100&utm_campaign=Software Engineering,Hybrid,"Austin, MN, USA",Cooperative Response Center (CRC),251-500,Software,$29.25-$38.03 /hr,"1. Experience in ASP.NET Core MVC, SQL Server, JSON API, SOAP web services, and desktop applications
2. Strong skills in C#, SQL, HTML, JavaScript
3. Familiarity with Azure DevOps, Git, Visual Studio, SQL Server Management Studio
4. Positive team attitude and great communication chops
5. Experience with software development using Asp.Net Core MVC web applications and background services, SQL Server stored procedures, JSON API and SOAP web services and desktop applications
...",not sure,
ADAS Tooling Development Software Fellowship (Unable to consider OPT/CPT candidates),2025-08-22,https://jobright.ai/jobs/info/68a943b76acf96396f725e05?utm_source=1100&utm_campaign=Software Engineering,On Site,"San Jose, CA","Volkswagen of America, Inc",5001-10000,"Automotive,Commercial",$35-$42 /hr,"1. Applicants must be rising seniors in a Bachelor's or Master's program, currently enrolled Ph.D. students, or recent graduates who completed their degree within the past six months.
2. Electrical Engineering, Mechanical Engineering, Computer Science, or related field preferred.
3. GPA of 3.0 or higher
4. Proficiency with Python (3+ years) and the Python data stack (Numpy, Scipy, Pandas, Scikit-learn) and/or SQL
5. Good understanding in AI, Deep Learning and Machine Learning including but not limited to CNN/RNN architectures, Image and semantic segmentation, video processing
...",no,
Associate Software Engineer with Polygraph,2025-08-22,https://jobright.ai/jobs/info/68a8ab5c758f2e4ac3ff437f?utm_source=1100&utm_campaign=Software Engineering,Hybrid,"US - VA, Centreville",ParsonsKellogg,11-50,"Advertising,Marketing","$62,300-$109,000 /yr","1. Active Top Secret SCI clearance with polygraph
2. BS degree in computer science, computer engineering, software engineering, or a related discipline. (A combination of education and experience will be considered in lieu of a degree.)
3. Experience working in a Linux development environment
4. Java, C++, or JavaScript development skills
5. Additional experience with at least one of: deployments (DevOps), databases, or front-end development",no,
Junior Software Engineer,2025-08-22,https://jobright.ai/jobs/info/68a8ab0f758f2e4ac3ff4336?utm_source=1100&utm_campaign=Software Engineering,On Site,"Multi Location
Chicago, IL
Bay Area, CA
Dallas, TX",WEX,5001-10000,"Financial Services,FinTech",$68000-$90000 /yr,"1. Bachelor's degree in Computer Science, Software Engineering, or related field; OR demonstrable equivalent experience.
2. At least 1 year of experience in software engineering.
3. Strong problem-solving skills, excellent communication and collaboration skills.
4. Passionate about keeping up with modern technologies and design.
5. Experience building and consuming REST API's.
...",not sure,
Associate Software Engineer with Polygraph,2025-08-22,https://jobright.ai/jobs/info/68a8aae5758f2e4ac3ff4301?utm_source=1100&utm_campaign=Software Engineering,Hybrid,"US - VA, Centreville",Parsons Corporation,10000+,"Building Material,Construction","$62,300-$109,000 /yr","1. Active Top Secret SCI clearance with polygraph
2. BS degree in computer science, computer engineering, software engineering, or a related discipline. (A combination of education and experience will be considered in lieu of a degree.)
3. Experience working in a Linux development environment
4. Java, C++, or JavaScript development skills
5. Additional experience with at least one of: deployments (DevOps), databases, or front-end development",no,
Associate Software Engineer with Polygraph,2025-08-22,https://jobright.ai/jobs/info/68a8a8f2d627244576e34596?utm_source=1100&utm_campaign=Software Engineering,Hybrid,"Centreville, VA",Parsons Corporation,10000+,"Building Material,Construction",$62K-$109K /yr,"1. Active Top Secret SCI clearance with polygraph
2. BS degree in computer science, computer engineering, software engineering, or a related discipline. (A combination of education and experience will be considered in lieu of a degree.)
3. Experience working in a Linux development environment
4. Java, C++, or JavaScript development skills
5. Additional experience with at least one of: deployments (DevOps), databases, or front-end development",no,
"Software Development Engineer I - iOS, Mobile Apps Engineering",2025-08-22,https://jobright.ai/jobs/info/682dbf064941905323befb9b?utm_source=1100&utm_campaign=Software Engineering,On Site,"Bethpage, NY",Optimum,5001-10000,,$84K-$137K /yr,"1. 1-2 years of experience as a professional iOS developer shipping native iOS apps.
2. Bachelor's degree in Computer Science, Electrical Engineering, or a related field.
3. Proficient in iOS development principles and Apple Human Interface Guidelines, including Swift, Objective-C, and adept in using Xcode.
4. Experience in designing and developing user interfaces (UIs) adhering to modern iOS frameworks and libraries.
5. Proven ability to write clean, maintainable, and efficient code.
...",not sure,
Software Engineer I (Network Integration),2025-08-22,https://jobright.ai/jobs/info/68a8a3d0d627244576e342ff?utm_source=1100&utm_campaign=Software Engineering,Remote,United States,GCI Communication Corp.,1001-5000,,"$67,688-$112,815 /yr","1. A combination of relevant work experience and/or education sufficient to perform the duties of the job may substitute to meet the total years required on a year-for-year basis
2. High School diploma or equivalent.
3. Bachelor’s degree in Computer Science, Computer Technologies, Systems Analysis, Engineering, or relevant field.
4. Minimum of one (1) year experience in software development, configuration engineering, or similar technical role.
5. Experience with multiple OS scripting languages and Web based scripting technology.
...",not sure,
"Simulation Software Engineer (Associate, Experienced)",2025-08-22,https://jobright.ai/jobs/info/68a89ae0d627244576e33d16?utm_source=1100&utm_campaign=Software Engineering,On Site,"USA - Seattle, WA",Boeing,1001-5000,"Aerospace,Industrial","$118,150-$159,850 /yr","1. 1+ years of experience using Linux/Windows operating systems
2. Knowledge/experience in Modeling and Simulation
3. 1+ years of programming experience -preferably C/C++/Python, Java, Web technologies
4. 1+ years of software development experience with application integration and system architecture, utilizing standard IT lifecycle methodologies and tools
5. 2+ years of experience with Interface Control Document (XML, JSON)
...",no,
QA Test Analyst,2025-08-22,https://jobright.ai/jobs/info/688bbb533a30793eb963cecc?utm_source=1100&utm_campaign=Software Engineering,Hybrid,"New York, United States",Nasdaq,1001-5000,"Finance,Financial Services",$52K-$86K /yr,"1. Bachelor in Computer Science, Information Systems or related discipline, or equivalent work experience.
2. 1-2 years preferred experience.
3. Proficiency/Good Understanding in at least one programming language is crucial. Python/Java. Knowledge of scripting languages like Bash or PowerShell can also be valuable.
4. Understanding of operating systems (e.g., Windows, Linux, Mac), databases (e.g., SQL), and computer networks is important.
5. Familiar with bug tracking and test case management tools, such as JIRA.
...",no,
Software Engineer 1 (24411) - COBRA,2025-08-22,https://jobright.ai/jobs/info/68a886e96acf96396f720861?utm_source=1100&utm_campaign=Software Engineering,On Site,"Vandenberg Village, CA","Mission Technologies, a division of HII",5001-10000,,$89000-$89000 /yr,"1. 0 years experience with Bachelors in related field; or High School Diploma or equivalent and 4 years relevant experience.
2. Must possess an active Secret clearance at the time of clearance
3. Ability to analyze system requirements and develop engineering specifications
4. Experience collaborating with multidisciplinary teams across engineering lifecycle phases
5. Strong problem-solving skills and attention to detail in technical documentation",no,yes
Software Engineer,2025-08-22,https://jobright.ai/jobs/info/68a881e3d627244576e3321a?utm_source=1100&utm_campaign=Software Engineering,Remote,United States,Microsoft,10000+,"Artificial Intelligence (AI),Data Management",$82K-$175K /yr,"1. Bachelor's Degree in Computer Science, or related technical discipline with proven experience coding in languages including, but not limited to, C, C++, C#, Java, JavaScript, or Python, OR equivalent experience.
2. Ability to meet Microsoft, customer and/or government security screening requirements are required for this role.
3. Microsoft Cloud Background Check: This position will be required to pass the Microsoft Cloud Background Check upon hire/transfer and every two years thereafter.",no,
Associate Software Engineer – Simulation,2025-08-22,https://jobright.ai/jobs/info/68a87f5ad627244576e3318c?utm_source=1100&utm_campaign=Software Engineering,On Site,"USA - Seattle, WA",Boeing,1001-5000,"Aerospace,Industrial",$96050-$129950 /yr,"1. Ability to obtain a U.S. Security Clearance
2. Working knowledge of GitLab
3. Experience using Matlab/Simulink
4. Knowledge of selected programming languages (e.g. LabVIEW, C, Fortran, C++)",no,
Front-End Engineer II - AMZ24269.1,2025-08-22,https://jobright.ai/jobs/info/6854a7665b979ccfb6700b14?utm_source=1100&utm_campaign=Software Engineering,On Site,"Seattle, WA",Amazon,10000+,"Delivery,E-Commerce",$144K-$194K /yr,"1. Bachelor’s degree or foreign equivalent in Computer Science, Engineering, Mathematics, Information Technology, or a related field
2. one year of experience in the job offered or as a Software Engineer, Software Developer, or a related occupation
3. one year of experience in using cross-browser HTML, CSS, and JavaScript
4. one year of experience in using server-side JavaScript, Perl, Python, Java or Ruby
5. one year of experience in using client-side JavaScript frameworks including React, Angular, Ember, Vue, or Backbone
...",not sure,
"Information Technology Specialist 2, SG-18 - Programming",2025-08-22,https://jobright.ai/jobs/info/67772461ec1391cdbf27c933?utm_source=1100&utm_campaign=Software Engineering,On Site,"Albany, NY",New York State Department of Financial Services,501-1000,"Financial Services,Government",$67K-$85K /yr,"1. A bachelor's or higher-level degree including or supplemented by 15 semester credit hours in computer science
2. A bachelor's or higher-level degree in any field and one year of experience in information technology
3. 60 semester credit hours including or supplemented by 15 semester credit hours in computer science and one year of professional experience in information technology
4. Two years of professional experience in information technology
5. Candidates must be reachable on the Civil Service eligible list for 20-611010 or 20-610010
...",not sure,
"Software Engineer, Design Software (Starship)",2025-08-22,https://jobright.ai/jobs/info/6870e86906ad7073463c23ae?utm_source=1100&utm_campaign=Software Engineering,On Site,"Hawthorne, CA",SpaceX,1001-5000,"Advanced Materials,Aerospace",$120K-$170K /yr,"1. Bachelor's degree in computer science, engineering, math, or scientific discipline; OR 2+ years of professional experience building software in lieu of a degree
2. 1+ years of experience in full stack development
3. Must be willing to work extended hours/weekends as needed dependent on launch cadence",no,
Software Engineer,2025-08-22,https://jobright.ai/jobs/info/681c11f2ab59c69fcea731eb?utm_source=1100&utm_campaign=Software Engineering,On Site,"New York, NY",Versana,11-50,"Consulting,Data Integration",$90K-$130K /yr,"1. BS or BA in Computer Science
2. 1-3 years of full stack development experience (backend with Java/Spring Boot, front-end with React/Angular (TypeScript/JavaScript)
3. Good understanding of application architecture and performance optimization
4. Adeptness at using build and development tools (Git, Maven/Gradle)
5. Experience with REST APIs
...",not sure,
Associate Software Developer (6019),2025-08-22,https://jobright.ai/jobs/info/688bc1ab1808534a89cb5d57?utm_source=1100&utm_campaign=Software Engineering,Hybrid,"Reston, VA",MetroStar,101-250,"Artificial Intelligence (AI),Cloud Data Services",$64K-$92K /yr,"1. Bachelor’s degree in an IT related discipline or equivalent experience is required.
2. 0-2+ years’ experience programming in Natural/ADABAS or comparable languages.
3. Participates in discussions with user departments and systems support persons as to planning new application or the improvement of current applications.
4. Communicate effectively and proficiently with team members as well as end users.
5. Ad-hoc queries, import and export of data, managing data interfaces between our different systems.
...",no,yes
Enterprise SDR,2025-08-22,https://jobright.ai/jobs/info/688c12a53a30793eb963fb07?utm_source=1100&utm_campaign=Software Engineering,Hybrid,"Boulder, CO",Respondology,11-50,"Advertising,Social Media Management",$80K-$85K /yr,"1. 1-2 years of experience in an SDR or BDR role, preferably in a SaaS or tech-focused environment
2. Clear, concise communicator—both written and verbal—with strong interpersonal skills
3. Experience using sales tools like Hubspot, LinkedIn Sales Navigator, Nooks, Apollo.
4. Experience in omni-channel outreach, especially cold calling.",not sure,
Senior Associate Application Engineer (multiple openings) - IHM,2025-08-22,https://jobright.ai/jobs/info/689eefd883d13d1f5b6c38a1?utm_source=1100&utm_campaign=Software Engineering,On Site,"Riverwoods, IL",Discover,10000+,"Banking,Credit",$107K-$124K /yr,"1. Bachelor's degree in Computer Science, Engineering or a related field
2. 1 year of experience in the job offered or in an Engineering-related occupation
3. Utilizing Java and Spring framework
4. Cloud technologies including AWS
5. Messaging tools like Kafka to build real-time streaming data pipelines for the application
...",not sure,
"Software Engineering, Associate",2025-08-22,https://jobright.ai/jobs/info/688bc249906ac06e1d1ce241?utm_source=1100&utm_campaign=Software Engineering,On Site,"Annapolis Junction, MD",Peraton,10000+,"Information Technology,Robotics",$86K-$138K /yr,"1. Bachelor's degree in Computer Science or a related discipline from an accredited college or university is required.
2. No prior experience is necessary with a qualifying degree.
3. In lieu of a degree, four (4) years of relevant software engineering (SWE) experience on projects with similar software development processes may be substituted.
4. Active TS/SCI security clearance with a current polygraph is required.",no,
Software Developer,2025-08-22,https://jobright.ai/jobs/info/68a74cebd627244576e2b1e8?utm_source=1100&utm_campaign=Software Engineering,Remote,United States,BGDC Distribution,1001-5000,"Logistics,Supply Chain Management",$80K-$90K /yr,"1. Bachelor’s degree in Computer Science, Information Technology, or a related field.
2. 1-4 years of professional software development experience (entry-level candidates encouraged to apply).
3. Strong problem-solving, analytical, and troubleshooting skills across various application layers.
4. Ability to handle multiple tasks efficiently in a fast-paced environment.
5. Excellent written and verbal communication skills, with demonstrated teamwork and collaboration abilities.
...",not sure,
Associate QA Engineer,2025-08-22,https://jobright.ai/jobs/info/684e120b5366244dee92b43b?utm_source=1100&utm_campaign=Software Engineering,Hybrid,"Charlotte, NC",AssetMark,1001-5000,"Advice,Consulting",$73K-$83K /yr,"1. Bachelor's degree in Computer Science, Engineering, or related field
2. 0-2 years of experience in software testing or quality assurance
3. Fresh graduates with strong technical foundation are welcome
4. Basic understanding of software development lifecycle
5. Familiarity with web applications and basic testing concepts
...",no,yes
SAP ABAP Developer,2025-08-22,https://jobright.ai/jobs/info/688bd8f03a30793eb963e2b0?utm_source=1100&utm_campaign=Software Engineering,On Site,"Washington, DC",Accenture Federal Services,10000+,"Consulting,Finance","$76,100-$176,200 /yr","1. 1 year of SAP Experience
2. SAP ABAP Development experience",no,
"Software Engineer, Simulation, Limited Duration (Backend)",2025-08-22,https://jobright.ai/jobs/info/6838fd4c0b74c9ee08a2aa5b?utm_source=1100&utm_campaign=Software Engineering,Hybrid,"Mountain View, CA",Waymo,1001-5000,"Artificial Intelligence (AI),Automotive",$170K-$216K /yr,"1. 1–5 years of experience in a full-time software development role with strong proficiency in either Python or C++
2. Bachelor's degree in Computer Science, a related technical field, or equivalent practical experience",not sure,
HPC Software Engineer (C++/Linux),2025-08-22,https://jobright.ai/jobs/info/6819027e45e16b6d47c115ec?utm_source=1100&utm_campaign=Software Engineering,On Site,"Milpitas, CA",KLA,10000+,"Electronics,Information Technology",$109K-$185K /yr,"1. Proficiency in C/C++, multi-threaded software development on Linux platforms.
2. Good debugging skills and Linux system utilities to solve timing critical applications.
3. Use object-oriented principles and design patterns to develop fault-tolerant and extendable software.
4. Knowledge of HPC system software and hardware modules.
5. Master's Level Degree and 1 to 3 years related work experience; Bachelor's Level Degree and related work experience of 3 to 5 years.",not sure,
GPU Application Platform Engineer Graduate (Server Research and Development) - 2026 Start (PhD),2025-08-22,https://jobright.ai/jobs/info/68a84b2d758f2e4ac3ff1e6e?utm_source=1100&utm_campaign=Software Engineering,On Site,"San Jose, CA",TikTok,10000+,"Content Creators,Content Discovery",$119K-$259K /yr,"1. Final year or recent PhD graduate with a background in Electrical Engineering, Computer Engineering, Computer Science or related majors.
2. Thesis topics in GPU/AI platform architecture and/or application performance optimization design or software hardware co-design.
3. Deep understanding of computer system architecture, especially on GPU/AI SoC or Platform Architecture, Interconnect Fabric, and Memory sub-system.
4. Experienced in GPU/AI system application performance optimization or software hardware co-design.
5. Strong knowledge and proficiency in software development in C/C++, scripting languages such as Python.",not sure,yes
"Software Engineer I, Hardware Test (R3674)",2025-08-22,https://jobright.ai/jobs/info/68707b37a5ae807a59cf88d2?utm_source=1100&utm_campaign=Software Engineering,On Site,"Dallas, TX",Shield AI,501-1000,"Artificial Intelligence (AI),Autonomous Vehicles",$73K-$109K /yr,"1. B.S. in Computer Science, Computer Engineering, Electrical Engineering, or a related STEM field.
2. Solid understanding of core computer science concepts (e.g., data structures, algorithms).
3. Proficiency in Python programming.
4. Exposure to Linux environments and basic Bash scripting.
5. Enthusiasm for solving technical challenges and learning in a hands-on setting.
...",not sure,
Software Engineer,2025-08-22,https://jobright.ai/jobs/info/68366375d3bc7cf6c1801e6b?utm_source=1100&utm_campaign=Software Engineering,Hybrid,"New York, NY",Justworks,1001-5000,"B2B,Bookkeeping and Payroll",$115K-$160K /yr,"1. Minimum 1 year of professional development experience
2. Proficiency in server-side languages like Python, Java, Node.js, or Ruby (Go experience is a plus)
3. Solid SQL skills and understanding of database fundamentals
4. Experience with cloud platforms, preferably AWS (basic deployment and monitoring)
5. Interest in helping junior developers and contributing to team knowledge sharing
...",not sure,
Engineer I – Electrical & Embedded Software,2025-08-22,https://jobright.ai/jobs/info/688bfdc13a30793eb963f2df?utm_source=1100&utm_campaign=Software Engineering,On Site,"Rosemont, IL",Culligan International,5001-10000,"Manufacturing,Service Industry",$77K-$85K /yr,"1. Bachelor of Science degree in electrical engineering and/or computer science.
2. 1+ years of experience in electrical engineering design/development including electrical & electromechanical component specification and integration, electrical test, PCB layout, embedded systems, microcontrollers, and circuit design.
3. Able to read and interpret electrical schematics, mechanical 3D models and P&IDs.
4. Able to use PCB layout software and basic CAD to create circuit & PCB drawings.
5. Able to build prototype hardware and test equipment with direction.
...",not sure,
"Engineering Analyst, AdSpam Mobile",2025-08-22,https://jobright.ai/jobs/info/68a828fad627244576e31bbf?utm_source=1100&utm_campaign=Software Engineering,On Site,"Multi Location
Kirkland, WA
Austin, TX",Google,10000+,"Apps,Artificial Intelligence (AI)",$105K-$151K /yr,"1. Bachelor's degree or equivalent practical experience.
2. 1 year of experience in data analysis, including identifying trends, generating summary statistics, and drawing insights from quantitative and qualitative data.
3. 1 year of experience managing projects and defining project scope, goals, and deliverables.",not sure,
Software Engineer - New Grad,2025-08-21,https://jobright.ai/jobs/info/68a8132033dd7158bbcabb90?utm_source=1100&utm_campaign=Software Engineering,On Site,"San Francisco, CA",Together AI,101-250,"Artificial Intelligence (AI),Generative AI",$150K-$200K /yr,"1. Bachelor’s degree (or equivalent) in Computer Science, Software Engineering, or a related field, earned or expected by Summer 2026.
2. Excellent programming skills
3. Experience with version control systems (e.g., Git) and collaborative development workflows.
4. Ability to solve problems creatively and communicate trade-offs effectively.
5. Enthusiasm for learning and thriving in a fast-paced, collaborative environment.",not sure,yes
"Software Development Engineer, SDN Traffic Intelligence & Control-2025 Start (PhD)",2025-08-21,https://jobright.ai/jobs/info/68a0531afaa4e875e82901c7?utm_source=1100&utm_campaign=Software Engineering,On Site,"Seattle, WA",ByteDance,10000+,"Content,Data Mining",$130K-$246K /yr,"1. Current year or recent PhD graduate with a background in computer science, network engineering or a related field.
2. Proficiency in at least one programming language, such as Go, C++, or Python, with a strong foundation in designing and developing distributed systems.
3. In-depth understanding of networking protocols and the TCP/IP stack.
4. Practical or research experience in the areas of bandwidth management or distributed rate limiting systems/algorithms will be considered particularly favorable.",not sure,
Software Developer,2025-08-21,https://jobright.ai/jobs/info/68a7fa6e758f2e4ac3fef999?utm_source=1100&utm_campaign=Software Engineering,On Site,"San Jose, CA",Supermicro,1001-5000,"Artificial Intelligence (AI),Cloud Computing",$69K-$100K /yr,"1. BS in EE/CS/CE is preferred
2. 1-2 years working experience in software development preferred
3. Strong programming skills in C/C++, Java
4. Experience in Linux OS using source code control systems
5. Experience in object-oriented design, algorithm design
...",not sure,
Research Scientist Graduate Graphics Engine - 2026 Start (PhD),2025-08-21,https://jobright.ai/jobs/info/688f08d56a4aac5783cdc7d3?utm_source=1100&utm_campaign=Software Engineering,On Site,"San Jose, CA",TikTok,10000+,"Content Creators,Content Discovery",$137K-$259K /yr,"1. PhD in Computer Science, Applied Mathematics, or a related field, with a focus in computer graphics, physics simulation, animation or AI/ML.
2. Strong background in linear algebra, calculus, geometry, and numerical methods.
3. Solid experience in one or more of the following: neural rendering (NeRF, 3DGS, or similar), physically based simulation, animation system, AI.
4. Proficiency in C++ and Python.
5. Familiarity with GPU programming (CUDA, OpenCL, or similar) is a plus, but not required.
...",not sure,yes
Software Development Associate,2025-08-21,https://jobright.ai/jobs/info/68a93974d627244576e385a0?utm_source=1100&utm_campaign=Software Engineering,On Site,"Austin, TX",The University of Texas at Austin,501-1000,"Corporate Training,Education",$88K-$120K /yr,"1. Bachelor’s degree in Computer Science, Computer Engineering, or other related discipline.
2. Strong proficiency in Python, C++, Git, SQL, and bash scripting.
3. Demonstrated ability to follow coding standards and testing standards as well as the ability to define and document complex software applications.
4. Ability to examine the details of complex algorithms.
5. Demonstrated ability to work effectively, both independently and collaboratively, with a strong commitment to contribution and enabling the entire team.
...",no,
"Software Engineer, New Grad (2026 Start)",2025-08-21,https://jobright.ai/jobs/info/68a7c2ac758f2e4ac3fee5b4?utm_source=1100&utm_campaign=Software Engineering,Hybrid,"San Francisco, CA",Zip,251-500,"Compliance,Enterprise Resource Planning (ERP)",$135K-$145K /yr,"1. Pursuing a BS or MS in Computer Science or related technical field involving coding (e.g. physics or math), with a graduation date between December 2025 - June 2026
2. Experience with web applications and API development. At Zip, our stack includes Python, Javascript/TypeScript, React, and GraphQL
3. Ability and interest to quickly learn new frameworks, architecture patterns, and programming languages as needed
4. Fantastic written and verbal communication skills
5. Prior internships in high-growth startup environment",not sure,yes
Software Engineer - Hawkeye,2025-08-21,https://jobright.ai/jobs/info/68a7cf14758f2e4ac3feea1a?utm_source=1100&utm_campaign=Software Engineering,On Site,"Palo Alto, CA",Rubrik,1001-5000,"Cloud Computing,Cloud Data Services",$126K-$190K /yr,"1. BS or MS in Computer science or related field with 1-3 years of relevant work experience
2. Required experience working with file system internals and low level systems programming.
3. Experience with one or more general purpose programming languages including but not limited to: C/C++, Go, Scala, Python or Java.
4. Strong fundamentals in data structures, algorithms, and distributed systems design
5. Enjoy learning new technologies continuously and rapidly reinventing your skill set
...",not sure,
Associate EDI Engineer,2025-08-21,https://jobright.ai/jobs/info/68a7c66633dd7158bbca98e3?utm_source=1100&utm_campaign=Software Engineering,Remote,United States,Point C,101-250,"Health Care,Health Insurance","$55,000-$70,000 /yr","1. 1–2 years of experience with healthcare EDI formats and/or X12 transaction sets, or equivalent coursework/internship experience
2. Basic understanding of healthcare insurance workflows and claims data
3. Familiarity with JavaScript and SQL; exposure to C# a plus
4. Ability to learn EDI mapping, transformation, and integration concepts
5. Strong problem-solving skills and attention to detail",not sure,
Software Engineer Graduate (Ads Interface and Platform) - 2026 Start (BS/MS),2025-08-21,https://jobright.ai/jobs/info/688b89873a30793eb963b4d9?utm_source=1100&utm_campaign=Software Engineering,On Site,"San Jose, CA",TikTok,10000+,"Content Creators,Content Discovery",$119K-$177K /yr,"1. BS/ MS Degree in computer science or related technical discipline
2. Strong Computer Science fundamentals (algorithms, data structures, software design) and problem-solving skills
3. Ability to think critically and to formulate solutions in a clear and concise way
4. Very strong teamwork skills (e.g. communication, ownership, empathy, honesty)",not sure,yes
Software Engineer II OCC,2025-08-21,https://jobright.ai/jobs/info/68a7c4d3d627244576e2eb49?utm_source=1100&utm_campaign=Software Engineering,Hybrid,"Multi Location
Cincinnati, OH
St. Petersburg, FL
Sarasota, FL
Phoenix, AZ
Webster, NY
Tempe, AZ
Allentown, PA
Irving, TX",Paychex,10000+,"Accounting,Bookkeeping and Payroll",$76K-$119K /yr,"1. Bachelor's Degree in Computer related discipline or equivalent work experience
2. 1 year of experience in Related field and experience using one or more programming language(s)
3. 1 year of experience in Oracle CX-Fusion OCC/CPQ/OIC/OSS
4. 1 year of experience in JavaScript, React.js Redux/Redux Saga UX development frameworks
5. Java using SpringBoot development framework
...",not sure,
"Software Engineer II, Backend (Open Loop BNPL)",2025-08-21,https://jobright.ai/jobs/info/68a89c89d627244576e33f11?utm_source=1100&utm_campaign=Software Engineering,Hybrid,"Multi Location
Boulder, CO
Sioux Falls, SD
Raleigh, NC
Cleveland, OH
Detroit, MI
Phoenix, AZ
Dallas, TX
San Jose, CA
Minneapolis, MN
Washington, DC
Denver, CO
Palo Alto, CA
Baltimore, MD
Nashville, TN
Charlotte, NC
St Louis, MO
Richmond, VA
Portland, OR
Houston, TX
San Diego, CA
Boise, ID
Las Vegas, NV
Madison, WI
Miami, FL
Philadelphia, PA
Remote US",Affirm,1001-5000,"Financial Services,FinTech",$160000-$210000 /yr,"1. You have a total of 1.5+ years of experience as a software engineer.
2. You have experience designing, developing and launching backend systems and are proficient in one of Python or Kotlin.
3. You are familiar with the building blocks of distributed systems, and the technologies like AWS, MySQL and Kubernetes.
4. You have experience designing, developing and launching APIs at scale using languages like Python or Kotlin.
5. You have mastered taking a simple problem or business scenario into a solution that interacts with multiple software components, and executing on it by writing clear, easily understood, well tested and extensible code.
...",not sure,
Applications Engineer - Java Developer,2025-08-21,https://jobright.ai/jobs/info/68a7bfd7d627244576e2e649?utm_source=1100&utm_campaign=Software Engineering,On Site,"Nashville, TN",Caterpillar Inc.,10000+,"Construction,Machinery Manufacturing",$93K-$161K /yr,"1. Degree or equivalent experience desired
2. Knowledge of approaches, tools, techniques for recognizing, anticipating, and resolving organizational, operational or process problems
3. Ability to apply knowledge of problem solving appropriately to diverse situations
4. Identifies and documents specific problems and resolution alternatives
5. Examines a specific problem and understands the perspective of each involved stakeholder
...",no,
Software Engineer - Hawkeye,2025-08-21,https://jobright.ai/jobs/info/68a7bc8d33dd7158bbca9182?utm_source=1100&utm_campaign=Software Engineering,On Site,"Palo Alto, CA",Rubrik,1001-5000,"Cloud Computing,Cloud Data Services","$126,500-$189,700 /yr","1. BS or MS in Computer science or related field with 1-3 years of relevant work experience
2. Required experience working with file system internals and low level systems programming
3. Experience with one or more general purpose programming languages including but not limited to: C/C++, Go, Scala, Python or Java
4. Strong fundamentals in data structures, algorithms, and distributed systems design
5. Enjoy learning new technologies continuously and rapidly reinventing your skill set
...",not sure,
Mobile Software Engineer - Android (Remote),2025-08-21,https://jobright.ai/jobs/info/68a7ceded627244576e2ef04?utm_source=1100&utm_campaign=Software Engineering,Remote,AZ,SMBC Group,10000+,"Advice,Banking",$88K-$105K /yr,"1. Bachelor’s degree in computer science or equivalent.
2. 1+ years of experience Android 6.0 (API level 23) +, GitHub examples, or an application on Google Play
3. 1+ years of experience with Kotlin or Java
4. Understanding of UI and Unit testing
5. Understanding of dependency injection
...",not sure,
AFIT Graduate Research Engineer 1 (25142),2025-08-21,https://jobright.ai/jobs/info/68a7bb3e33dd7158bbca8ff6?utm_source=1100&utm_campaign=Software Engineering,Hybrid,"Wright-Patterson Air Force Base, OH","Mission Technologies, a division of HII",5001-10000,,$61K-$85K /yr,"1. Graduated from a major university or college with a Master's or PhD in Electrical or Mechanical Engineering with a 3.0 GPA or higher
2. 0 years experience with Bachelors in related field; or High School Diploma or equivalent and 4 years relevant experience
3. Must be U.S. Citizen, with active Secret clearance or ability to obtain one
4. Experience in software design, development, coding, testing and debugging
5. Solid foundation in object-oriented design, programming, and requirements development
...",no,yes
Software Engineer,2025-08-21,https://jobright.ai/jobs/info/68a8bb66d627244576e34f2c?utm_source=1100&utm_campaign=Software Engineering,Hybrid,"Multi Location
Colorado Springs, CO
Herndon, VA
Dayton, OH",Auria Space,501-1000,"Aerospace,Space Travel",$100K-$130K /yr,"1. Proficient software development skills
2. Unix/Linux experience
3. Familiarity with microservice development of scalable solutions employing messaging (e.g. RabbitMQ) and REST APIs
4. Agile/DevOps experience
5. Python, Java, JavaScript/React development
...",no,
"Junior Java Fullstack Engineer - Dallas, TX",2025-08-21,https://jobright.ai/jobs/info/68a7c89cd627244576e2ec8a?utm_source=1100&utm_campaign=Software Engineering,On Site,"Dallas, TX",Photon,5001-10000,"E-Commerce,Information Technology",$36K-$126K /yr,"1. Extensive experience with AWS services, including provisioning infrastructure, setting up security controls, and working with cloud-native solutions.
2. Proven experience building scalable data ingestion pipelines and implementing both real-time and batch data processing capabilities.
3. Experience with data migration and developing reconciliation systems is essential.
4. Strong skills in developing back-end solutions, particularly for data processing, data storage (transitional load), and interfacing with legacy systems like Mainframe DB2.
5. Hands-on experience with CI/CD pipelines and Infrastructure as Code (IaC) tools.
...",not sure,
Software Engineer Graduate (Ads Identity and Attribution Technology) - 2026 Start (BS/MS),2025-08-21,https://jobright.ai/jobs/info/689c4fde79a9f966625385f3?utm_source=1100&utm_campaign=Software Engineering,On Site,"San Jose, CA",TikTok,10000+,"Content Creators,Content Discovery",$119K-$177K /yr,"1. BS/MS Degree in Computer Science, Computer Engineering or relevant technical field.
2. Strong knowledge of data structures and algorithms, proficient in at least one coding language, including but not limited to Go, Javascript, Java, C++.
3. Excellent communication, teamwork skills, and strong ownership.
4. Curiosity towards new technologies and solutions, and outstanding ability to analyze and solve problems.",not sure,yes
"Engineer Graduate, Implementation - Algorithm Engineering, TikTok - 2026 Start (BS/MS)",2025-08-21,https://jobright.ai/jobs/info/689c1c43faa4e875e8266239?utm_source=1100&utm_campaign=Software Engineering,On Site,"San Jose, CA",TikTok,10000+,"Content Creators,Content Discovery",$119K-$259K /yr,"1. Bachelor or above degree in computer science or a related technical discipline.
2. Excellent programming skills, data structure and algorithm skills, proficient in GoLang / C / C++ / Python programming language, candidates with awards in ACM/ICPC, NOI/IOI, Top Coder, Kaggle and other competitions are preferred.
3. Experience with common backend stack (such as Storage, Message Queue, Cache, etc.).
4. Understanding of the principles of distributed systems and parallel computing.",not sure,yes
Applications Engineer - Java Developer,2025-08-21,https://jobright.ai/jobs/info/68a7abc5758f2e4ac3feda41?utm_source=1100&utm_campaign=Software Engineering,On Site,"Nashville, Tennessee",Caterpillar Inc.,101-250,,"$92,880-$160,788 /yr","1. Degree or equivalent experience desired
2. Knowledge of approaches, tools, techniques for recognizing, anticipating, and resolving organizational, operational or process problems
3. Ability to apply knowledge of problem solving appropriately to diverse situations
4. Identifies and documents specific problems and resolution alternatives
5. Examines a specific problem and understands the perspective of each involved stakeholder
...",no,
Engineering Manager,2025-08-21,https://jobright.ai/jobs/info/6883c1396fcd973d15ae2cac?utm_source=1100&utm_campaign=Software Engineering,On Site,"Raleigh, NC",Pendo.io,501-1000,"Analytics,Artificial Intelligence (AI)",$160K-$190K /yr,"1. 1+ years of experience managing or tech-leading a team of 5 or more engineers delivering customer-facing software
2. Strong technical foundation, with experience in either front end or back end development
3. Proven ability to enable and motivate teams to deliver robust, scalable software
4. Demonstrated success working cross-functionally across engineering, product, and design.
5. Experience influencing engineering decisions and driving improvements in quality and delivery",not sure,
UI Developer,2025-08-21,https://jobright.ai/jobs/info/68a7a541d627244576e2dc2c?utm_source=1100&utm_campaign=Software Engineering,On Site,"New York, NY",Galaxy,501-1000,"Asset Management,Banking",$140K-$160K /yr,"1. 1-5 years of relevant experience
2. Understanding of the fundamentals of HTML CSS, JavaScript, and Node.js, a background in basic building blocks of web pages
3. Familiarity extending CMS platforms
4. Experience with React",not sure,
Software Engineer Graduate Short Video - 2026 Start (BS/MS),2025-08-21,https://jobright.ai/jobs/info/688991759f961617fe21593e?utm_source=1100&utm_campaign=Software Engineering,On Site,"Seattle, WA",TikTok,10000+,"Content Creators,Content Discovery",$113K-$178K /yr,"1. Bachelor's or Master's degree in Computer Science or related fields or equivalent practical experience
2. Final year or recent graduate with a background in Software Development, Computer Science, Computer Engineering, or a related technical discipline
3. Experience with coding in Python, Java, Golang, C#, or C++
4. Must obtain work authorization in country of employment at the time of hire, and maintain ongoing work authorization during employment",no,yes
Software Engineer – Android,2025-08-21,https://jobright.ai/jobs/info/68ace83dd627244576e49c6e?utm_source=1100&utm_campaign=Software Engineering,On Site,"New York, NY",Meta,10000+,"Artificial Intelligence (AI),Augmented Reality","US$258,524-US$290,180 /yr","1. Requires a Bachelor’s in Computer Science, Engineering, Information Systems, or a related field followed by 24 months of experience in the job offered or in a computer-related occupation
2. Requires 24 months of experience involving the following:
3. 1. Implementing web interfaces using at least one of the following: JavaScript, HTML, or CSS
4. 2. Full stack web/mobile application development in at least one of the following industry-standard languages: C, C++, Java, or C#
5. 3. Leveraging frameworks, including experience in at least one of the following: React or React Native
...",not sure,
Software Engineer Graduate (Global SRE) - 2026 Start (BS/MS),2025-08-21,https://jobright.ai/jobs/info/688af4739f961617fe21fb90?utm_source=1100&utm_campaign=Software Engineering,On Site,"San Jose, CA",TikTok,10000+,"Content Creators,Content Discovery",$119K-$177K /yr,"1. BS/MS degree in Computer Science, Computer Engineering, or other relevant majors.
2. Excellent programming, debugging, and optimization skills in one or more general-purpose programming languages, including but not limited to C, C++, Java, Python, Perl, or Go.
3. Familiarity with Unix/Linux operating systems and IP networking.
4. Experience in problem-solving, application issues, or production operations.
5. Experience in automating routine tasks.
...",not sure,yes
UI Developer,2025-08-21,https://jobright.ai/jobs/info/68a78691758f2e4ac3fecee3?utm_source=1100&utm_campaign=Software Engineering,On Site,"New York, NY",Galaxy,501-1000,"Asset Management,Banking","$140,000-$160,000 /yr","1. 1-5 years of relevant experience
2. Understanding of the fundamentals of HTML CSS, JavaScript, and Node.js, a background in basic building blocks of web pages
3. Familiarity extending CMS platforms
4. Experience with React",not sure,
Associate EDI Engineer,2025-08-21,https://jobright.ai/jobs/info/68a784b7d627244576e2cf11?utm_source=1100&utm_campaign=Software Engineering,Remote,United States - Remote,Point C,101-250,"Health Care,Health Insurance",$55000-$70000 /yr,"1. 1–2 years of experience with healthcare EDI formats and/or X12 transaction sets, or equivalent coursework/internship experience
2. Basic understanding of healthcare insurance workflows and claims data
3. Familiarity with JavaScript and SQL; exposure to C# a plus
4. Ability to learn EDI mapping, transformation, and integration concepts
5. Strong problem-solving skills and attention to detail",not sure,
Associate Software Engineer,2025-08-21,https://jobright.ai/jobs/info/6891b015f47efe2113958380?utm_source=1100&utm_campaign=Software Engineering,Hybrid,"Radnor, PA",Lincoln Financial,5001-10000,"Advice,Finance",$54K-$96K /yr,"1. Bachelor's degree in Computer Science or equivalent work experience
2. 1-3+ years of experience in application development that directly aligns with the specific responsibilities for this position
3. Experience with HTML, CSS, JavaScript, TypeScript, and Angular
4. Experience with Java and Spring Boot
5. Experience writing Unit Tests (e.g. Mockito, Junit, Karma Jasmine)
...",not sure,
"Specialist, Integrations & Plan Configuration",2025-08-21,https://jobright.ai/jobs/info/689bb19bfaa4e875e826289c?utm_source=1100&utm_campaign=Software Engineering,On Site,"Radnor, PA",Lincoln Financial,5001-10000,"Advice,Finance",$54K-$96K /yr,"1. 1 - 3+ Years of experience in operations and/or insurance/benefits directly aligned to the specific responsibilities of this position.
2. 4 Year/Bachelor's degree or equivalent work experience (4 years of experience in lieu of Bachelor's)",not sure,
Enterprise Act Engineer III - AMZ9084394,2025-08-21,https://jobright.ai/jobs/info/68accb5f758f2e4ac3008ded?utm_source=1100&utm_campaign=Software Engineering,On Site,"San Diego, California, USA",Amazon,10000+,"Delivery,E-Commerce","$157,581-$207,800 /yr","1. Master's degree or foreign equivalent degree in Computer Science, Engineering, Mathematics, or a related field and one year of experience in the job offered or as a Support Engineer, Systems Engineer, or related occupation.
2. Employer will accept a Bachelor's degree or foreign equivalent degree in Computer Science, Engineering, Mathematics, or a related field and five years of progressive post-baccalaureate experience in the job offered or related occupation as equivalent to the Master's degree and one year of experience.
3. Must have one year of experience in the following skill(s): (1) designing, developing, implementing, troubleshooting, and managing large-scale, distributed applications; (2) performing system administration in a Linux or Windows environment; and (3) conducting computer networking, scripting, and automation.
4. Domestic and/or international travel up to 25% to perform role responsibilities may be required.",not sure,
Manual QA Tester (Web/Mobile),2025-08-21,https://jobright.ai/jobs/info/686eb979e85e3bed4bb8267f?utm_source=1100&utm_campaign=Software Engineering,Hybrid,"Los Gatos, CA",Badger Meter,5001-10000,"Manufacturing,Product Design",$72K-$96K /yr,"1. Strong attention to detail, analytical thinking, and problem-solving ability
2. Excellent written and verbal communication skills; not afraid to ask questions or challenge assumptions
3. Ability to learn quickly and work effectively in a cross-functional team",not sure,
Software Engineer I-NoSQL-International Card Services,2025-08-21,https://jobright.ai/jobs/info/68a776ee758f2e4ac3fec730?utm_source=1100&utm_campaign=Software Engineering,Hybrid,"Sunrise, FL",American Express,10000+,"Credit Cards,Finance",$70K-$135K /yr,"1. Experience in building large scale distributed applications with object-oriented design using java related stack.
2. Holds a masters or bachelor’s degree in Computer Science, Information Systems, or other related field (or has equivalent work experience).
3. Ability to implement scalable, high performing, secure, highly available solutions.
4. Proficient in developing solution architecture for business problems and communicating it to large teams.
5. Proficient in weighing pros and cons of different solution options and gaining alignment on the preferred option with multiple stakeholders.
...",no,
"Backend Software Engineer Graduate (Search, USDS) - 2025 Start (BS/MS)",2025-08-21,https://jobright.ai/jobs/info/68a776ab758f2e4ac3fec6f0?utm_source=1100&utm_campaign=Software Engineering,Hybrid,"San Jose, CA",TikTok,10000+,"Content Creators,Content Discovery",$119K-$187K /yr,"1. BS degree in Computer Science, Computer Engineering, or other relevant majors
2. Demonstrated experience in developing and implementing large-scale consumer-facing services/products and/or building backend services for large-scale consumer-facing applications
3. Proficiency in the following languages but not limited to: C/C++, Python, Java or Golang
4. Effective team communication and collaboration skills.",no,yes
Associate Software Engineer,2025-08-21,https://jobright.ai/jobs/info/68a773f633dd7158bbca74d5?utm_source=1100&utm_campaign=Software Engineering,On Site,"McLean, VA",Capital One,10000+,"Banking,Credit Cards",$114300-$130500 /yr,"1. Bachelor’s Degree
2. At least 1 year of experience in software engineering (Internship experience does not apply)",no,
Associate Mainframe Programmer Analyst-1,2025-08-21,https://jobright.ai/jobs/info/68a77376d627244576e2c79d?utm_source=1100&utm_campaign=Software Engineering,On Site,USA - CT - ANY CITY,DXC Technology,10000+,"Analytics,Consulting",$45800-$74800 /yr,"1. Contribute to software development projects by writing, testing, and debugging code, under the guidance of senior team members.
2. Collaborate with the team to meet project objectives, actively participating in code reviews and design discussions.
3. Assist in the documentation of software requirements and specifications, striving for clear and effective communication.
4. Participate in troubleshooting and resolving technical issues, seeking guidance and mentorship.
5. Learn and adapt to software development practices and methodologies, actively participating in training programs.
...",not sure,
Research Scientist Graduate (Infrastructure System Lab)- 2026 Start (PHD),2025-08-21,https://jobright.ai/jobs/info/68a05323cc9ee94dc911efc7?utm_source=1100&utm_campaign=Software Engineering,On Site,"San Jose, CA",ByteDance,10000+,"Content,Data Mining",$136K-$359K /yr,"1. Currently pursuing a PhD degree in Computer Science or related fields
2. Understand how distributed systems work, such as distributed storage and database systems.
3. Great programming skill in one or more of the following programming languages: C/C++, Go, Java or Python
4. Must obtain work authorization in country of employment at the time of hire, and maintain ongoing work authorization during employment.",no,yes
Application Analyst I,2025-08-21,https://jobright.ai/jobs/info/68a81fa633dd7158bbcac5ec?utm_source=1100&utm_campaign=Software Engineering,On Site,"Multi Location
West Orange, NJ
Oceanport, NJ",RWJBarnabas Health,10000+,"Diabetes,Health Care",$83K-$117K /yr,"1. Obtaining applicable certification is an expectation of the role as applicable; 0-2 years preferred experience
2. Applicant is expected to maintain certification as current by completing New Version Training NVT, as applicable
3. For certain clinical applications, clinical licensure is preferred and may be required as specified in Job Aid",not sure,yes
GPU Formal Verification Engineer (Multiple Levels Available),2025-08-21,https://jobright.ai/jobs/info/68a76a5f758f2e4ac3febc08?utm_source=1100&utm_campaign=Software Engineering,On Site,"Multi Location
Austin, TX
San Diego, CA
Santa Clara, CA",Qualcomm,10000+,"Artificial Intelligence (AI),Generative AI",$133600-$232600 /yr,"1. Bachelor's degree in Computer Engineering, Computer Science, Electrical Engineering, or related field and 2+ years of Software Engineering, Hardware Engineering, Systems Engineering, or related work experience.
2. OR Master's degree in Computer Engineering, Computer Science, Electrical Engineering, or related field and 1+ year of Software Engineering, Hardware Engineering, Systems Engineering, or related work experience.
3. OR PhD in Computer Engineering, Computer Science, Electrical Engineering, or related field.",not sure,
Associate Software Engineer,2025-08-21,https://jobright.ai/jobs/info/68a764a2758f2e4ac3feba61?utm_source=1100&utm_campaign=Software Engineering,On Site,"Lexington, KY",OpenText,10000+,"Artificial Intelligence (AI),Content",$72K-$118K /yr,"1. Bachelor’s or Master’s degree in Computer Science, Software Engineering, Computer Engineering, Information Systems, or a related field
2. Strong proficiency in at least one common programming language (C/C++, Java, .NET, Python)
3. Familiarity with automation tools (e.g., Selenium, UFT)
4. Understanding of Agile or Scrum development methodologies
5. Exposure to cloud technologies such as AWS, GCP, or Azure
...",not sure,
"SDET, Software Development Engineer in Test Graduate (TikTok Eng Test-Intelligent Creation) - 2026 Start (BS/MS)",2025-08-21,https://jobright.ai/jobs/info/689c1c4879a9f96662536581?utm_source=1100&utm_campaign=Software Engineering,On Site,"San Jose, CA",TikTok,10000+,"Content Creators,Content Discovery",$93K-$143K /yr,"1. Bachelor's or Master's degree in Computer Science, Computer Engineering or related field
2. Familiar with Java/Python/Objective-C/Golang, experience in related project development
3. Strong knowledge of software design, operating systems and networking
4. Problem solving with algorithms and data structures
5. Basic knowledge of testing methodology and tools",not sure,yes
"Software Engineer, New Grad - Production Infrastructure",2025-08-21,https://jobright.ai/jobs/info/68a48343541cc3479840be3f?utm_source=1100&utm_campaign=Software Engineering,Hybrid,"Washington, DC",Palantir Technologies,1001-5000,"Analytics,Big Data",$145K-$155K /yr,"1. Engineering background in fields such as Computer Science, Mathematics, Software Engineering, and Physics.
2. Familiarity with data structures, storage systems, cloud infrastructure, front-end frameworks, and other technical tools.
3. Experience coding in programming languages, such as Java, C++, Python, JavaScript, or similar languages.
4. Ability to communicate and collaborate with a variety of individuals, including engineers, users and non-technical team members.
5. Willingness to learn and make decisions independently, and the ability to ask questions effectively.
...",no,yes
Software Engineer Graduate Intelligent Creation - 2026 Start (BS/MS),2025-08-21,https://jobright.ai/jobs/info/68917ca0f47efe2113955b79?utm_source=1100&utm_campaign=Software Engineering,On Site,"San Jose, CA",TikTok,10000+,"Content Creators,Content Discovery",$119K-$187K /yr,"1. Bachelor's or Master's degree in Computer Science or related fields or equivalent practical experience
2. Final year or recent graduate with a background in Software Development, Computer Science, Computer Engineering, or a related technical discipline
3. Experience with coding in Python, Java, Golang, C#, or C++
4. Must obtain work authorization in country of employment at the time of hire, and maintain ongoing work authorization during employment",no,yes
"Engineer Graduate, Risk and Response - TikTok - 2026 Start (BS/ MS)",2025-08-21,https://jobright.ai/jobs/info/689c409a79a9f96662538255?utm_source=1100&utm_campaign=Software Engineering,On Site,"Seattle, WA",TikTok,10000+,"Content Creators,Content Discovery",$113K-$178K /yr,"1. Bachelor or above degree in computer science or a related technical discipline
2. Proficiency in designing data structures, building algorithms, and at least one programming language: python/go/php/c++/java
3. Had solid user-facing product experience in building, designing, and scaling software architecture
4. Strong problem-solving skills and a proactive approach to identifying and addressing technical challenges
5. Strong communication and teamwork skills",not sure,yes
Software Development Engineer in Test Graduate (Global E-commerce) - 2026 Start (BS/MS),2025-08-21,https://jobright.ai/jobs/info/68a0531bfaa4e875e82901cc?utm_source=1100&utm_campaign=Software Engineering,On Site,"San Jose, CA",ByteDance,10000+,"Content,Data Mining",$93K-$143K /yr,"1. Bachelor's or Master's degree in Computer Science or related technical discipline.
2. Understanding of computer field fundamentals for testing framework, networking, database, and algorithms.
3. Hands-on experience in development/coding knowledge and system design.
4. Strong self-driving force and quick learning ability.
5. Strong concurrent task processing ability and efficient work output.",not sure,yes
Software Engineer Graduate Short Video - 2026 Start (BS/MS),2025-08-21,https://jobright.ai/jobs/info/6889a4a6aab47a17f6703d0f?utm_source=1100&utm_campaign=Software Engineering,On Site,"San Jose, CA",TikTok,10000+,"Content Creators,Content Discovery",$119K-$187K /yr,"1. Bachelor's or Master's degree in Computer Science or related fields or equivalent practical experience
2. Final year or recent graduate with a background in Software Development, Computer Science, Computer Engineering, or a related technical discipline
3. Experience with coding in Python, Java, Golang, C#, or C++
4. Must obtain work authorization in country of employment at the time of hire, and maintain ongoing work authorization during employment",no,yes
Flight Team Web Developer,2025-08-21,https://jobright.ai/jobs/info/68a75193758f2e4ac3feb192?utm_source=1100&utm_campaign=Software Engineering,On Site,"Palo Alto, CA",WindBorne Systems,11-50,"Analytics,Artificial Intelligence (AI)",$90K-$130K /yr,"1. Competent web developer
2. Ability to serve as a web developer for mission control dashboard
3. Ability to develop tools to facilitate manufacturing quality loop closure and improve flight performance
4. Ability to lean into chaos and immerse yourself in day-to-day operations
5. Ability to directly connect with our constellation of nearly 200 balloons
...",not sure,
"Frontend Engineer Graduate, Trust and Safety - 2026 Start (BS/MS)",2025-08-21,https://jobright.ai/jobs/info/6892c8174c7e851b90ad868f?utm_source=1100&utm_campaign=Software Engineering,On Site,"Seattle, WA",TikTok,10000+,"Content Creators,Content Discovery",$113K-$178K /yr,"1. Bachelors or Masters graduate in Software Development, Computer Science, Computer Engineering or a related technical discipline
2. Familiar with HTML, CSS, Javascript, familiar with page architecture and layout, familiar with HTML5/CSS3 and other common technologies
3. Familiar with React, AJAX, DOM and other related technologies.
4. Familiar with NodeJS, proficient in using Webpack, Vite and other build tools.",not sure,yes
Full-Time Processor II,2025-08-21,https://jobright.ai/jobs/info/68a74afc758f2e4ac3feabf7?utm_source=1100&utm_campaign=Software Engineering,On Site,"Rochester Hills, MI",The Salvation Army USA Central Territory,251-500,,$13-$18 /hr,,not sure,
Software Engineer 1 - 23832 (FS Poly Required),2025-08-21,https://jobright.ai/jobs/info/686db700e564ed71e6ee219d?utm_source=1100&utm_campaign=Software Engineering,On Site,"Fort Meade, MD","Mission Technologies, a division of HII",5001-10000,,$65K-$100K /yr,"1. 0 years experience with Bachelors in related field; or High School Diploma or equivalent and 4 years relevant experience.
2. TS/SCI clearance with Full Scope Poly",no,yes
Java Software Engineer,2025-08-21,https://jobright.ai/jobs/info/68795e492097a271a8976e9e?utm_source=1100&utm_campaign=Software Engineering,On Site,"East Windsor, NJ",BeaconFire Solution Inc.,101-250,"Business Intelligence,Information Technology",$65K-$80K /yr,"1. Experience in programming language JavaScript or similar (e.g. Java, Python, C, C++, C#)
2. An understanding of the software development life cycle
3. Basic programming skills using object-oriented programming (OOP) languages with in-depth knowledge of common APIs and data structures like Collections, Maps, lists, Sets etc.
4. Knowledge of relational databases (e.g. SQL Server, Oracle) basic SQL query language skills",yes,yes
Software Engineer I-NoSQL-International Card Services,2025-08-21,https://jobright.ai/jobs/info/68a76513758f2e4ac3febab2?utm_source=1100&utm_campaign=Software Engineering,Hybrid,"Sunrise, FL",AMEX Healthcare,251-500,"Freight Service,Medical",$70K-$135K /yr,"1. Experience in building large scale distributed applications with object-oriented design using java related stack.
2. Holds a masters or bachelor’s degree in Computer Science, Information Systems, or other related field (or has equivalent work experience).
3. Ability to implement scalable, high performing, secure, highly available solutions.
4. Proficient in developing solution architecture for business problems and communicating it to large teams.
5. Proficient in weighing pros and cons of different solution options and gaining alignment on the preferred option with multiple stakeholders.
...",no,
Software Engineer Graduate PGC - 2026 Start (BS/MS),2025-08-21,https://jobright.ai/jobs/info/68918225f47efe211395609f?utm_source=1100&utm_campaign=Software Engineering,On Site,"San Jose, CA",TikTok,10000+,"Content Creators,Content Discovery",$119K-$187K /yr,"1. Bachelor's or Master's degree in Computer Science or related fields or equivalent practical experience
2. Final year or recent graduate with a background in Software Development, Computer Science, Computer Engineering, or a related technical discipline
3. Experience with coding in Python, Java, Golang, C#, or C++
4. Must obtain work authorization in country of employment at the time of hire, and maintain ongoing work authorization during employment",no,yes
Software Engineer Graduate (Experimentation and Evaluation) - 2026 Start (BS/MS),2025-08-21,https://jobright.ai/jobs/info/68917693f5ee707a15dbea9a?utm_source=1100&utm_campaign=Software Engineering,On Site,"San Jose, CA",TikTok,10000+,"Content Creators,Content Discovery",$144K-$259K /yr,"1. Bachelor's or Master's degree in Computer Science or related fields or equivalent practical experience.
2. Final year or recent graduate with a background in Software Development, Computer Science, Computer Engineering, or a related technical discipline.
3. Experience with coding in Python, Java, Golang, C#, or C++.
4. Must obtain work authorization in country of employment at the time of hire, and maintain ongoing work authorization during employment.",no,yes
Software Engineer/Mobile Engineer Graduate (Monetization Technology - Ads Core Demonstration) - 2026 Start (BS/MS),2025-08-21,https://jobright.ai/jobs/info/689bff4c79a9f9666253513b?utm_source=1100&utm_campaign=Software Engineering,On Site,"San Jose, CA",TikTok,10000+,"Content Creators,Content Discovery",$115K-$231K /yr,"1. Final year or recent graduate with a background in Computer Science or a related field, or equivalent experience.
2. Relevant practical experience in mobile app development (Android and/or iOS).
3. Good object-oriented development and software system design skills.
4. Proficiency in at least one of the following languages: Java/Kotlin (Android) or Swift/Objective-C (iOS).
5. Ability to understand, debug, and optimize large and complex codebases.
...",not sure,yes
"SDET, Software Development Engineer in Test Graduate (TikTok Eng Test-Privacy Product) - 2026 Start (BS/MS)",2025-08-21,https://jobright.ai/jobs/info/689175994c7e851b90aced0f?utm_source=1100&utm_campaign=Software Engineering,On Site,"San Jose, CA",TikTok,10000+,"Content Creators,Content Discovery",$93K-$143K /yr,"1. Bachelor's or Master's degree in Computer Science, Computer Engineering or related field
2. Familiar with Java/Python/Objective-C/Golang, experience in related project development
3. Strong knowledge of software design, operating systems and networking
4. Problem solving with algorithms and data structures
5. Basic knowledge of testing methodology and tools",not sure,yes
Software Engineer Graduate (Foundation Platform) - 2026 Start (BS/MS),2025-08-21,https://jobright.ai/jobs/info/689e8f6679a9f9666254dd9f?utm_source=1100&utm_campaign=Software Engineering,On Site,"San Jose, CA",TikTok,10000+,"Content Creators,Content Discovery",$119K-$187K /yr,"1. Final year or recent graduate with a background in Software Development, Computer Science, Computer Engineering, or a related technical discipline
2. Experienced in building backend services for large-scale consumer-facing applications.
3. Proficient in at least one of the following languages: Java, Go, C++, Python.
4. Deep understanding of computer architectures, data structures, and algorithms.
5. Have good team communication and collaboration skills.",not sure,yes
Software Engineer- COBRA,2025-08-21,https://jobright.ai/jobs/info/688ad0be9f961617fe21e506?utm_source=1100&utm_campaign=Software Engineering,On Site,"Patuxent River, MD","Mission Technologies, a division of HII",5001-10000,,"$$88,889-$$88,889 /yr","1. 0 years experience with Bachelors in related field; or High School Diploma or equivalent and 4 years relevant experience.
2. Must possess an active TS/SCI clearance.
3. Bachelor’s degree in Engineering, Computer Science, or related field
4. Strong understanding of system development lifecycle (SDLC)
5. Ability to analyze complex technical problems and propose effective solutions",no,yes
Associate Software Engineer,2025-08-21,https://jobright.ai/jobs/info/68abbdc7daf1431824c8f371?utm_source=1100&utm_campaign=Software Engineering,On Site,"Wilmington, NC",nCino,1001-5000,"Banking,Finance",$73700-$121600 /yr,"1. Bachelor’s Degree in Computer Science, Engineering or a related field or a combination of education and practical experience
2. Demonstrated knowledge in at least one programming language
3. General knowledge of software design principles and development tools
4. Dedication to quality and continuous improvement
5. Knowledge of code versioning tools, such as Git
...",not sure,
Software Engineer Graduate Music - 2026 Start (BS/MS),2025-08-21,https://jobright.ai/jobs/info/688992c8aab47a17f6702beb?utm_source=1100&utm_campaign=Software Engineering,On Site,"San Jose, CA",TikTok,10000+,"Content Creators,Content Discovery",$119K-$187K /yr,"1. Bachelor's or Master's degree in Computer Science or related fields or equivalent practical experience
2. Final year or recent graduate with a background in Software Development, Computer Science, Computer Engineering, or a related technical discipline
3. Experience with coding in Python, Java, Golang, C#, or C++
4. Must obtain work authorization in country of employment at the time of hire, and maintain ongoing work authorization during employment",no,yes
"SDET, Software Development Engineer in Test Graduate (TikTok Eng Test-BRIC) - 2026 Start (BS/MS)",2025-08-21,https://jobright.ai/jobs/info/6890d9fdf47efe2113950e13?utm_source=1100&utm_campaign=Software Engineering,On Site,"San Jose, CA",TikTok,10000+,"Content Creators,Content Discovery",$93K-$143K /yr,"1. Bachelor's or Master's degree in Computer Science, Computer Engineering or related field
2. Familiar with Java/Python/Objective-C/Golang, experience in related project development
3. Strong knowledge of software design, operating systems and networking
4. Problem solving with algorithms and data structures
5. Basic knowledge of testing methodology and tools",not sure,yes
"Software Engineer, Trading and Model Release Workflows",2025-08-21,https://jobright.ai/jobs/info/68534b455c0dc4a3719f8d9a?utm_source=1100&utm_campaign=Software Engineering,Hybrid,"New York, United States",Two Sigma,1001-5000,"Big Data,Machine Learning",$165K-$300K /yr,"1. Minimum 1 year of experience required
2. BS or MS degree in Computer Science, Engineering, or a related field.
3. Experience writing software using modern object-oriented programming languages (Java, Python, etc.)
4. UI development skills in a Javascript framework, such as Angular or React",not sure,
Software Engineer Graduate (Monetization Technology - Ads Creative) - 2026 Start (BS/MS),2025-08-21,https://jobright.ai/jobs/info/688991faaab47a17f6702b6d?utm_source=1100&utm_campaign=Software Engineering,On Site,"San Jose, CA",TikTok,10000+,"Content Creators,Content Discovery",$115K-$231K /yr,"1. Final year or recent graduate with a background in Computer Science, AI, Machine Learning, or a related field by 2026 (or equivalent industry experience).
2. Experience with building and optimizing data pipelines and infrastructure for AI model training and deployment.
3. Familiarity with AIGC technologies and their application in ad creative generation, including model training and inference requirements.
4. Proficiency in Python and experience with deep learning frameworks such as PyTorch, TensorFlow, or JAX.
5. Strong understanding of algorithms, data management, and the ability to work collaboratively across teams.
...",not sure,yes
Software Engineer Graduate Live-Foundation-Ecosystem - 2026 Start (BS/MS),2025-08-21,https://jobright.ai/jobs/info/68899127aab47a17f6702af5?utm_source=1100&utm_campaign=Software Engineering,On Site,"San Jose, CA",TikTok,10000+,"Content Creators,Content Discovery",$119K-$187K /yr,"1. Strong knowledge of data structures and algorithms, proficient in at least one coding language, including but not limited to Go, Java, Python, C++
2. Good grasp of software engineering and how to build a system in a scalable and extensive manner
3. Willing to accept challenges and solve complex problems
4. Strong learning capabilities and good communication skills",not sure,yes
"Software Engineer, Programming Languages and Runtime",2025-08-21,https://jobright.ai/jobs/info/684e1dc9b620ea1c7c602b17?utm_source=1100&utm_campaign=Software Engineering,On Site,Greater Seattle Area,Aptos Labs,101-250,"Blockchain,FinTech",$180K-$300K /yr,"1. Bachelor’s or Master’s degree in Computer Science, Engineering, or a related field with background in compilers, performance optimization, concurrency or related fields.
2. Proficiency in programming languages such as Rust, C++, or similar, with a strong understanding of systems programming.
3. Experience working with or are excited to learn about virtual machines, bytecode interpreters, code generation, memory management, parallel transaction execution and performance engineering.
4. Exceptional problem-solving skills and ability to work autonomously.
5. Being ready to take ownership of projects, and ensuring their end-to-end delivery.",not sure,
Software Engineer Graduate (Search Ads Technology) - 2026 Start (BS/MS),2025-08-21,https://jobright.ai/jobs/info/688e2c42e5cead4afd45bf2d?utm_source=1100&utm_campaign=Software Engineering,On Site,"San Jose, CA",TikTok,10000+,"Content Creators,Content Discovery",$119K-$177K /yr,"1. Bachelor's degree in Computer Science or related technical field.
2. Excellent programming, debugging, and optimization skills in one or more general purpose programming languages including but not limited to: Go, C/C++, Python, Java.
3. Ability to think critically and to formulate solutions to problems in a clear and concise way.
4. Deep understanding of computer architectures, data structures, and algorithms.
5. Very strong teamwork skills (e.g. communication, ownership, empathy, honesty).",not sure,yes
2026 Fulltime Conversion - Raytheon Gen4 Radar Software Engineer I (On-site),2025-08-21,https://jobright.ai/jobs/info/68a71e6dd627244576e29c65?utm_source=1100&utm_campaign=Software Engineering,On Site,"CA323: 2000 E Imperial Hwy Bldg R01 2000 East Imperial Highway Building R01, El Segundo, CA, 90245 USA",RTX,10000+,"Aerospace,Manufacturing","$62,000-$118,000 /yr","1. Bachelor’s degree in Science, Technology, Engineering or Mathematics (STEM).
2. This position requires 12 months or less of relevant professional work experience (excluding internships)
3. Developing embedded software utilizing C/C++, ADA, and related tools and applications
4. Experience Developing and integrating real time embedded software
5. Knowledge in the phases of the software development life-cycle
...",no,
Backend Software Engineer Graduate (Global E-commerce) - 2026 Start (BS/MS),2025-08-21,https://jobright.ai/jobs/info/68a0533ccc9ee94dc911f001?utm_source=1100&utm_campaign=Software Engineering,On Site,"Seattle, WA",ByteDance,10000+,"Content,Data Mining",$113K-$178K /yr,"1. Bachelor's or Master's degree in Computer Science or related technical discipline.
2. Familiarity with backend development, and at least one of Java/Golang/Python/Scala/C++ languages.
3. Understanding of data structure, algorithm design and analysis, networking, data security and highly scalable systems design.
4. Knowledge of common databases and messaging frameworks like MySQL/Redis/Kafka etc.",not sure,yes
Software Engineer Graduate (Data Arch - E-commerce) - 2026 Start (BS/MS),2025-08-21,https://jobright.ai/jobs/info/689c0a8e79a9f966625355c0?utm_source=1100&utm_campaign=Software Engineering,On Site,"Multi Location
San Jose, CA
Seattle, WA",TikTok,10000+,"Content Creators,Content Discovery",$115K-$220K /yr,"1. Currently pursuing a Bachelors or Masters, majoring in Computer Science, or related fields, expected to graduate in 2026
2. Strong software development experience with C++, Java or other programming language
3. Good teamwork and communication skills, positive and optimistic, and strong sense of ownership",not sure,yes
Full Stack Software Engineer (Starlink),2025-08-21,https://jobright.ai/jobs/info/688a5f7409808a6103e4e233?utm_source=1100&utm_campaign=Software Engineering,On Site,"Hawthorne, CA",SpaceX,1001-5000,"Advanced Materials,Aerospace",$120K-$145K /yr,"1. Bachelor's degree in computer science, engineering, or a STEM discipline and 1+ years of experience building full-stack software; OR 3+ years of professional experience building full-stack software in lieu of a degree (internship experience is applicable)
2. Must be willing to work extended hours and weekends as needed",no,
Automation QA (Software Development Specialist 1),2025-08-21,https://jobright.ai/jobs/info/68a71ba733dd7158bbca48c4?utm_source=1100&utm_campaign=Software Engineering,On Site,"Columbus, OH",Ohio Department of Job and Family Services,1001-5000,"Government,Office Administration",$33-$49 /hr,"1. 36 months work experience in any combination of the following: designing and performing systems analysis, developing and/or modifying programs for computer applications recommending application solutions and/or testing and correcting programs as it relates to testing and implementation and assisting with documentation
2. 12 months work experience in Software Testing/QA Tools (HP ALM, ALM Octane, and Azure DevOps)
3. 18 months work experience in any combination of the following: designing and performing systems analysis, developing and/or modifying programs for computer applications recommending application solutions and/or testing and correcting programs as it relates to testing and implementation and assisting with documentation
4. Completion of Associate's core program in Computer Science or Information Systems
5. 12 months work experience in any combination of the following: designing and performing systems analysis, developing and/or modifying programs for computer applications recommending application solutions and/or testing and correcting programs as it relates to testing and implementation and assisting with documentation
...",not sure,
Software Engineer Graduate Search - 2026 Start (BS/MS),2025-08-21,https://jobright.ai/jobs/info/689191b9f5ee707a15dbff60?utm_source=1100&utm_campaign=Software Engineering,On Site,"San Jose, CA",TikTok,10000+,"Content Creators,Content Discovery",$119K-$187K /yr,"1. Bachelor's or Master's degree in Computer Science or related fields or equivalent practical experience
2. Final year or recent graduate with a background in Software Development, Computer Science, Computer Engineering, or a related technical discipline
3. Experience with coding in Python, Java, Golang, C#, or C++
4. Must obtain work authorization in country of employment at the time of hire, and maintain ongoing work authorization during employment",no,yes
"SDET, Software Development Engineer in Test Graduate (TikTok Eng Test-PGC) - 2026 Start (BS/MS)",2025-08-21,https://jobright.ai/jobs/info/68917db6f5ee707a15dbf0c7?utm_source=1100&utm_campaign=Software Engineering,On Site,"San Jose, CA",TikTok,10000+,"Content Creators,Content Discovery",$93K-$143K /yr,"1. Bachelor's or Master's degree in Computer Science, Computer Engineering or related field
2. Familiar with Java/Python/Objective-C/Golang, experience in related project development
3. Strong knowledge of software design, operating systems and networking
4. Problem solving with algorithms and data structures
5. Basic knowledge of testing methodology and tools",not sure,yes
Software Engineer Graduate Product Infrastructure - 2026 Start (BS/MS),2025-08-21,https://jobright.ai/jobs/info/689c25ca79a9f96662536aea?utm_source=1100&utm_campaign=Software Engineering,On Site,"San Jose, CA",TikTok,10000+,"Content Creators,Content Discovery",$119K-$187K /yr,"1. Bachelor's or Master's degree in Computer Science or related fields or equivalent practical experience
2. Final year or recent graduate with a background in Software Development, Computer Science, Computer Engineering, or a related technical discipline
3. Experience with coding in Python, Java, Golang, C#, or C++
4. Must obtain work authorization in country of employment at the time of hire, and maintain ongoing work authorization during employment",no,yes
Software Engineer Graduate (Capital Platform) - 2026 Start (BS/MS),2025-08-21,https://jobright.ai/jobs/info/6888401dfbbf032d00079929?utm_source=1100&utm_campaign=Software Engineering,On Site,"San Jose, CA",TikTok,10000+,"Content Creators,Content Discovery",$119K-$177K /yr,"1. Bachelor's degree or equivalent practical experience in Computer Science or related technical field.
2. Deep understanding of computer architectures, data structures, and algorithms.
3. Possessing a strong coding and documentation style.
4. Familiar with common components such as MySQL, Redis, Flink, ElasticSearch, Kafka, and RPC.
5. Hands-on experience in software development, particularly with Java.
...",not sure,yes
Automation QA (Software Development Specialist 1),2025-08-21,https://jobright.ai/jobs/info/68a71584d627244576e297d9?utm_source=1100&utm_campaign=Software Engineering,On Site,United States of America-OHIO-Franklin County,State of Ohio,10000+,"Government,Non Profit","$69,722-$102,294 /yr","1. 36 months work experience in any combination of the following: designing and performing systems analysis, developing and/or modifying programs for computer applications recommending application solutions and/or testing and correcting programs as it relates to testing and implementation and assisting with documentation
2. 12 months work experience in Software Testing/QA Tools (HP ALM, ALM Octane, and Azure DevOps)
3. 18 months work experience in any combination of the following: designing and performing systems analysis, developing and/or modifying programs for computer applications recommending application solutions and/or testing and correcting programs as it relates to testing and implementation and assisting with documentation
4. Completion of Associate's core program in Computer Science or Information Systems
5. 12 months work experience in any combination of the following: designing and performing systems analysis, developing and/or modifying programs for computer applications recommending application solutions and/or testing and correcting programs as it relates to testing and implementation and assisting with documentation
...",no,
Software Engineer Graduate Mobile Reliability (Android) - 2026 Start (BS/MS),2025-08-21,https://jobright.ai/jobs/info/68996128faa4e875e8251d7a?utm_source=1100&utm_campaign=Software Engineering,On Site,"San Jose, CA",TikTok,10000+,"Content Creators,Content Discovery",$119K-$187K /yr,"1. Bachelor's or Master's degree in Computer Science or related fields or equivalent practical experience
2. Final year or recent graduate with a background in Software Development, Computer Science, Computer Engineering, or a related technical discipline
3. Experience in Android Development
4. Experience coding in one or more of the following programming languages: Java, Kotlin
5. Must obtain work authorization in country of employment at the time of hire, and maintain ongoing work authorization during employment",no,yes
Engineer Graduate: (Software Engineer Graduate - Data-Search-TikTok.US) - 2026 Start (BS/MS),2025-08-21,https://jobright.ai/jobs/info/689176004c7e851b90aced3b?utm_source=1100&utm_campaign=Software Engineering,On Site,"San Jose, CA",TikTok,10000+,"Content Creators,Content Discovery",$114K-$177K /yr,"1. Current undergraduate or graduate student graduating in 2026, majoring in Computer Science, Software Engineering, or a related field.
2. Excellent analytical and problem-solving abilities.
3. Outstanding coding skills, with a strong foundation in data structures and basic algorithms.
4. Familiarity with Linux development environment and proficiency in at least one programming language such as C++, Java, Python, or Go.",not sure,yes
Vehicle Control Software Engineer,2025-08-21,https://jobright.ai/jobs/info/681829d1da3b7718710a825e?utm_source=1100&utm_campaign=Software Engineering,On Site,"Clarksburg, MD",Forterra,251-500,"Automotive,Autonomous Vehicles",$100K-$200K /yr,"1. Strong background in control theory and control systems design.
2. Proficiency in programming languages such as C++, Python, and MATLAB/Simulink.
3. Experience with vehicle dynamics and actuation systems.
4. Strong product mindset with a focus on delivering customer value.
5. Excellent problem-solving abilities and attention to detail.
...",not sure,
Software Development Engineer,2025-08-21,https://jobright.ai/jobs/info/68a70c09758f2e4ac3fe91a3?utm_source=1100&utm_campaign=Software Engineering,On Site,"Seattle, WA",Amazon,10000+,"Delivery,E-Commerce",$129K-$224K /yr,"1. 1+ years of non-internship professional software development experience
2. Experience programming with at least one software programming language",not sure,
"ADC Engineer I, Non-Relational Database Services, DBS Non Relational",2025-08-21,https://jobright.ai/jobs/info/68a70bdd33dd7158bbca4272?utm_source=1100&utm_campaign=Software Engineering,On Site,"Denver, CO",Amazon Web Services (AWS),10000+,"Consulting,DevOps",$82K-$152K /yr,"1. 1+ year experience running and maintaining a 24x7 production environment
2. 1+ years of experience in operating systems administration
3. 1+ year experience with support procedures and methodologies for production computing environments
4. Current, active US Government Security Clearance of TS/SCI with Polygraph
5. Strong Linux fundamentals
...",no,
Software Engineer Graduate (Privacy & Security) - 2026 Start (BS/MS),2025-08-21,https://jobright.ai/jobs/info/688e2c3bcdbd821a36640c6d?utm_source=1100&utm_campaign=Software Engineering,On Site,"San Jose, CA",TikTok,10000+,"Content Creators,Content Discovery",$119K-$187K /yr,"1. Bachelor's or Master's degree in Computer Science or related fields or equivalent practical experience
2. Final year or recent graduate with a background in Software Development, Computer Science, Computer Engineering, or a related technical discipline
3. Experience with at least one common programming language in Python, Java, Golang, C++, Kotlin, Swift, Objective-C etc.
4. Excellent communication and collaboration skills, with the ability to work effectively with cross-functional teams.",not sure,yes
Software Engineer Graduate (Ads Measurement Signal Technology) - 2026 Start (BS/MS),2025-08-21,https://jobright.ai/jobs/info/6889928609808a6103e48af8?utm_source=1100&utm_campaign=Software Engineering,On Site,"San Jose, CA",TikTok,10000+,"Content Creators,Content Discovery",$119K-$177K /yr,"1. BS/MS Degree in Computer Science, Computer Engineering or relevant technical field.
2. Strong knowledge of data structures and algorithms, proficient in at least one coding language, including but not limited to Go, Javascript, Java, C++.
3. Excellent communication, teamwork skills and strong ownership.
4. Curiosity towards new technologies and solutions, and outstanding ability to analyze and solve problems.",not sure,yes
Software Engineer Graduate (Multi Cloud CDN) - 2025 Start (BS/MS) - San Jose / Seattle / Boston,2025-08-21,https://jobright.ai/jobs/info/68a052ecfaa4e875e829013b?utm_source=1100&utm_campaign=Software Engineering,On Site,"Seattle, WA",ByteDance,10000+,"Content,Data Mining",$113K-$178K /yr,"1. Bachelor's degree or above in computer science, electronics and communication, mathematics, physics, or related fields.
2. Familiarity with one or two programming languages such as C/C++, Go, Python, Java, or PHP in a Linux environment.
3. Strong communication skills, execution ability, and a willingness to learn and work collaboratively in a team environment.",not sure,yes
"Software Engineer, New Grad (2025)",2025-08-21,https://jobright.ai/jobs/info/685088e907b58793869628cc?utm_source=1100&utm_campaign=Software Engineering,Hybrid,"San Francisco, CA",Sentry,251-500,"Application Performance Management,Developer Tools",$130K-$140K /yr,"1. B.S. or higher in Computer Science (or similar degree program)
2. At least 1 previous internship or equivalent practical experience
3. Implementation skills with one or more general-purpose programming languages, e.g. Python, JavaScript, Java, etc.
4. Good knowledge of algorithms, data structures, and object-oriented design principles
5. Experience working with version control and unit testing
...",no,yes
Software Engineer Graduate (Monetization Technology - TikTok Ads Creator Monetization) - 2026 Start (BS/MS),2025-08-21,https://jobright.ai/jobs/info/68940fa7f47efe211396904b?utm_source=1100&utm_campaign=Software Engineering,On Site,"San Jose, CA",TikTok,10000+,"Content Creators,Content Discovery",$115K-$231K /yr,"1. Final year or recent graduate with a background in Computer Science or a related technical field, or equivalent practical experience.
2. Strong foundation in data structures and algorithms, with proficiency in at least one programming language (e.g., Python, Go, Java).
3. Passion for learning new technologies and solving complex problems with strong analytical and problem-solving skills.
4. Excellent communication skills, with the ability to collaborate effectively within a team and take initiative on tasks.
5. Prior experience with projects (academic, personal, or internships) demonstrating teamwork and technical contributions is a plus.",not sure,yes
Software Engineer Graduate (Recommendation Platform) - 2026 Start (BS/MS),2025-08-21,https://jobright.ai/jobs/info/689a4e2dfaa4e875e8257c30?utm_source=1100&utm_campaign=Software Engineering,On Site,"San Jose, CA",TikTok,10000+,"Content Creators,Content Discovery",$119K-$187K /yr,"1. Bachelor's degree or above (or expected by 2026) in Computer Science or related fields.
2. Solid programming skills, familiar with languages such as C++ and Python3, familiar with databases such as MySQL/MongoDB/Redis, and familiar with common backend frameworks such as Flask or FastAPI.
3. Excellent design and code style, passionate about solving challenging problems, and solid back-end architecture experiences.",not sure,yes
Frontend Software Engineer Graduate (Ads Interface and Platform) - 2026 Start (BS/MS),2025-08-21,https://jobright.ai/jobs/info/68945e048c6d6b44267710c6?utm_source=1100&utm_campaign=Software Engineering,On Site,"San Jose, CA",TikTok,10000+,"Content Creators,Content Discovery",$119K-$177K /yr,"1. Bachelor’s degree in computer science or related technical discipline.
2. Strong Computer Science fundamentals (algorithms, data structures, software design) and problem-solving skills.
3. Proficiency and experience working with JavaScript ES5 or later, CSS, and at least one frontend MV framework such as React or Vue.
4. Collaborative mindset, with solid communication skills.",not sure,yes
Software Development Engineer in Test Graduate (Global E-commerce) - 2026 Start (BS/MS),2025-08-21,https://jobright.ai/jobs/info/68a0533ecc9ee94dc911f004?utm_source=1100&utm_campaign=Software Engineering,On Site,"Seattle, WA",ByteDance,10000+,"Content,Data Mining",$89K-$136K /yr,"1. Bachelor's or Master's degree in Computer Science or related technical discipline.
2. Understanding of computer field fundamentals for testing framework, networking, database, and algorithms.
3. Hands-on experience in development/coding knowledge and system design.
4. Strong self-driving force and quick learning ability.
5. Strong concurrent task processing ability and efficient work output.",not sure,yes
Software Engineer Graduate (Quality and Efficiency Technology) - 2026 Start (BS/MS),2025-08-21,https://jobright.ai/jobs/info/688ae2fa09808a6103e51f19?utm_source=1100&utm_campaign=Software Engineering,On Site,"San Jose, CA",TikTok,10000+,"Content Creators,Content Discovery",$119K-$177K /yr,"1. Have a Bachelor's degree or higher in Computer Science or related technical field
2. Strong programming and development skills, with familiarity in backend and/or frontend development; full-stack experience is a strong plus
3. Solid understanding and hands-on experience with at least one backend language such as Python, Java, or Go; experience with system architecture design and common middleware such as Redis, RocketMQ, Kafka, etc.
4. Familiarity with server-side testing techniques, including performance/stress testing, API/interface validation, monitoring setup, and data quality verification
5. Demonstrated ability to define and solve complex technical problems; strong sense of quality ownership and project execution
...",not sure,yes
CPU Software Architecture Engineer,2025-08-21,https://jobright.ai/jobs/info/688b2a86906ac06e1d1c9c0d?utm_source=1100&utm_campaign=Software Engineering,On Site,"San Diego, CA",Qualcomm,10000+,"Artificial Intelligence (AI),Generative AI","$94,200-$141,200 /yr","1. Bachelor's degree in Engineering, Information Systems, Computer Science, or related field.",not sure,
Production Software Engineer,2025-08-21,https://jobright.ai/jobs/info/6880c6a616ea5743a3732ec0?utm_source=1100&utm_campaign=Software Engineering,Remote,United States,Oracle,10000+,"Data Governance,Data Management",$30-$60 /hr,"1. Must have the ability to obtain and maintain federal security clearance necessary for this role, which requires being a US citizen.
2. Bachelor of Science degree in Computer Science, Computer Engineering, Software Engineering, Computer Information Systems, Information Systems, Information Technology or related field, or equivalent, relevant work experience
3. 1-8 years of professional experience programming or troubleshooting Java code (or equivalent such as C++ or C#)
4. Databases, data models, and schema (ex: Oracle MySQL)
5. Linux OS via command line
...",no,
Solutions Engineer,2025-08-21,https://jobright.ai/jobs/info/68a6e559b6a3617d7fa7b0c4?utm_source=1100&utm_campaign=Software Engineering,Hybrid,"New York, NY",Stigg,11-50,"Developer APIs,Infrastructure",$100000-$150000 /yr,"1. 1+ years of experience in a similar role (Solutions Engineer, Sales Engineer, Forward Deployed Engineer, or Technical Consultant)
2. Strong understanding of APIs, SaaS platforms, and cloud-based architectures
3. Experience designing or implementing solutions with APIs and SDKs in complex customer environments
4. Ability to distill complex technical concepts for non-technical audiences while engaging deeply with technical stakeholders
5. Strong presentation and interpersonal skills to build trust with customers
...",not sure,
Software Engineer I (Systems),2025-08-21,https://jobright.ai/jobs/info/688a9a249f961617fe21cf77?utm_source=1100&utm_campaign=Software Engineering,On Site,"Santa Clara, CA","FUJIFILM Dimatix, Inc.",251-500,,$112K-$132K /yr,"1. Bachelor’s Degree in related field
2. Fluent in C#, Microsoft .NET Framework
3. Experience with ASP.NET
4. Experience developing .NET WinForms and Web services. WPF a plus.
5. MS SQL Server database knowledge including creation and tuning of stored procedures
...",not sure,
Backend Software Engineer Graduate (CapCut) - 2026 Start (BS/MS),2025-08-21,https://jobright.ai/jobs/info/68a05624cc9ee94dc911f07a?utm_source=1100&utm_campaign=Software Engineering,On Site,"San Jose, CA",ByteDance,10000+,"Content,Data Mining",$119K-$187K /yr,"1. Strong systems using at least one Golang/Java/Rust/C++
2. Understanding of data structure, algorithm design and analysis, networking, data security and highly scalable systems design
3. Knowledge of common databases and messaging frameworks like MySQL/Redis/Kafka etc
4. Strong software programming capabilities, exhibits good code design and coding style
5. Good collaborator and team player, comfortable working in a fast moving, culturally diverse and globally distributed team environment",not sure,yes
Full Stack Software Engineer (Starlink),2025-08-21,https://jobright.ai/jobs/info/6889647409808a6103e47281?utm_source=1100&utm_campaign=Software Engineering,On Site,"Redmond, WA",SpaceX,1001-5000,"Advanced Materials,Aerospace",$122K-$145K /yr,"1. Bachelor's degree in computer science, engineering, or a STEM discipline and 1+ years of experience building full-stack software; OR 3+ years of professional experience building full-stack software in lieu of a degree (internship experience is applicable)
2. Must be willing to work extended hours and weekends as needed",no,
Software Engineering Graduate,2025-08-21,https://jobright.ai/jobs/info/689ee20279a9f966625533df?utm_source=1100&utm_campaign=Software Engineering,Hybrid,"Spring, TX",Hewlett Packard Enterprise,10000+,"Data Center,Enterprise Software",$100K-$128K /yr,"1. Bachelor's or Master's degree in Computer Science, Information Systems, or equivalent
2. Typically, 0-2 years experience
3. Experience or understanding of software systems design tools and languages.
4. Good analytical and problem-solving skills.
5. Understanding of design for software systems running on multiple platform types
...",not sure,yes
Backend Software Engineer Graduate-Customer Service Platform-2025 Start (BS/MS),2025-08-21,https://jobright.ai/jobs/info/68a0530dfaa4e875e82901b2?utm_source=1100&utm_campaign=Software Engineering,On Site,"Seattle, WA",ByteDance,10000+,"Content,Data Mining",$113K-$178K /yr,"1. Bachelor or higher degree in Computer Science or related fields from accredited and reputable institutions. Graduate with a background in Software Development, Computer Science, Computer Engineering, or a related technical discipline
2. Good JavaScript/HTML/CSS frontend engineering experience and familiarity with key concepts including asynchronous programming, closures and types, layouts, specificity, cross browser compatibility and accessibility
3. Skillful in at least one of the mainstream backend languages, preferably Java/Golang
4. Understanding of data structure, algorithm design and analysis, networking, data security and highly scalable systems design.
5. Good understanding of common open source distributed middleware and components such as MySQL, MongoDB, Redis, and MQ.
...",not sure,yes
Software Engineer Graduate (Media Engine) - 2026 Start (BS/MS),2025-08-21,https://jobright.ai/jobs/info/689e8f1b79a9f9666254dd0c?utm_source=1100&utm_campaign=Software Engineering,On Site,"San Jose, CA",TikTok,10000+,"Content Creators,Content Discovery",$119K-$187K /yr,"1. Bachelor's or Master’s degree in Computer Science, Computing Engineering, or related fields.
2. Familiar with at least one programming language: C, C++, Java, Python, or Golang.",not sure,yes
Software Engineer Graduate Social - 2026 Start (BS/MS),2025-08-21,https://jobright.ai/jobs/info/6892ca83f5ee707a15dc86d9?utm_source=1100&utm_campaign=Software Engineering,On Site,"Los Angeles, CA",TikTok,10000+,"Content Creators,Content Discovery",$119K-$178K /yr,"1. Bachelor's or Master's degree in Computer Science or related fields or equivalent practical experience
2. Final year or recent graduate with a background in Software Development, Computer Science, Computer Engineering, or a related technical discipline
3. Experience with coding in Python, Java, Golang, C#, or C++
4. Must obtain work authorization in country of employment at the time of hire, and maintain ongoing work authorization during employment",no,yes
Software Engineer Graduate (Data Security-US) - 2026 Start (BS/MS),2025-08-21,https://jobright.ai/jobs/info/68a05649faa4e875e829026d?utm_source=1100&utm_campaign=Software Engineering,On Site,"San Jose, CA",ByteDance,10000+,"Content,Data Mining",$119K-$187K /yr,"1. BS degree in Computer Science, Computer Engineering, Electrical Engineering
2. Excellent programming, debugging, and optimization skills in general purpose programming languages
3. Ability to think critically and to formulate solutions to problems in a clear, concise and timely manner
4. Experience working with two or more from the following: web application development, Unix/Linux environments, mobile application development, distributed and parallel systems, developing large software systems, and/or security software development",not sure,yes
Software Development Engineer in Test Graduate (Trust and Safety) - 2026 Start (BS/MS),2025-08-21,https://jobright.ai/jobs/info/6889b19409808a6103e4a8a5?utm_source=1100&utm_campaign=Software Engineering,On Site,"San Jose, CA",TikTok,10000+,"Content Creators,Content Discovery",$93K-$143K /yr,"1. Bachelor's or Master's degree in Computer Science or related discipline
2. Familiar with at least one programming language such as Python/Go/Java/C++
3. Strong analytical, problem solving skills
4. Strong cross-cultural awareness and effective collaboration with global teams across time zones
5. Ability to work in a fast paced, iterative development environment",not sure,yes
"Engineer Graduate (Backend Software Engineer, Trust and Safety- Seattle) - 2026 Start (BS/MS)",2025-08-21,https://jobright.ai/jobs/info/6889a08f09808a6103e49968?utm_source=1100&utm_campaign=Software Engineering,On Site,"Seattle, WA",TikTok,10000+,"Content Creators,Content Discovery",$113K-$178K /yr,"1. Final year or recent graduate with a background in Software Development, Computer Science, Computer Engineering, or a related technical discipline
2. Proficiency in designing data structures, building algorithms, and at least one programming language: Go/Python/PHP/C++/C/Java
3. Passionate and experience in challenging problem-solving techniques with related internet products
4. Curiosity towards new technologies and entrepreneurship, excellent communication and teamwork skills and high levels of creativity and quick problem-solving capabilities",not sure,yes
Backend Software Engineer Graduate (Customer Service Platform) - 2026 Start (BS/MS),2025-08-21,https://jobright.ai/jobs/info/68a04f8d83d13d1f5b6d0186?utm_source=1100&utm_campaign=Software Engineering,On Site,"Seattle, WA",ByteDance,10000+,"Content,Data Mining",$113K-$178K /yr,"1. Bachelor or higher degree in Computer Science or related fields from accredited and reputable institutions. Graduate with a background in Software Development, Computer Science, Computer Engineering, or a related technical discipline
2. Good JavaScript/HTML/CSS frontend engineering experience and familiarity with key concepts including asynchronous programming, closures and types, layouts, specificity, cross browser compatibility and accessibility
3. Skillful in at least one of the mainstream backend languages, preferably Java/Golang
4. Understanding of data structure, algorithm design and analysis, networking, data security and highly scalable systems design.
5. Good understanding of common open source distributed middleware and components such as MySQL, MongoDB, Redis, and MQ.
...",not sure,yes
"SDET, Software Development Engineer in Test Graduate (TikTok Eng Test-Global Live) - 2026 Start (BS/MS)",2025-08-21,https://jobright.ai/jobs/info/6890d838f47efe2113950d54?utm_source=1100&utm_campaign=Software Engineering,On Site,"San Jose, CA",TikTok,10000+,"Content Creators,Content Discovery",$93K-$143K /yr,"1. Bachelor's or Master's degree in Computer Science, Computer Engineering or related field
2. Familiar with Java/Python/Objective-C/Golang, experience in related project development
3. Strong knowledge of software design, operating systems and networking
4. Problem solving with algorithms and data structures
5. Basic knowledge of testing methodology and tools",not sure,yes
Software Engineer Graduate (Data Arch - ShortText Rec) - 2026 Start (BS/MS),2025-08-21,https://jobright.ai/jobs/info/68931804f47efe2113962dcb?utm_source=1100&utm_campaign=Software Engineering,On Site,"San Jose, CA",TikTok,10000+,"Content Creators,Content Discovery",$119K-$187K /yr,"1. Bachelor's degree or above (or expected by 2026) in Computer Science or related fields.
2. Experience in programming, included but not limited to, the following programming languages: C, C++, Java or Golang;
3. Effective communication skills and a sense of ownership and drive;",not sure,yes
3D Graphics Software Engineer Graduate (PICO Foundation) - 2026 Start (BS/MS),2025-08-21,https://jobright.ai/jobs/info/68a04f98cc9ee94dc911ef2f?utm_source=1100&utm_campaign=Software Engineering,On Site,"San Jose, CA",ByteDance,10000+,"Content,Data Mining",$119K-$187K /yr,"1. Final year or recent graduate with a background in Software Development, Computer Science, Computer Engineering, or a related technical discipline
2. 3D Graphics rendering experience
3. Good understanding of modern mobile graphic pipeline
4. Good understanding of Vulkan or OpenGL
5. Strong C++ programming skills
...",not sure,yes
Software Development Engineer Graduate (SDN Traffic Intelligence & Control) - 2026 Start (PhD),2025-08-21,https://jobright.ai/jobs/info/68a05344cc9ee94dc911f011?utm_source=1100&utm_campaign=Software Engineering,On Site,"Seattle, WA",ByteDance,10000+,"Content,Data Mining",$130K-$246K /yr,"1. 2026 PhD graduate with a background in computer science, network engineering or a related field;
2. Proficiency in at least one programming language, such as Go, C++, or Python, with a strong foundation in designing and developing distributed systems;
3. In-depth understanding of networking protocols and the TCP/IP stack;
4. Practical or research experience in the areas of bandwidth management or distributed rate limiting systems/algorithms will be considered particularly favorable.",not sure,yes
Software Engineer Graduate PGC - 2026 Start (BS/MS),2025-08-21,https://jobright.ai/jobs/info/689181b54c7e851b90acf57b?utm_source=1100&utm_campaign=Software Engineering,On Site,"Seattle, WA",TikTok,10000+,"Content Creators,Content Discovery",$113K-$178K /yr,"1. Bachelor's or Master's degree in Computer Science or related fields or equivalent practical experience
2. Final year or recent graduate with a background in Software Development, Computer Science, Computer Engineering, or a related technical discipline
3. Experience with coding in Python, Java, Golang, C#, or C++
4. Must obtain work authorization in country of employment at the time of hire, and maintain ongoing work authorization during employment",no,yes
Software Engineer Graduate (Global SRE) - 2025 Start (BS/MS),2025-08-21,https://jobright.ai/jobs/info/6875fa08299cbc74b87595ed?utm_source=1100&utm_campaign=Software Engineering,On Site,"San Jose, CA",TikTok,10000+,"Content Creators,Content Discovery",$119K-$259K /yr,"1. BS/MS degree in Computer Science, Computer Engineering, or other relevant majors.
2. Excellent programming, debugging, and optimization skills in one or more general-purpose programming languages, including but not limited to C, C++, Java, Python, Perl, or Go.
3. Familiarity with Unix/Linux operating systems and IP networking.
4. Experience in problem-solving, application issues, or production operations.
5. Experience in automating routine tasks.
...",not sure,yes
Software Engineer Graduate Short Video - 2026 Start (BS/MS),2025-08-21,https://jobright.ai/jobs/info/6889926caab47a17f6702bbb?utm_source=1100&utm_campaign=Software Engineering,On Site,"Los Angeles, CA",TikTok,10000+,"Content Creators,Content Discovery",$119K-$178K /yr,"1. Bachelor's or Master's degree in Computer Science or related fields or equivalent practical experience
2. Final year or recent graduate with a background in Software Development, Computer Science, Computer Engineering, or a related technical discipline
3. Experience with coding in Python, Java, Golang, C#, or C++
4. Must obtain work authorization in country of employment at the time of hire, and maintain ongoing work authorization during employment",no,yes
Software Engineer Graduate (Unity Engine - PICO) - 2025 Start (BS/MS),2025-08-21,https://jobright.ai/jobs/info/68a04f6383d13d1f5b6d0128?utm_source=1100&utm_campaign=Software Engineering,On Site,"San Jose, CA",ByteDance,10000+,"Content,Data Mining",$119K-$187K /yr,"1. Recent graduate with a degree in Computer Science, Software Engineering, or related field
2. Experienced with game engines such as Unity/Unreal
3. Practical knowledge of 3D graphics, rendering, and shaders
4. Strong knowledge of object oriented design patterns with C++/C#, 3D Vector math and data structures",not sure,yes
Software Development Engineer Graduate (SDN Traffic Intelligence & Control) - 2026 Start (PhD),2025-08-21,https://jobright.ai/jobs/info/68a04f6383d13d1f5b6d012a?utm_source=1100&utm_campaign=Software Engineering,On Site,"San Jose, CA",ByteDance,10000+,"Content,Data Mining",$137K-$259K /yr,"1. 2026 PhD graduate with a background in computer science, network engineering or a related field;
2. Proficiency in at least one programming language, such as Go, C++, or Python, with a strong foundation in designing and developing distributed systems;
3. In-depth understanding of networking protocols and the TCP/IP stack;
4. Practical or research experience in the areas of bandwidth management or distributed rate limiting systems/algorithms will be considered particularly favorable.",not sure,yes
Software Engineer Graduate (Dev Infra) - 2026 Start (BS/MS),2025-08-21,https://jobright.ai/jobs/info/68a37b371ab5f8579e8a6210?utm_source=1100&utm_campaign=Software Engineering,On Site,"San Jose, CA",ByteDance,10000+,"Content,Data Mining",$119K-$187K /yr,"1. Final year or recent graduate with a background in Software Development, Computer Science, Computer Engineering, or a related technical discipline.
2. Experience working with Android/Java/Objective-C/Python/Golang.
3. Experience in one or more of the following: private or public cloud, backend architecture, storage system, databases, CI/CD system, build infrastructure and big data.",not sure,yes
"Engineer Graduate, User Experience - TikTok - 2026 Start (BS/MS)",2025-08-21,https://jobright.ai/jobs/info/6887e946fbbf032d000776c5?utm_source=1100&utm_campaign=Software Engineering,On Site,"Seattle, WA",TikTok,10000+,"Content Creators,Content Discovery",$113K-$178K /yr,"1. Bachelor or above degree in computer science or a related technical discipline
2. Proficiency in designing data structures, building algorithms, and at least one programming language: python/go/php/c++/java
3. Great communication and teamwork skills
4. Passionate about techniques and solving challenging problems",not sure,yes
Software Engineer Graduate Open Platform - 2026 Start (BS/MS),2025-08-21,https://jobright.ai/jobs/info/68917ecff5ee707a15dbf15e?utm_source=1100&utm_campaign=Software Engineering,On Site,"San Jose, CA",TikTok,10000+,"Content Creators,Content Discovery",$119K-$187K /yr,"1. Bachelor's or Master's degree in Computer Science or related fields or equivalent practical experience
2. Final year or recent graduate with a background in Software Development, Computer Science, Computer Engineering, or a related technical discipline
3. Experience with coding in Python, Java, Golang, C#, or C++
4. Must obtain work authorization in country of employment at the time of hire, and maintain ongoing work authorization during employment",no,yes
Software Engineer Graduate (Ads Measurement Signal and Privacy Infra Technology) - 2026 Start (BS/MS),2025-08-21,https://jobright.ai/jobs/info/68a429c3e9f1c744da1214c8?utm_source=1100&utm_campaign=Software Engineering,On Site,"San Jose, CA",TikTok,10000+,"Content Creators,Content Discovery",$119K-$177K /yr,"1. BS/MS Degree in Computer Science, Computer Engineering or relevant technical field.
2. Strong knowledge of data structures and algorithms, proficient in at least one coding language, including but not limited to Go, JavaScript, Java, C++.
3. Excellent communication, teamwork skills, and strong ownership.
4. Curiosity towards new technologies and solutions, and outstanding ability to analyze and solve problems.",not sure,yes
Software Engineer Graduate (Media Platform) - 2026 Start (BS/MS),2025-08-21,https://jobright.ai/jobs/info/689e8f2679a9f9666254dd1c?utm_source=1100&utm_campaign=Software Engineering,On Site,"San Jose, CA",TikTok,10000+,"Content Creators,Content Discovery",$119K-$187K /yr,"1. Bachelor's or Master’s degree in Computer Science, Computing Engineering, or related fields.
2. Solid programming skills in Golang, C, C++, or other system-level languages.
3. Strong analytical thinking and problem-solving ability.
4. Familiarity with software engineering best practices (e.g. version control, code reviews, unit testing, debugging, profiling).",not sure,yes
"Software Development Engineer, SDN Traffic Intelligence & Control",2025-08-21,https://jobright.ai/jobs/info/68a055e783d13d1f5b6d0294?utm_source=1100&utm_campaign=Software Engineering,On Site,"San Jose, CA",ByteDance,10000+,"Content,Data Mining",$137K-$259K /yr,"1. Current year or recent PhD graduate with a background in computer science, network engineering or a related field.
2. Proficiency in at least one programming language, such as Go, C++, or Python, with a strong foundation in designing and developing distributed systems.
3. In-depth understanding of networking protocols and the TCP/IP stack.
4. Practical or research experience in the areas of bandwidth management or distributed rate limiting systems/algorithms will be considered particularly favorable.",not sure,
Software Engineer Graduate (Global CRM) - 2026 Start (BS/MS),2025-08-21,https://jobright.ai/jobs/info/689c316afaa4e875e82675f3?utm_source=1100&utm_campaign=Software Engineering,On Site,"San Jose, CA",TikTok,10000+,"Content Creators,Content Discovery",$119K-$177K /yr,"1. Bachelor's degree or above in computer science or related fields.
2. Professional experience with Java is preferred.
3. Professional experience with Spring Boot and/or other Microservice frameworks is preferred.
4. Professional experience with relational databases (MySQL, Postgres etc) is preferred.",not sure,yes
Software Engineer Graduate (Programming Language- Product RD and Infrastructure) - 2025 Start (PhD),2025-08-21,https://jobright.ai/jobs/info/68a7f62e33dd7158bbcaa931?utm_source=1100&utm_campaign=Software Engineering,On Site,"San Jose, CA",TikTok,10000+,"Content Creators,Content Discovery",$137K-$259K /yr,"1. PhD degree in Programming Language or a related technical discipline
2. Expert with at least any of two of the following languages: Golang/Java/TypeScript/JavaScript/C++/Python",not sure,yes
Software Engineer Graduate (Multi Cloud CDN) - 2025 Start (BS/MS) - San Jose / Seattle / Boston,2025-08-21,https://jobright.ai/jobs/info/68a05345cc9ee94dc911f01d?utm_source=1100&utm_campaign=Software Engineering,On Site,"San Jose, CA",ByteDance,10000+,"Content,Data Mining",$119K-$259K /yr,"1. Bachelor's degree or above in computer science, electronics and communication, mathematics, physics, or related fields.
2. Familiarity with one or two programming languages such as C/C++, Go, Python, Java, or PHP in a Linux environment.
3. Strong communication skills, execution ability, and a willingness to learn and work collaboratively in a team environment.",not sure,yes
Software Engineer Graduate (Commerce Ads) - 2026 Start (BS/MS),2025-08-21,https://jobright.ai/jobs/info/689fe0b0faa4e875e828bc3d?utm_source=1100&utm_campaign=Software Engineering,On Site,"San Jose, CA",TikTok,10000+,"Content Creators,Content Discovery",$119K-$177K /yr,"1. BS/MS degree in Computer Science or similar fields, with related industry experience.
2. Solid Computer Science fundamentals (algorithms, data structures, software design) and problem-solving skills.
3. Solid programming skills, proficient in Python/Golang/Java/C/C++.
4. Familiarity with logging and testing framework.
5. Familiarity with databases (MySQL, Redis etc).
...",not sure,yes
Software Engineer Graduate (Monetization Technology - Brand Ads) - 2026 Start (BS/MS),2025-08-21,https://jobright.ai/jobs/info/68940d39f47efe2113968f2a?utm_source=1100&utm_campaign=Software Engineering,On Site,"San Jose, CA",TikTok,10000+,"Content Creators,Content Discovery",$115K-$231K /yr,"1. BS/MS Degree in Computer Science, Computer Engineering or relevant technical field.
2. Strong knowledge of data structures and algorithms, proficient in at least one coding language, including but not limited to Go, Javascript, Java, C++.
3. Excellent communication, teamwork skills and ability to work under pressure. Strong ownership.
4. Curiosity towards new technologies and solutions, and outstanding ability to analyze and solve problems.",not sure,yes
Research Scientist Graduate (Infrastructure System Lab)- 2026 Start (PHD),2025-08-21,https://jobright.ai/jobs/info/68a0530683d13d1f5b6d0224?utm_source=1100&utm_campaign=Software Engineering,On Site,"Seattle, WA",ByteDance,10000+,"Content,Data Mining",$129K-$246K /yr,"1. Currently pursuing a PhD degree in Computer Science or related fields
2. Understand how distributed systems work, such as distributed storage and database systems.
3. Great programming skill in one or more of the following programming languages: C/C++, Go, Java or Python
4. Must obtain work authorization in country of employment at the time of hire, and maintain ongoing work authorization during employment.",no,yes
"Frontend Engineer Graduate, Trust and Safety, TikTok - 2026 Start (BS/MS)",2025-08-21,https://jobright.ai/jobs/info/6892cd27f5ee707a15dc8819?utm_source=1100&utm_campaign=Software Engineering,On Site,"San Jose, CA",TikTok,10000+,"Content Creators,Content Discovery",$119K-$187K /yr,"1. Currently pursuing an Undergraduate/Master in Computer Science, Computer Engineering, or a related technical discipline.
2. Ability to think critically and to formulate solutions to problems in a clear and concise way.",not sure,yes
Software Engineer Graduate (Recommendation Infrastructure) - 2025 Start (PhD),2025-08-21,https://jobright.ai/jobs/info/68a7d977758f2e4ac3feed26?utm_source=1100&utm_campaign=Software Engineering,On Site,"San Jose, CA",TikTok,10000+,"Content Creators,Content Discovery",$137K-$259K /yr,"1. PhD's degree (or expected by 2025) in Computer Science, Machine Learning, Artificial Intelligence, or related fields.
2. Research background in ML/AI, with a focus on inference optimization, model acceleration, or efficient ML systems.
3. Experience in programming, included but not limited to, the following programming languages: C, C++, Java or Python.
4. Problem-solving skills, self-driven learning mindset, and effective communication.",not sure,yes
Firmware Engineer Graduate,2025-08-21,https://jobright.ai/jobs/info/689edf8183d13d1f5b6c2e8a?utm_source=1100&utm_campaign=Software Engineering,On Site,"Spring, TX",Hewlett Packard Enterprise,10000+,"Data Center,Enterprise Software",$100K-$128K /yr,"1. Bachelor's or Master's degree in Computer Science, Electrical Engineering, Computer Engineering or equivalent.
2. Typically 0-2 years experience.
3. Experience or understanding of firmware design tools and languages.
4. Good analytical and problem-solving skills.
5. Understanding of firmware and hardware design principles.
...",not sure,yes
"SDET, Software Development Engineer in Test Graduate (TikTok Eng - Testing) - 2026 Start (BS/MS)",2025-08-21,https://jobright.ai/jobs/info/689077124c7e851b90ac6a6b?utm_source=1100&utm_campaign=Software Engineering,On Site,"San Jose, CA",TikTok,10000+,"Content Creators,Content Discovery",$93K-$143K /yr,"1. Bachelor's or Master's degree in Computer Science, Computer Engineering or related field
2. Familiar with Java/Python/Objective-C/Golang, experience in related project development
3. Strong knowledge of software design, operating systems and networking
4. Problem solving with algorithms and data structures
5. Basic knowledge of testing methodology and tools",not sure,yes
ArcGIS Developer - 5826669,2025-08-21,https://jobright.ai/jobs/info/686f26d790d7b66951c27405?utm_source=1100&utm_campaign=Software Engineering,Hybrid,"Walnut Creek, CA",Accenture,10000+,"Business Information Systems,Construction",$56-$66 /hr,"1. Advanced proficiency in ESRI ArcGIS is required.
2. Minimum 1 years of work exp. ESRI ArcGIS
3. Geographic Information Systems GIS
4. JavaScript
5. Python Programming Language
...",no,
Software Engineer Graduate (Video-on-Demand Algorithm) - 2026 Start (BS/MS),2025-08-21,https://jobright.ai/jobs/info/68a2d9eeda4b7a7e730743ca?utm_source=1100&utm_campaign=Software Engineering,On Site,"San Jose, CA",TikTok,10000+,"Content Creators,Content Discovery",$119K-$187K /yr,"1. Bachelor's or Master’s degree in Computer Science, Computing Engineering, or related fields.
2. Industry or academic experience in the multimedia or network domain.
3. Proven ability to develop new algorithms and identify problems in existing solutions.
4. Fluent in statistics and data analysis.",not sure,yes
Frontend Software Engineer Graduate (Global E-commerce) - 2026 Start (BS/MS),2025-08-21,https://jobright.ai/jobs/info/68a04f6483d13d1f5b6d012f?utm_source=1100&utm_campaign=Software Engineering,On Site,"Seattle, WA",ByteDance,10000+,"Content,Data Mining",$113K-$178K /yr,"1. Bachelor's or Master's degree in Computer Science or related technical discipline.
2. Familiarity with frontend development, including: Languages: JavaScript/Typescript/HTML/CSS
3. Frontend frameworks: React/Vue/Angular
4. Packaging frameworks: Webpack/Rollup/BaBel/AST/Gulp
5. Familiar with key concepts like functional and asynchronous programming, closures and types, layouts, specificity, animation, cross browser compatibility, data security and accessibility.
...",not sure,yes
Software Engineer Graduate User Growth - 2026 Start (BS/MS),2025-08-21,https://jobright.ai/jobs/info/6891842df47efe21139561b5?utm_source=1100&utm_campaign=Software Engineering,On Site,"San Jose, CA",TikTok,10000+,"Content Creators,Content Discovery",$119K-$187K /yr,"1. Bachelor's or Master's degree in Computer Science or related fields or equivalent practical experience
2. Final year or recent graduate with a background in Software Development, Computer Science, Computer Engineering, or a related technical discipline
3. Experience with coding in Python, Java, Golang, C#, or C++
4. Must obtain work authorization in country of employment at the time of hire, and maintain ongoing work authorization during employment",no,yes
Software Engineer Graduate (3D Graphics-PICO) - 2025 Start (BS/MS),2025-08-21,https://jobright.ai/jobs/info/68a0530883d13d1f5b6d0231?utm_source=1100&utm_campaign=Software Engineering,On Site,"San Jose, CA",ByteDance,10000+,"Content,Data Mining",$119K-$187K /yr,"1. 3D Graphics rendering experience
2. Good understanding of modern mobile graphic pipeline
3. Good understanding of Vulkan or OpenGL
4. Strong C++ programming skills
5. Experience with low level performance profiling and optimization",not sure,yes
Software Engineer Graduate Social - 2026 Start (BS/MS),2025-08-21,https://jobright.ai/jobs/info/689bfc0783d13d1f5b6a4b36?utm_source=1100&utm_campaign=Software Engineering,On Site,"San Jose, CA",TikTok,10000+,"Content Creators,Content Discovery",$119K-$187K /yr,"1. Bachelor's or Master's degree in Computer Science or related fields or equivalent practical experience
2. Final year or recent graduate with a background in Software Development, Computer Science, Computer Engineering, or a related technical discipline
3. Experience with coding in Python, Java, Golang, C#, or C++
4. Must obtain work authorization in country of employment at the time of hire, and maintain ongoing work authorization during employment",no,yes
Test Software Engineer Graduate (Intelligent Creation) - 2026 Start (BS/MS),2025-08-21,https://jobright.ai/jobs/info/68a052f9faa4e875e8290166?utm_source=1100&utm_campaign=Software Engineering,On Site,"San Jose, CA",ByteDance,10000+,"Content,Data Mining",$93K-$143K /yr,"1. Final year or recent graduate with a background in Software Development, Computer Science, Computer Engineering, or a related technical discipline
2. Experience in testing server level/Client on common platforms
3. Proficient in at least one of the common languages, including Python, Java, Go, etc
4. Proficient in troubleshooting, QA process, quality management tools, and methodologies",not sure,yes
Backend Software Engineer Graduate (Global E-commerce) - 2026 Start (BS/MS),2025-08-21,https://jobright.ai/jobs/info/68a04f7d83d13d1f5b6d0173?utm_source=1100&utm_campaign=Software Engineering,On Site,"San Jose, CA",ByteDance,10000+,"Content,Data Mining",$119K-$187K /yr,"1. Bachelor's or Master's degree in Computer Science or related technical discipline.
2. Familiarity with backend development, and at least one of Java/Golang/Python/Scala/C++ languages.
3. Understanding of data structure, algorithm design and analysis, networking, data security and highly scalable systems design.
4. Knowledge of common databases and messaging frameworks like MySQL/Redis/Kafka etc.",not sure,yes
Software Engineer Graduate (Foundation Software)- 2026 Start (PHD),2025-08-21,https://jobright.ai/jobs/info/68a37c001ab5f8579e8a6321?utm_source=1100&utm_campaign=Software Engineering,On Site,"San Jose, CA",ByteDance,10000+,"Content,Data Mining",$119K-$259K /yr,"1. Currently pursuing a master’s or doctoral degree in Computer Science, Electrical Engineering, or a related technical field, with an expected graduation date in 2026.
2. Strong programming skills in C++ or Go in Linux environments, with experience in writing clean, maintainable and testable code.
3. Have a solid understanding of CS Fundamentals: basic data structures (lists, queues, stacks, trees, graphs, hash tables) and algorithms (binary search, quick sort, divide and conquer, backtracking), operating system (processes, threads, mutexes, semaphores, deadlock, paging, segmentation, file system), network (OSI models, TCP/UDP, IP addressing, HTTP, DNS).
4. Have a basic understanding of distributed systems (e.g. CAP theorem), databases (e.g. relational vs nosql, transaction, isolation levels), and storage systems (e.g. replication, erasure encoding).",not sure,yes
"Incident Response Cloud Engineer, Associate",2025-08-20,https://jobright.ai/jobs/info/68a6c1db33dd7158bbca28e6?utm_source=1100&utm_campaign=Software Engineering,On Site,"Baltimore, MD",Morgan Stanley,10000+,"Asset Management,Finance",$65K-$135K /yr,"1. Advanced skills and prior cloud services experience, preferably with GCP.
2. Development skills for analytic implementation and deployment to production environments.
3. Understand the end-to-end workflow of a threat across multiple technologies.
4. Think like an adversary.
5. Sound understanding of TCP/IP and networking concepts, security alerts, and incidents.
...",not sure,
Engineer – ATP Ship Methods,2025-08-20,https://jobright.ai/jobs/info/68a6b6eab6a3617d7fa79ae3?utm_source=1100&utm_campaign=Software Engineering,Hybrid,"Brooklyn Park, MN",Target,10000+,"Communities,E-Commerce",$73200-$131700 /yr,"1. 4 year degree or equivalent experience
2. 1+ years of software development experience
3. Experience in JVM based language, tools, and frameworks
4. Demonstrates familiarity with current and emerging technologies in own scope of responsibility, and develops ability to apply these technologies
5. Understands concepts of package solutions and package specific programming language with knowledge of development objects
...",not sure,
Backend Software Engineer - Sales Technology (Dallas Ft Worth Metro),2025-08-20,https://jobright.ai/jobs/info/68a6b05ab6a3617d7fa795d8?utm_source=1100&utm_campaign=Software Engineering,Hybrid,"Irving, TX",Gartner,10000+,"Business Development,Consulting",$74K-$113K /yr,"1. Bachelor’s degree in Computer Science.
2. 1-3 years of experience with Java/Spring framework development or ReactJS JavaScript framework.
3. 1 year of experience in Salesforce development (LWC, Apex, flows)
4. Postgres, or Oracle or equivalent enterprise database system experience a plus.
5. Understanding of SOAP and REST based APIs
...",not sure,
Backend Software Engineer - Sales Technology (Dallas Ft Worth Metro),2025-08-20,https://jobright.ai/jobs/info/68a6ae6e33dd7158bbca1c56?utm_source=1100&utm_campaign=Software Engineering,Hybrid,"Irving, TX",Gartner,10000+,"Business Development,Consulting",,"1. Bachelor’s degree in Computer Science.
2. 1-3 years of experience with Java/Spring framework development or ReactJS JavaScript framework.
3. 1 year of experience in Salesforce development (LWC, Apex, flows)
4. Postgres, or Oracle or equivalent enterprise database system experience a plus.
5. Salesforce Lightning Web Component and/or Screen Flow experience a plus.
...",not sure,
"Incident Response Cloud Engineer, Associate",2025-08-20,https://jobright.ai/jobs/info/68a6adb3758f2e4ac3fe6a8d?utm_source=1100&utm_campaign=Software Engineering,On Site,"Baltimore, Maryland, United States of America",E*TRADE from Morgan Stanley,1001-5000,"Banking,Finance",$65000-$135000 /yr,"1. Understand the end-to-end workflow of a threat across multiple technologies.
2. Think like an adversary.
3. Sound understanding of TCP/IP and networking concepts, security alerts, and incidents.
4. Excellent writing and presentation skills are required to communicate findings and recommendations.
5. Experience with investigating common types of attacks, network packet analysis, log analysis, and reviewing security events.
...",not sure,
Software Dev Engineer II - AMZ26547.1,2025-08-20,https://jobright.ai/jobs/info/688991dd9f961617fe21598f?utm_source=1100&utm_campaign=Software Engineering,On Site,"Nashville, TN",Amazon,10000+,"Delivery,E-Commerce",$129K-$224K /yr,"1. Bachelor's degree or foreign equivalent degree in Computer Science, Engineering, Mathematics, or a related field
2. one year of experience in the job offered or a related occupation
3. one year of experience in designing and developing large-scale, multi-tiered, multi-threaded, embedded or distributed software applications, tools, systems, and services using: C#, C++, Java, or Perl
4. Object Oriented Design",not sure,
Software Engineer,2025-08-20,https://jobright.ai/jobs/info/68a6e13e758f2e4ac3fe86cc?utm_source=1100&utm_campaign=Software Engineering,Hybrid,"Atlanta, Georgia, United States",Microsoft,10000+,"Artificial Intelligence (AI),Data Management",$84200-$165200 /yr,"1. Bachelor's Degree in Computer Science, or related technical discipline with proven experience coding in languages including, but not limited to, C, C++, C#, Java, JavaScript, or Python, OR equivalent experience.
2. Ability to meet Microsoft, customer and/or government security screening requirements are required for this role. These requirements include, but are not limited to the following specialized security screenings: Microsoft Cloud Background Check: This position will be required to pass the Microsoft Cloud Background Check upon hire/transfer and every two years thereafter.",no,
Associate Mainframe Programmer Analyst-1,2025-08-20,https://jobright.ai/jobs/info/68ad2c07daf1431824c9ae77?utm_source=1100&utm_campaign=Software Engineering,On Site,"Mansfield City, CT",DXC Consulting & Engineering Services,51-100,,$46K-$75K /yr,"1. Contribute to software development projects by writing, testing, and debugging code, under the guidance of senior team members.
2. Collaborate with the team to meet project objectives, actively participating in code reviews and design discussions.
3. Assist in the documentation of software requirements and specifications, striving for clear and effective communication.
4. Participate in troubleshooting and resolving technical issues, seeking guidance and mentorship.
5. Learn and adapt to software development practices and methodologies, actively participating in training programs.
...",not sure,
Applications Systems Analyst I --Temporary Solutions,2025-08-20,https://jobright.ai/jobs/info/68a9398d6acf96396f725a34?utm_source=1100&utm_campaign=Software Engineering,On Site,"Wake County, NC",NC Office of State Human Resources,51-100,,$35-$35 /hr,"1. Bachelor's degree in computer science or an IT related field from an appropriately accredited institution
2. Associate degree in computer science or an IT related field or related technical degree from an appropriately accredited institution and one year of experience in business application consulting or development
3. High School or General Educational Development (GED) diploma and four years of experience in business application consulting or development
4. An equivalent combination of education and experience
5. Technical knowledge in supporting the UKG Workforce Dimensions System
...",not sure,
Software Engineer,2025-08-20,https://jobright.ai/jobs/info/68aa845f6acf96396f72a6de?utm_source=1100&utm_campaign=Software Engineering,On Site,"Iowa, United States",Corteva Agriscience,10000+,"Agriculture,Farmers Market",$90K-$113K /yr,"1. 1–4 years of experience as a software developer, including at least 1 year of Python programming.
2. Proficient in object-oriented and functional programming paradigms.
3. Familiar with React and TypeScript.
4. Skilled in designing and building scalable databases.
5. Experience with Amazon Web Services (AWS) and Infrastructure as Code (IaC).
...",not sure,
Cloud Engineer Graduate,2025-08-20,https://jobright.ai/jobs/info/68a6843f758f2e4ac3fe53d7?utm_source=1100&utm_campaign=Software Engineering,Hybrid,"Spring, Texas, United States of America",Hewlett Packard Enterprise,10000+,"Data Center,Enterprise Software",$79700-$183200 /yr,"1. Bachelor´s degree in Statistics, Operations Research, Computer Science or equivalent.
2. Typically 0-2 years experience.
3. Knowledge of at least one programming language like C, C++, python, JavaScript, Java or associated libraries, web-sockets, and other cloud networking protocols.
4. Familiarity with and understanding of design for software systems running on multiple platform types.
5. A basic understanding of Object-Oriented Programming (OOP) principles & Model View Controller (MVC) design patterns, in addition to SQL / NoSQL DBs, GNU, Linux, IPC and process scheduling, and networking protocols TCP/IP.
...",not sure,yes
iOS Developer I,2025-08-20,https://jobright.ai/jobs/info/68a679da758f2e4ac3fe50f5?utm_source=1100&utm_campaign=Software Engineering,Hybrid,"New York, NY",Fox Corporation,10000+,"Broadcasting,Media and Entertainment",$74K-$116K /yr,"1. 0–2 years of iOS development experience using Swift
2. Familiarity with Swift Package Manager, REST APIs, push notifications, and deep linking
3. Experience with Git, GitHub, and Gitflow
4. Exposure to CI/CD and Azure-based development environments
5. Understanding of MVVM, Coordinators, and secure, scalable architecture patterns
...",not sure,yes
"Software Engineer, Safari Extensions",2025-08-20,https://jobright.ai/jobs/info/68a679b8758f2e4ac3fe50c1?utm_source=1100&utm_campaign=Software Engineering,On Site,"San Diego, California, United States",Apple,10000+,"Artificial Intelligence (AI),Consumer Electronics","$120,300-$210,100 /yr","1. Thorough understanding of Swift, Objective-C, C++, or C
2. Strong object-oriented programming experience
3. Excellent debugging and analytical skills",not sure,
Software Engineer - New Grad,2025-08-20,https://jobright.ai/jobs/info/68a675b6758f2e4ac3fe4f2e?utm_source=1100&utm_campaign=Software Engineering,On Site,"Multi Location
Washington, DC
Washington, District of Columbia, United States
Mountain View, CA
Mountain View, California, United States",Applied Intuition,501-1000,"Artificial Intelligence (AI),Autonomous Vehicles",$130000-$130000 /yr,"1. Proven ability as a self-starter and can quickly become comfortable with new technical tools
2. Designed efficient and effective solutions to a wide range of engineering challenges
3. Experience taking initiative in a fast-paced environment",not sure,yes
Junior Salesforce Developer,2025-08-20,https://jobright.ai/jobs/info/68a6107b33dd7158bbc9d6d5?utm_source=1100&utm_campaign=Software Engineering,Remote,United States,Maximus,10000+,"Business Process Automation (BPA),Consulting",$70K-$90K /yr,"1. 0 - 2+ years of Salesforce development experience with relevant experience working in Health Cloud.
2. Strong proficiency in Apex, Lightning Components, Visualforce, SOQL, and Salesforce APIs.
3. Experience with Salesforce Health Cloud features such as care plans, patient management, and healthcare workflows.
4. Knowledge of integration patterns and best practices for integrating Salesforce with healthcare systems.
5. Familiarity with healthcare data models and compliance requirements (e.g., HIPAA).
...",no,yes
"Software Engineer, New Grad",2025-08-20,https://jobright.ai/jobs/info/68a666c133dd7158bbc9fcb6?utm_source=1100&utm_campaign=Software Engineering,On Site,"San Mateo, CA",IXL Learning,1001-5000,"Art,Education",$110K-$135K /yr,"1. Bachelor's or advanced degree in computer science or a related discipline
2. Excellent programming skills
3. Strong analytical-reasoning and problem-solving skills
4. Ability to work both independently and with a wide variety of teams
5. Knowledge of Unix, Python, Java, SQL, or JavaScript is a plus
...",yes,yes
Coder Quality Assurance Auditor,2025-08-20,https://jobright.ai/jobs/info/68a68c1433dd7158bbca082a?utm_source=1100&utm_campaign=Software Engineering,On Site,"National, MD",Akumin®,1001-5000,,$16-$32 /hr,"1. High School Diploma or equivalent experience.
2. Certified Coder through AAPC or AHIMA.
3. 1-2 years of healthcare experience or in a healthcare setting.
4. All candidates who accept an offer for employment will be required to successfully complete a pre-employment background check and drug screen as a condition of employment.",not sure,
"Software Engineer, New Grad (2026 Start)",2025-08-20,https://jobright.ai/jobs/info/68a7bd8633dd7158bbca928b?utm_source=1100&utm_campaign=Software Engineering,On Site,San Francisco,Zip,251-500,"Compliance,Enterprise Resource Planning (ERP)",$135000-$145000 /yr,"1. Pursuing a BS or MS in Computer Science or related technical field involving coding (e.g. physics or math), with a graduation date between December 2025 - June 2026
2. Experience with web applications and API development. At Zip, our stack includes Python, Javascript/TypeScript, React, and GraphQL
3. Ability and interest to quickly learn new frameworks, architecture patterns, and programming languages as needed
4. Fantastic written and verbal communication skills
5. Prior internships in high-growth startup environment",not sure,yes
Flight Team Web Developer,2025-08-20,https://jobright.ai/jobs/info/68a746b633dd7158bbca5be8?utm_source=1100&utm_campaign=Software Engineering,On Site,Palo Alto HQ,WindBorne Systems,11-50,"Analytics,Artificial Intelligence (AI)",$90000-$130000 /yr,"1. Competent web developer
2. Ability to tackle the challenge of combining downlinked telemetry and flight database data into a digestible and useful form
3. Ownership of load-bearing and mission-critical systems from day one
4. Serve as a web developer for mission control dashboard
5. Develop tools to facilitate manufacturing quality loop closure and improve flight performance
...",not sure,
Quality Assurance Engineer (Level 1),2025-08-20,https://jobright.ai/jobs/info/68a65b4333dd7158bbc9f8c2?utm_source=1100&utm_campaign=Software Engineering,Hybrid,"Fountain Valley, CA",MSX International,1001-5000,,$34-$40 /hr,"1. A minimum of a high school diploma is required; a bachelor’s degree in engineering or a related field is strongly preferred.
2. One to two years of relevant work experience or an equivalent qualification.
3. Demonstrated proficiency with Microsoft Word, Excel, PowerPoint, and Access.
4. Comprehensive understanding of automotive technical systems.
5. Excellent written and verbal communication abilities.
...",not sure,
Engineer I,2025-08-20,https://jobright.ai/jobs/info/68a65ade758f2e4ac3fe4654?utm_source=1100&utm_campaign=Software Engineering,On Site,"Torrance, CA","FNS, Inc.",1001-5000,"Logistics,Transportation",$75K-$95K /yr,"1. Bachelor's degree in computer science, Engineering, or a related field is required.
2. 1+ years of relevant work experience in software development or system engineering.
3. Hands-on experience with Java Spring Framework development.
4. Proficiency in JavaScript, with practical experience using Vue.js.
5. Experience with Oracle DBMS or PostgreSQL development.
...",not sure,
Solutions Architect II - AMZ26544.1,2025-08-20,https://jobright.ai/jobs/info/68a6576c33dd7158bbc9f7c7?utm_source=1100&utm_campaign=Software Engineering,On Site,"Arlington, VA",Amazon Web Services (AWS),10000+,"Consulting,DevOps",$118K-$204K /yr,"1. Master's degree or foreign equivalent degree in Computer Science, Engineering, Mathematics, or a related field and one year of experience in the job offered, or as a Database Administrator, Support Engineer, or a related occupation.
2. Employer will accept Bachelor's degree or foreign equivalent degree in Computer Science, Engineering, Mathematics, or a related field and five years of progressive post-baccalaureate experience in the job offered or related occupation as equivalent to the Master's and one year of experience.
3. Must have one year of experience in the following skill(s): (1) designing, implementing, and consulting with distributed applications; (2) architecting, provisioning, and deploying applications to public cloud environments or on-premises virtualized environments using C++, Perl, Python, Java, Ruby, Node.js, or equivalent object-oriented programming language; and (3) experience with database architecture, performance tuning, big data processing, mobile app development, or Big Data/Hadoop.",not sure,
LARAVEL DEVELOPER,2025-08-20,https://jobright.ai/jobs/info/68a66648758f2e4ac3fe4a72?utm_source=1100&utm_campaign=Software Engineering,Remote,"Los Angeles, CA","Coalition, Inc.",501-1000,"Cyber Security,Information Technology",$15-$35 /hr,"1. An expertise in PHP, MySQL, HTML5, and CSS3.
2. The ability to convert PSDs to Laravel and PHP sites.
3. The ability to work in a LAMP development environment.
4. The ability to handle multiple projects and tasks at the same time.
5. Great attention to detail and a highly organized work style.
...",not sure,
FRONT END DEVELOPER,2025-08-20,https://jobright.ai/jobs/info/68a666b8b6a3617d7fa774c5?utm_source=1100&utm_campaign=Software Engineering,Remote,"Los Angeles, CA","Coalition, Inc.",501-1000,"Cyber Security,Information Technology",$15-$35 /hr,"1. An expertise in HTML5, CSS3, and jQuery.
2. A thorough understanding of cross-browser compatibility issues.
3. Experience with media queries.
4. A knowledge of CSS platforms such as Twitter’s Bootstrap.
5. An ability to multi-task on multiple projects and tasks at the same time.
...",not sure,
Software Engineer (L4)- Open Connect Control Plane,2025-08-20,https://jobright.ai/jobs/info/68a8f6f3758f2e4ac3ff6614?utm_source=1100&utm_campaign=Software Engineering,Remote,USA - Remote,Netflix,5001-10000,"Digital Entertainment,Media and Entertainment",$170000-$720000 /yr,"1. 1-3 years of software development (ideally with strong experience in Java)
2. Experience building and operating business-critical systems at scale.",not sure,
iOS Developer I,2025-08-20,https://jobright.ai/jobs/info/68a64d4533dd7158bbc9f383?utm_source=1100&utm_campaign=Software Engineering,Hybrid,"New York, New York, USA",Fox Corporation,10000+,"Broadcasting,Media and Entertainment","$74,000-$116,350 /yr","1. 0–2 years of iOS development experience using Swift
2. Familiarity with Swift Package Manager, REST APIs, push notifications, and deep linking
3. Experience with Git, GitHub, and Gitflow
4. Exposure to CI/CD and Azure-based development environments
5. Understanding of MVVM, Coordinators, and secure, scalable architecture patterns
...",not sure,yes
3rd shift Quality Assurance Tech,2025-08-20,https://jobright.ai/jobs/info/68a69574758f2e4ac3fe5c6c?utm_source=1100&utm_campaign=Software Engineering,On Site,"Carson City, Nevada, United States",Nature's Bakery,501-1000,"Health Care,Nutrition",$18.26 /hr,"1. Knowledge of food quality standards and procedures
2. Good attention to detail
3. Strong communication skills
4. Logical thinking
5. Ability to perform tests at specified stages in the production process
...",not sure,
Software Development Associate,2025-08-20,https://jobright.ai/jobs/info/68a87f08758f2e4ac3ff2d73?utm_source=1100&utm_campaign=Software Engineering,On Site,PICKLE RESEARCH CAMPUS,The University of Texas at Austin,501-1000,"Corporate Training,Education",$88500-$120000+ /yr,"1. Bachelor’s degree in Computer Science, Computer Engineering, or other related discipline.
2. Strong proficiency in Python, C++, Git, SQL, and bash scripting.
3. Demonstrated ability to follow coding standards and testing standards as well as the ability to define and document complex software applications.
4. Ability to examine the details of complex algorithms.
5. Demonstrated ability to work effectively, both independently and collaboratively, with a strong commitment to contribution and enabling the entire team.
...",no,
Application Analyst I - Epic Security,2025-08-20,https://jobright.ai/jobs/info/68a6406a33dd7158bbc9f0dd?utm_source=1100&utm_campaign=Software Engineering,Hybrid,"New York, NY",Memorial Sloan Kettering Cancer Center,10000+,"Education,Health Care",$90700-$145300 /yr,"1. Active Epic certifications in Epic Security required
2. Active Epic Provider (SER) Administration Badge required
3. Experience with Epic Builds and Provisioning
4. Demonstrated ability to analyze requirements and translate them into technical designs.
5. Ability to contribute independently while collaborating within cross-functional teams.
...",not sure,
Junior Web Developer,2025-08-20,https://jobright.ai/jobs/info/68a64f03758f2e4ac3fe4267?utm_source=1100&utm_campaign=Software Engineering,On Site,"Houston, TX","eBS, Equipment Business Software",11-50,"Business Information Systems,Industrial Engineering",$22-$26 /hr,"1. Proficient in modern JavaScript frameworks like Next.js and React.js
2. Strong knowledge of C# and .NET for backend services
3. Experience with API development
4. Familiarity with object-oriented programming and design patterns
5. Frontend: Next.js
...",no,
"Software Engineer, New Grad",2025-08-20,https://jobright.ai/jobs/info/68a63d3333dd7158bbc9eedc?utm_source=1100&utm_campaign=Software Engineering,On Site,"San Mateo, CA",IXL Learning,1001-5000,"Art,Education",$110000-$135000 /yr,"1. Bachelor's or advanced degree in computer science or a related discipline
2. Excellent programming skills
3. Strong analytical-reasoning and problem-solving skills
4. Ability to work both independently and with a wide variety of teams
5. Knowledge of Unix, Python, Java, SQL, or JavaScript is a plus
...",yes,yes
Jr. Cloud Engineer,2025-08-20,https://jobright.ai/jobs/info/687167f306ad7073463c4e75?utm_source=1100&utm_campaign=Software Engineering,Hybrid,"Eglin Air Force Base, FL",Accenture Federal Services,10000+,"Consulting,Finance",$69200-$124200 /yr,"1. 1 year of experience working in AWS, Azure, or other cloud environments
2. 1 year of experience in scripting, automation tools, or software development to include debugging skills
3. 1 year of experience with Linux or Windows administration
4. 1 year of experience deploying and configuring software
5. DoD 8570 IAT II or DoD 8140 Equivalent Certification (Sec+, CCNA, etc.)
...",no,
Full Stack .NET Developer,2025-08-20,https://jobright.ai/jobs/info/68a64a82758f2e4ac3fe40bb?utm_source=1100&utm_campaign=Software Engineering,Remote,USA,Leedo Cabinets LLC,501-1000,"Construction,Real Estate",$70K-$84K /yr,"1. Bachelor’s Degree or equivalent experience in Computer Science or related field
2. .NET Development Experience
3. Proficient with Microsoft Visual Studio and TFS / Azure DevOps
4. Knowledge of C#, .NET Core, Entity Framework and LINQ
5. Web – HTML, JavaScript / TypeScript, CSS, ASP.NET, MVC
...",not sure,
MAGENTO DEVELOPER,2025-08-20,https://jobright.ai/jobs/info/68a661e3b6a3617d7fa77248?utm_source=1100&utm_campaign=Software Engineering,Remote,"Los Angeles, CA","Coalition, Inc.",501-1000,"Cyber Security,Information Technology",$15-$35 /hr,"1. An expertise in PHP, MySQL, HTML5, and CSS3.
2. The ability to convert PSDs to Magento sites.
3. The ability to work in a LAMP development environment.
4. The ability to handle multiple projects and tasks at the same time.
5. Great attention to detail and a highly organized work style.
...",not sure,
Engineer – ATP Ship Methods,2025-08-20,https://jobright.ai/jobs/info/68a6312b758f2e4ac3fe377b?utm_source=1100&utm_campaign=Software Engineering,Hybrid,"7000 Target Pkwy N,NCD-0375 Brooklyn Park,MN 55445",Target,10000+,"Communities,E-Commerce","$73,200-$131,700 /yr","1. 4 year degree or equivalent experience
2. 1+ years of software development experience
3. Experience in JVM based language, tools, and frameworks
4. Demonstrates familiarity with current and emerging technologies in own scope of responsibility, and develops ability to apply these technologies
5. Understands concepts of package solutions and package specific programming language with knowledge of development objects
...",not sure,
SDC BCM Technology-- Mobile Developer--Analyst,2025-08-20,https://jobright.ai/jobs/info/68a62f9d33dd7158bbc9e8a6?utm_source=1100&utm_campaign=Software Engineering,On Site,"Multi Location
Dallas, TX
Charlotte, NC",EY,10000+,"Accounting,Advice",$55K-$113K /yr,"1. Bachelor’s degree in computer science or other related field and minimum one year of work experience.
2. Experience in mobile development for Apple’s iOS platform and/or next generation Android mobile applications.
3. Proven experience as an app developer.
4. Extensive experience with iOS Frameworks and/or Android development using Swift and/or Kotlin and integrating vendor app SDK’s.
5. Must have development experience in Core Java.
...",not sure,
Junior WordPress Front-End Web Developer,2025-08-20,https://jobright.ai/jobs/info/68a6c010758f2e4ac3fe77b3?utm_source=1100&utm_campaign=Software Engineering,On Site,"Centennial, CO",Get Found Fast,11-50,Advertising,$65K-$75K /yr,"1. 1–2 years of professional web development experience (agency experience a plus)
2. Expertise in WordPress, Elementor, and DIVI
3. Solid knowledge of HTML5, CSS3, JavaScript, and PHP
4. In-depth understanding of responsive and mobile-first design principles
5. Experience with WordPress themes, plugins, and custom post types
...",not sure,
"Service Delivery Center, SAP Integration - Analyst",2025-08-20,https://jobright.ai/jobs/info/68a62e7b33dd7158bbc9e783?utm_source=1100&utm_campaign=Software Engineering,On Site,"San Antonio, TX",EY,10000+,"Accounting,Advice",$55K-$113K /yr,"1. Excellent analytical and problem-solving skills.
2. Strong verbal and written communication skills.
3. Bachelor’s degree in management information systems, Information Technology, Computer Science or related field.
4. Strong interest in SAP technologies and integration processes.
5. Understanding of commonly used integration pathways like OData, SOAP, SFTP, JDBC Adapters, XML, webservices, service oriented architecture, APIs etc.
...",not sure,
"Software Engineer II, Backend (Card Checkout)",2025-08-20,https://jobright.ai/jobs/info/68a62a6433dd7158bbc9e73e?utm_source=1100&utm_campaign=Software Engineering,Hybrid,"Multi Location
Sioux Falls, SD
Minneapolis, MN
Richmond, VA
Detroit, MI
Las Vegas, NV
San Diego, CA
Dallas, TX
Denver, CO
Baltimore, MD
Houston, TX
Palo Alto, CA
Charlotte, NC
San Jose, CA
Philadelphia, PA
Miami, FL
Boulder, CO
St Louis, MO
Nashville, TN
Cleveland, OH
Washington, DC
Boise, ID
Raleigh, NC
Phoenix, AZ
Portland, OR
Madison, WI",Affirm,1001-5000,"Financial Services,FinTech",$160000-$210000 /yr,"1. You have a total of 1.5+ years of experience as a software engineer.
2. You have experience designing, developing and launching backend systems and are proficient in one of Python or Kotlin.
3. You are familiar with the building blocks of distributed systems, and the technologies like AWS, MySQL and Kubernetes.
4. You have experience designing, developing and launching APIs at scale using languages like Python or Kotlin.
5. You have mastered taking a simple problem or business scenario into a solution that interacts with multiple software components, and executing on it by writing clear, easily understood, well tested and extensible code.
...",not sure,
Software Applications Engineer- Driver Development,2025-08-20,https://jobright.ai/jobs/info/68a629e1b6a3617d7fa75e65?utm_source=1100&utm_campaign=Software Engineering,On Site,"Anaheim, CA",Extron,1001-5000,"Audio/Visual Equipment,Consumer Electronics",$70K-$72K /yr,"1. BSEE / BSCE Degree- New graduates welcome!
2. Experience programming in Python or another object-oriented language.
3. Excellent communication and presentation skills, (written and verbal).
4. Strong attention to detail, highly organized, computer literate.
5. Ability to work well in a fast-paced professional office environment.",not sure,
Software Developer - AWS,2025-08-20,https://jobright.ai/jobs/info/68a629c233dd7158bbc9e6d2?utm_source=1100&utm_campaign=Software Engineering,On Site,US-MD-Rockville,"CTIS, Inc.",101-250,"Analytics,Big Data",$65-$70 /hr,"1. Bachelor’s degree in computer science, Engineering, or a related field (or equivalent practical experience).
2. 1 to 2 years of hands-on experience migrating applications onto the AWS platform.
3. Solid migration experience from on-premises servers to the AWS platform using migration tools.
4. Overall software development experience of at least 5 Years.
5. Strong Java programming skills and experience with J2EE frameworks like Spring, Hibernate, and JSF.
...",not sure,
Quality Assurance Specialist,2025-08-20,https://jobright.ai/jobs/info/68a6236c33dd7158bbc9e2d6?utm_source=1100&utm_campaign=Software Engineering,On Site,"Multi Location
Champaign, IL
Edwardsville, IL
Leawood, KS",Busey,501-1000,"Banking,Finance",$16-$19 /hr,"1. High School diploma
2. Strong oral and written communication skills
3. Advanced knowledge of retail deposit policies, procedures and products
4. Strong organizational skills
5. Knowledge of Microsoft Product Suite (Word, Excel, Outlook)
...",not sure,
Programmer/Analyst,2025-08-20,https://jobright.ai/jobs/info/6889360e09808a6103e45d62?utm_source=1100&utm_campaign=Software Engineering,Remote,"Multi Location
United States
Remote, USA",CDK Global,5001-10000,"Automotive,Digital Marketing",$22-$28 /hr,"1. 1–2 years of experience developing and managing digital forms.
2. Strong understanding of form logic, field validations, and conditional logic.
3. Team player who understands the bigger picture and supports team goals.
4. Knowledge of UI/UX principles to create user friendly forms.
5. Strong computer literacy, including familiarity with the Microsoft Office Suite.
...",no,
Software Engineer - New Grad (Summer 2026),2025-08-20,https://jobright.ai/jobs/info/68a61c1d758f2e4ac3fe2c54?utm_source=1100&utm_campaign=Software Engineering,On Site,"New York, NY",Nominal,51-100,"Information Technology,SaaS",$125K-$135K /yr,"1. Graduating in Summer 2026 or sooner
2. Exceptional hands-on experience and strong core engineering skills — whether through internships, personal projects, or academic work
3. Personal passion for solving challenging problems and contributing to the future of critical infrastructure
4. Described by peers as ambitious, resourceful, and perseverant
5. Must be a U.S. citizen, U.S. lawful permanent resident, Refugee under 8 U.S.C. 1157, or Asylee under 8 U.S.C. 1158, or be eligible to obtain the required authorizations from the U.S. Department of State",no,yes
"Python Engineer, Trading Services",2025-08-20,https://jobright.ai/jobs/info/688adf6a09808a6103e51d6e?utm_source=1100&utm_campaign=Software Engineering,On Site,"New York, NY","Apollo Global Management, Inc.",1001-5000,"Asset Management,Credit",$85K-$110K /yr,"1. Master’s degree in computer science/engineering
2. Alternatively, the candidate may have bachelor’s degree in computer science/engineering combined with 1-4 years of relevant experience at a financial firm in an engineering role.
3. Comfortable working in an agile software delivery environment, with Git and with exposure to CI / CD tools (e.g., GitHub, Docker, Kubernetes)
4. Strong software development experience building full-stack cloud-based applications using Python and a TypeScript UI framework (Vue.js preferred)
5. Familiar with automated testing techniques: Test Driven Development, Mocking, Dependency Injection
...",not sure,
Quality Assurance Engineer I,2025-08-20,https://jobright.ai/jobs/info/68a617cf33dd7158bbc9d994?utm_source=1100&utm_campaign=Software Engineering,On Site,"Blacksburg, VA",Moog Inc.,10000+,"Aerospace,Industrial",$60K-$80K /yr,"1. Bachelor's Degree in an engineering field or a bachelor's degree with relative work experience to a quality role.
2. An associate degree with a minimum of 3 years of related experience in a quality role.
3. Experience functioning in a team-based manufacturing environment.",not sure,
Quality Assurance - Data Entry,2025-08-20,https://jobright.ai/jobs/info/68a616b133dd7158bbc9d8b9?utm_source=1100&utm_campaign=Software Engineering,On Site,"Austin, TX",DaBella,501-1000,"Construction,Home Improvement",$19-$19 /hr,"1. Minimum 1 year of experience in a call center environment.
2. Highly effective organizational skills to manage audits, maintain documentation, and ensure compliance with standards.
3. Proficient in analyzing metrics and data to enhance performance and improve processes.
4. Natural problem-solver with a proactive approach to overcoming challenges and driving results.
5. Exceptional communicator, skilled in delivering clear and detailed responses across teams and departments.
...",not sure,
"Software Engineer, Trading Engineering",2025-08-20,https://jobright.ai/jobs/info/68a605c033dd7158bbc9d20b?utm_source=1100&utm_campaign=Software Engineering,Hybrid,"New York, United States",Two Sigma,1001-5000,"Big Data,Machine Learning",$165K-$250K /yr,"1. Minimum 1 year of experience required; 2-6 years of experience preferred systems level development.
2. BS or MS degree in Computer Science, Engineering, or a related field.
3. Experience with C, C++, or Rust is required.
4. A high-level understanding of data structures and algorithms.",not sure,
"Solutions Engineer, DSP",2025-08-20,https://jobright.ai/jobs/info/68a60443758f2e4ac3fe1eee?utm_source=1100&utm_campaign=Software Engineering,Hybrid,"New York, United States",PubMatic,501-1000,"Advertising,Internet",$140K-$160K /yr,"1. Must have a Bachelor’s and/ or Masters degree in Computer Science, Engineering or a related field.
2. Should have 1 to 5 years of experience in Python, SQL, Database tools and moderate knowledge about web based applications, Web server/Ad server/Mozilla Firefox and how to work on different web based browsers.
3. Proficiency in ad tech platforms (e.g., Google Ad manager, DV360, Tradedesk, Amazon)
4. Strong understanding of APIs, SDKs and integrations workflow.
5. Familiarity with Programmatic advertising, RTB and adserving protocols (e.g., VAST, OpenRTB, VPAID etc)
...",not sure,
"Software Engineer II, Backend (Card Checkout)",2025-08-20,https://jobright.ai/jobs/info/68a5fb68758f2e4ac3fe1b40?utm_source=1100&utm_campaign=Software Engineering,Hybrid,Remote US,Affirm,1001-5000,"Financial Services,FinTech","$160,000-$210,000 /yr","1. You have a total of 1.5+ years of experience as a software engineer.
2. You have experience designing, developing and launching backend systems and are proficient in one of Python or Kotlin.
3. You are familiar with the building blocks of distributed systems, and the technologies like AWS, MySQL and Kubernetes.
4. You have experience designing, developing and launching APIs at scale using languages like Python or Kotlin.
5. You have mastered taking a simple problem or business scenario into a solution that interacts with multiple software components, and executing on it by writing clear, easily understood, well tested and extensible code.
...",not sure,
Senior Software Engineer,2025-08-20,https://jobright.ai/jobs/info/68908bfef5ee707a15db736f?utm_source=1100&utm_campaign=Software Engineering,Remote,United States,Galileo Financial Technologies,1001-5000,"Banking,Decentralized Finance (DeFi)",$1-$2 /yr,"1. Bachelor's Degree in Computer Science or related field
2. 1+ years of experience or demonstrable equivalent, including school projects or internships
3. Demonstrable programming experience, ideally on a modern stack. Internships and relevant school experience will be considered.
4. Willingness to roll up your sleeves, collaborate with others, and get stuff done
5. Some exposure to database and cloud technologies
...",not sure,
Full Stack Developer,2025-08-20,https://jobright.ai/jobs/info/67f973b7f06d5b2b7c5b19ca?utm_source=1100&utm_campaign=Software Engineering,On Site,"Elk Grove, CA",Corpay,1001-5000,"Financial Services,FinTech",$100000-$120000 /yr,"1. 1 to 3 or more years of experience working in Software Development
2. BA/BS in Computer Science, Software Engineering, Human-Computer Interaction, or comparable relevant experience
3. Hands-on software development experience
4. Experience in documenting technical specifications and requirements
5. Ability to multitask and work in nimble, fast-paced development environment
...",not sure,
"Software Development Engineer, Veteran Opportunity",2025-08-20,https://jobright.ai/jobs/info/67dbcef9b274065a06ae8895?utm_source=1100&utm_campaign=Software Engineering,On Site,"Multi Location
Arlington, VA
San Diego, CA
Boulder, CO
Herndon, VA
East Palo Alto, CA
New York, United States
Seattle, WA
Chicago, IL",Amazon Web Services (AWS),10000+,"Consulting,DevOps",$100K-$200K /yr,"1. Bachelor's Degree or higher in Computer Science, Computer Engineering, or related fields with a graduation date between May 2023 - September 2025 or graduated within the last 24 months.
2. Programming experience with at least one modern language such as Java, C++, or C# including object-oriented design
3. Strong knowledge of Computer Science fundamentals in object-oriented design, data structures, algorithm design, problem solving, and complexity analysis",no,
"Software Engineer - Flex Hybrid in Chicago, IL",2025-08-20,https://jobright.ai/jobs/info/68895b629f961617fe213cf2?utm_source=1100&utm_campaign=Software Engineering,Hybrid,"Chicago, IL",Cboe Global Markets,1001-5000,"Banking,Finance",$106K-$131K /yr,"1. A Bachelor’s or Master’s degree in Computer Science or related discipline
2. A Bachelor’s or Master’s degree in another discipline with demonstrated experience (academic or professional) building generative AI applications.
3. 1-3 years of experience building applications in python
4. 1-3 years of experience with react and modern front end development
5. Experience building software in an enterprise setting
...",not sure,
Software Engineer L1 - PyTest/Cypress,2025-08-20,https://jobright.ai/jobs/info/68a69eac758f2e4ac3fe617d?utm_source=1100&utm_campaign=Software Engineering,On Site,"Annapolis Junction, MD","Technology Resource Experts, LLC",11-50,,$175K-$200K /yr,"1. Experience using the Linux CLI
2. Experience developing Bash/Python scripts
3. Experience developing with Python in a Linux environment
4. Experience with web technologies (e.g., HTML, CSS, JavaScript) and web application development
5. Experience with the Cypress testing framework
...",no,
Quality Assurance Engineer I,2025-08-20,https://jobright.ai/jobs/info/68a5ce8bb6a3617d7fa73497?utm_source=1100&utm_campaign=Software Engineering,On Site,"Blacksburg, VA",Moog Aircraft,501-1000,,"$60,000-$80,000 /yr","1. Bachelor's Degree in an engineering field or a bachelor's degree with relative work experience to a quality role.
2. An associate degree with a minimum of 3 years of related experience in a quality role.
3. Experience functioning in a team-based manufacturing environment.",not sure,
Software Dev Engineer II - AMZ26546.1,2025-08-20,https://jobright.ai/jobs/info/6889620109808a6103e47208?utm_source=1100&utm_campaign=Software Engineering,On Site,"Dallas, TX",Amazon Web Services (AWS),10000+,"Consulting,DevOps",$129K-$224K /yr,"1. Bachelor's degree or foreign equivalent degree in Computer Science, Engineering, Mathematics, or a related field
2. one year of experience in the job offered or a related occupation
3. one year of experience in designing and developing large-scale, multi-tiered, multi-threaded, embedded or distributed software applications, tools, systems, and services using: C#, C++, Java, or Perl
4. Object Oriented Design",not sure,
Associate Software Engineer,2025-08-20,https://jobright.ai/jobs/info/688933e209808a6103e45c3e?utm_source=1100&utm_campaign=Software Engineering,On Site,"Boston, MA","InvoiceCloud, Inc.",501-1000,,$80K-$90K /yr,"1. Bachelor’s Degree preferred or equivalent combination of education and experience required
2. 0-2 years’ experience using Microsoft technologies, including: VB.NET, C#, Visual Studio (Web, Console, and Library projects), .NET Framework, ADO.NET, T-SQL.",not sure,yes
"Software Developer II, Site Reliability",2025-08-20,https://jobright.ai/jobs/info/68a33fa91ab5f8579e8a40a7?utm_source=1100&utm_campaign=Software Engineering,On Site,"Multi Location
Raleigh, NC, USA
Sunnyvale, CA, USA
New York, NY, USA
Durham, NC, USA
Seattle, WA, USA
Pittsburgh, PA, USA",Google,10000+,"Apps,Artificial Intelligence (AI)","$118,000-$170,000 /yr","1. Bachelor’s degree in Computer Science, a related field, or equivalent practical experience.
2. 1 year of experience with software development in one or more programming languages during coursework/projects, research, internships, or practical experience in school, work, or Open Source projects.
3. 1 year of experience with data structures or algorithms.",not sure,
Software Engineer L1 - PyTest/Cypress,2025-08-20,https://jobright.ai/jobs/info/68a5c369758f2e4ac3fe06c8?utm_source=1100&utm_campaign=Software Engineering,On Site,"Annapolis Junction, MD","Technology Resource Experts, LLC",11-50,,,"1. Experience using the Linux CLI
2. Experience developing Bash/Python scripts
3. Experience developing with Python in a Linux environment
4. Experience with web technologies (e.g., HTML, CSS, JavaScript) and web application development
5. Experience with the Cypress testing framework
...",no,
Software Engineer  - Capital One Software (Remote),2025-08-20,https://jobright.ai/jobs/info/68a498d0e9f1c744da122cac?utm_source=1100&utm_campaign=Software Engineering,Remote,"Multi Location
Richmond, VA
US Remote",Capital One,10000+,"Banking,Credit Cards","$120,900-$138,000 /yr","1. Bachelor’s Degree
2. At least 1.5 years of experience in software engineering (Internship experience does not apply)",no,
Software Engineer L1 - PyTest/Cypress,2025-08-20,https://jobright.ai/jobs/info/68a5c307758f2e4ac3fe0683?utm_source=1100&utm_campaign=Software Engineering,Hybrid,"Annapolis Junction, MD",Power3 Solutions,11-50,"Business Development,Consulting",,"1. Experience using the Linux CLI
2. Experience developing Bash/Python scripts
3. Experience developing with Python in a Linux environment
4. Experience with web technologies (e.g., HTML, CSS, JavaScript) and web application development
5. Experience with the Cypress testing framework
...",no,
Software Developer,2025-08-20,https://jobright.ai/jobs/info/68a5d30d33dd7158bbc9bebf?utm_source=1100&utm_campaign=Software Engineering,Remote,United States,xSoft,11-50,"Information Technology,Internet",$60K-$90K /yr,"1. Bachelor’s degree in computer science, software engineering, or a related technical field or equivalent experience
2. A solid understanding of how integrated software applications work including security, management, and best development practices
3. Excellent .Net development skills; C# (particularly), .NET Core / ASP.NET Core, jQuery, React, Razor, DevExpress
4. Experience with Microsoft SQL Server
5. Expertise in WPF and XAML; in-depth knowledge of Windows Presentation Foundation (WPF) for building rich user interfaces and proficiency in XAML for UI design and development.
...",not sure,
Full Stack Software Engineer,2025-08-20,https://jobright.ai/jobs/info/68a59f7f33dd7158bbc9b3da?utm_source=1100&utm_campaign=Software Engineering,On Site,"San Francisco, CA",Weekday AI (YC W21),,,$150K-$250K /yr,"1. Strong experience in JavaScript (TypeScript, React, Node.js, Next.js)
2. Strong experience in Python (FastAPI, concurrency)
3. Strong experience in Cloud / DevOps (Azure, Kubernetes, Docker)
4. Strong experience in System Architecture",not sure,
Software Engineer I - Legal & Compliance,2025-08-20,https://jobright.ai/jobs/info/6881f4fcee15177ae9719353?utm_source=1100&utm_campaign=Software Engineering,Hybrid,"Hartford, CT",Travelers,10000+,"Auto Insurance,Insurance",$96K-$159K /yr,"1. Bachelor’s degree or its equivalent in work experience.
2. One year of programming/development experience.",not sure,
QA Analyst,2025-08-19,https://jobright.ai/jobs/info/68a6b015758f2e4ac3fe6e0c?utm_source=1100&utm_campaign=Software Engineering,Remote,United States,AMS (Advanced Medical Strategies),11-50,"Health Care,Hospital",$65K-$75K /yr,"1. Excellent computer proficiency, particularly with Microsoft products.
2. Experience with QA testing of web applications
3. Familiarity with project tracking software such as JIRA and Zoho
4. Familiarity with information security regulations and frameworks such as HITRUST and HIPAA
5. Ability to work independently with extreme attention to detail
...",not sure,
Software Engineer,2025-08-19,https://jobright.ai/jobs/info/68a56b6a758f2e4ac3fdf001?utm_source=1100&utm_campaign=Software Engineering,On Site,"Mountain View, CA",Gen,1001-5000,"Cyber Security,Digital Media",$127K-$140K /yr,"1. Possess a BS / MS Computer Science or equivalent degree.
2. Experience in one or more of the following development languages Java/Kotlin necessary.
3. Have strong competencies in algorithms, software design, data structures, client/server design.
4. Possess technical knowledge of mobile application development and testing (Android).
5. Familiarity with MVVM and clean architecture principles.
...",not sure,
"Software Engineer, Infrastructure, Early Career",2025-08-19,https://jobright.ai/jobs/info/68a3709b37d3cc6b0d576d5e?utm_source=1100&utm_campaign=Software Engineering,Hybrid,"New York, NY",Notion,501-1000,"Apps,Collaboration",$126K-$170K /yr,"1. BS or MS in Computer Science or related field, or equivalent practical experience
2. Proficiency in at least one general‑purpose programming language such as Typescript, Python, Rust, Go, Java, Python, or C++.
3. Solid CS fundamentals in data structures, algorithms, systems, and networking.
4. Experience from internships or projects building backend services, infrastructure, or full stack products.
5. Strong communication skills and a collaborative, product‑minded approach.",not sure,
Software Development Engineer I,2025-08-19,https://jobright.ai/jobs/info/68abf883daf1431824c92a75?utm_source=1100&utm_campaign=Software Engineering,On Site,"Seattle, WA",Remitly,1001-5000,"Financial Services,FinTech",$110K-$138K /yr,"1. A BS in Computer Science or equivalent professional experience
2. Experience in one or more general-purpose languages like Java, JavaScript, Go, PHP, Python, Kotlin, C#, or Ruby
3. Experience following technical best practices across a team
4. 1+ years of experience shipping high-quality products",not sure,
Junior Cloud Engineer,2025-08-19,https://jobright.ai/jobs/info/68a4e1e3758f2e4ac3fdaad5?utm_source=1100&utm_campaign=Software Engineering,Hybrid,"Rockville, MD",Skyward,11-50,"Information Technology,Project Management",$85000-$100000 /yr,"1. Strong foundational experience in cloud computing, networking, and DevOps practices.
2. Proficiency with AWS services (EC2, VPC, IAM, S3, Lambda, etc.).
3. Familiarity with infrastructure-as-code tools like CloudFormation, Terraform, or AWS CDK.
4. Experience scripting in Python, Bash, or similar.
5. Working knowledge of application and network load balancers.
...",no,
Associate Software Engineer (C++),2025-08-19,https://jobright.ai/jobs/info/68a4e2ea758f2e4ac3fdabde?utm_source=1100&utm_campaign=Software Engineering,On Site,"Manhattan, New York, United States",Rockstar Games,1001-5000,"Gaming,PC Games",$70800-$94400 /yr,"1. Knowledge of C/C++ programming language.
2. Experience on a software development team.
3. Proven ability to work with and diagnose unfamiliar code.
4. Ability to accurately and descriptively write bug reports, including reproduction steps.
5. Effective communication skills, research skills, and strong attention to detail.",not sure,
Software Developer Associate - TS/SCI w/Poly,2025-08-19,https://jobright.ai/jobs/info/68a6ab0bb6a3617d7fa7925c?utm_source=1100&utm_campaign=Software Engineering,On Site,"Annapolis Junction, MD",General Dynamics Information Technology,10000+,"Artificial Intelligence (AI),Cloud Computing",$85000-$115000 /yr,"1. Top Secret SCI + Polygraph clearance
2. 0+ years of related experience
3. Software Systems and Software Updates technical skills
4. Application Development and Software Development skills
5. US Citizenship
...",no,yes
Software Engineer I - Android,2025-08-19,https://jobright.ai/jobs/info/68a7f11b33dd7158bbcaa6bb?utm_source=1100&utm_campaign=Software Engineering,On Site,"Englewood, CO",DISH TV,10000+,"Audio,Satellite Communication",$63K-$90K /yr,"1. Bachelor's degree in Computer Science, Computer Engineering, Electrical Engineering, or a related field
2. 1-2 years of experience in software development, preferably with exposure to Linux environments
3. Strong proficiency in Java and/or C/C++ programming languages
4. Experience with Git version control systems and Agile development methodologies
5. Good problem-solving skills and ability to debug complex issues
...",no,
Product Engineer,2025-08-19,https://jobright.ai/jobs/info/68a3b7c937d3cc6b0d57903a?utm_source=1100&utm_campaign=Software Engineering,Hybrid,NYC Metro Area,GPTZero,11-50,"Artificial Intelligence (AI),Information Technology",$140K-$215K /yr,"1. Contributed to significant product building end-to-end experiences from backend to UI
2. Experienced with modern JS web frameworks (React.js, Next.js, and Typescript)
3. Experienced with databases (SQL, NoSQL, and text search)
4. Highly motivated to make impact in a fast-moving workplace
5. Entrepreneurial mindset with a strong sense of ownership
...",not sure,
PDK Engineer,2025-08-19,https://jobright.ai/jobs/info/6888464ffbbf032d00079f9b?utm_source=1100&utm_campaign=Software Engineering,On Site,"Bloomington, MN",Polar Semiconductor,501-1000,"Industrial Engineering,Manufacturing",$77K-$105K /yr,"1. BS in Electrical Engineering/Computer Engineering/Computer Science
2. Proficiency in writing Linux shell scripts, C/C++, PERL, and general programming
3. Proficient in both Windows and Linux environments
4. Strong problem-solving and debugging skills
5. Team oriented spirit and willing to wear multiple hats and eager to learn new skills",not sure,
QA Engineer II,2025-08-19,https://jobright.ai/jobs/info/68a5314e758f2e4ac3fdcb2f?utm_source=1100&utm_campaign=Software Engineering,Hybrid,"Chicago, IL",Strata Decision Technology,251-500,"Accounting,Advice",$70K-$90K /yr,"1. 1-2 years of professional experience in software quality assurance.
2. Excellent problem solving and analytical skills
3. Strong experience with QA methodology
4. Experience with one of the leading test automation tools and frameworks
5. Experience with at least one object-oriented programming language
...",not sure,
Research Engineer - New Grad,2025-08-19,https://jobright.ai/jobs/info/68a528fa758f2e4ac3fdc6a9?utm_source=1100&utm_campaign=Software Engineering,On Site,"Mountain View, CA",Applied Intuition,501-1000,"Artificial Intelligence (AI),Autonomous Vehicles",$170K-$240K /yr,"1. Experience with end-to-end autonomy, multi-view perception, 3D reconstruction, diffusion model for sensory generation, and/or closed-loop behavior generation
2. A passion for scalable, data-driven autonomy for real-world systems
3. Strong research skills and the ability to work both independently and collaboratively on projects",not sure,yes
Jr Infrastructure Engineer,2025-08-19,https://jobright.ai/jobs/info/689bb6c283d13d1f5b6a2f83?utm_source=1100&utm_campaign=Software Engineering,On Site,"Troy, OH",ITW Food Equipment Group,5001-10000,"Agriculture,Food and Beverage",$79K-$98K /yr,"1. Associates or Bachelor’s degree in Computer Science, Computer Engineering, or a related field
2. Problem solvers who are driven, self-motivated, and 'outside of the box' thinkers
3. Proven experience as an IT professional, or relevant role
4. Familiarity with various Windows operating systems and platforms
5. Working knowledge of system security practices and data backup/recovery processes
...",not sure,
Associate Applications Engineer - Snowflake DBA,2025-08-19,https://jobright.ai/jobs/info/68a51d5b33dd7158bbc97467?utm_source=1100&utm_campaign=Software Engineering,On Site,"Nashville, TN",Caterpillar Inc.,10000+,"Construction,Machinery Manufacturing",$73K-$135K /yr,"1. Knowledge of the concepts, methodologies, and activities in technical analysis; ability to forecast the direction of technical landscape using technical indicators and take collective actions.
2. Knowledge of major production application systems used for delivery of services to internal and external clients; ability to leverage major production application systems in diverse situations.
3. Knowledge of approaches, tools, techniques for recognizing, anticipating, and resolving organizational, operational or process problems; ability to apply knowledge of problem solving appropriately to diverse situations.
4. Knowledge of basic activities and deliverables of application design; ability to utilize application design methodologies, tools and techniques to convert business requirements and logical models into a technical application design.
5. Knowledge of how to run applications for organizations; ability to implement application software within an organization and help end-users perform specific tasks.
...",no,
Research Engineer - New Grad,2025-08-19,https://jobright.ai/jobs/info/68a51c63758f2e4ac3fdc030?utm_source=1100&utm_campaign=Software Engineering,On Site,"Mountain View, California, United States",Applied Intuition,501-1000,"Artificial Intelligence (AI),Autonomous Vehicles","$170,000-$240,000 /yr","1. Experience with end-to-end autonomy, multi-view perception, 3D reconstruction, diffusion model for sensory generation, and/or closed-loop behavior generation
2. A passion for scalable, data-driven autonomy for real-world systems
3. Strong research skills and the ability to work both independently and collaboratively on projects",not sure,yes
Web Specialist,2025-08-19,https://jobright.ai/jobs/info/68a51931b6a3617d7fa6e73b?utm_source=1100&utm_campaign=Software Engineering,On Site,"New York, NY",Clearwater Analytics,1001-5000,"Accounting,Analytics",$66K-$94K /yr,"1. Bachelor’s degree in Computer Science, or Certificates in Web Development, or a related field (or equivalent experience).
2. Proven experience in a CMS (WordPress, HubSpot, Wix) development, including custom themes and plugins.
3. Proficiency in HTML, HTML5, CSS, JavaScript, and related frameworks (e.g., jQuery, Bootstrap).
4. 1+ year experience working in WordPress
5. 1+ years experience in CSS, HTML, and JavaScript
...",not sure,
Software Engineer (Full-Stack),2025-08-19,https://jobright.ai/jobs/info/68a4119a541cc3479840a383?utm_source=1100&utm_campaign=Software Engineering,On Site,"Brooklyn, NY",Paces,11-50,"Battery,Data Center",$150K-$200K /yr,"1. 1 yr+ hands on experience with React, TypesScript, Python.
2. You genuinely want to build something people want, enjoy talking to users and learning their needs
3. You are a proactive and fast learner and able to pick up new things quickly",not sure,
"Software Engineer, Early Career",2025-08-19,https://jobright.ai/jobs/info/68a4e2d1758f2e4ac3fdabc0?utm_source=1100&utm_campaign=Software Engineering,On Site,"Multi Location
New York, NY
Boston, MA",Suno,11-50,"Artificial Intelligence (AI),Music",$160K-$160K /yr,"1. Bachelor's or Master's degree in Computer Science, Software Engineering, or related field
2. Strong foundation in computer science fundamentals (data structures, algorithms, software design)
3. Experience with web technologies and modern frameworks (Python, Django, React, or similar) or mobile development through coursework, internships, or personal projects
4. Basic understanding of databases and data storage solutions (SQL, NoSQL)
5. Strong problem-solving skills and attention to detail
...",not sure,
"Software Engineer II, Visualization",2025-08-19,https://jobright.ai/jobs/info/68a5159833dd7158bbc97005?utm_source=1100&utm_campaign=Software Engineering,On Site,"Mountain View, California",Aurora,1001-5000,"Automotive,Autonomous Vehicles","$139,000-$223,000 /yr","1. 1+ years of industry experience building software in a production environment.
2. Deep and demonstrated understanding of computer science fundamentals.
3. Experience working with Javascript or TypeScript to build web applications.
4. Empathy for users and a drive to build clean and elegant UI/UX.",not sure,
Software Engineer,2025-08-19,https://jobright.ai/jobs/info/68a5113b33dd7158bbc96d98?utm_source=1100&utm_campaign=Software Engineering,Hybrid,United States,Ten One Aerospace,1-10,"Aerospace,Industrial Design",$100K-$150K /yr,"1. B.S. or M.S. in Computer Engineering, Electrical Engineering, Aerospace Engineering, Computer Science, or a related technical discipline.
2. Proficient in C/C++ and Python programming for embedded systems.
3. Experience cross compiling and working with ARM or other embedded architectures
4. Experience using Git for source control and GitLab for continuous integration.
5. Experience with Visual Studio & VS Code
...",no,
Associate Software Engineer (C++),2025-08-19,https://jobright.ai/jobs/info/68a5103833dd7158bbc96c6d?utm_source=1100&utm_campaign=Software Engineering,On Site,"Manhattan, NY",Rockstar Games,1001-5000,"Gaming,PC Games",$71K-$94K /yr,"1. Knowledge of C/C++ programming language.
2. Experience on a software development team.
3. Proven ability to work with and diagnose unfamiliar code.
4. Ability to accurately and descriptively write bug reports, including reproduction steps.
5. Effective communication skills, research skills, and strong attention to detail.",not sure,
"Amazon Dedicated Cloud Engineer I, ADC Security Services (A2SE)",2025-08-19,https://jobright.ai/jobs/info/68a50cc5758f2e4ac3fdb7fe?utm_source=1100&utm_campaign=Software Engineering,On Site,"Denver, CO",Amazon Web Services (AWS),10000+,"Consulting,DevOps",$82K-$152K /yr,"1. 1+ years of systems administration experience (Linux/Windows).
2. Experience working with scripting languages.
3. Excellent communication skills and the ability to work well in a team.
4. In lieu of above relevant work experience, degree in Computer Science, Engineering or a related field.
5. Current, active US Government Security Clearance of TS/SCI with Polygraph",no,
"Software Engineer, New Grad - Infrastructure",2025-08-19,https://jobright.ai/jobs/info/68a483d0541cc3479840beba?utm_source=1100&utm_campaign=Software Engineering,Hybrid,"Palo Alto, CA",Palantir Technologies,1001-5000,"Analytics,Big Data",$145K-$155K /yr,"1. Engineering background in fields such as Computer Science, Mathematics, Software Engineering, or Physics.
2. Familiarity with data structures, storage systems, cloud infrastructure, frontend frameworks, and other technical tools.
3. Experience coding in programming languages, such as Java, C++, Python, TypeScript, JavaScript, or similar languages.",no,yes
Associate Applications Engineer - Snowflake DBA,2025-08-19,https://jobright.ai/jobs/info/68a506ec33dd7158bbc9690e?utm_source=1100&utm_campaign=Software Engineering,On Site,"Nashville, Tennessee",Caterpillar Inc.,101-250,,"$72,672-$135,444 /yr","1. Knowledge of the concepts, methodologies, and activities in technical analysis; ability to forecast the direction of technical landscape using technical indicators and take collective actions.
2. Knowledge of major production application systems used for delivery of services to internal and external clients; ability to leverage major production application systems in diverse situations.
3. Knowledge of approaches, tools, techniques for recognizing, anticipating, and resolving organizational, operational or process problems; ability to apply knowledge of problem solving appropriately to diverse situations.
4. Knowledge of basic activities and deliverables of application design; ability to utilize application design methodologies, tools and techniques to convert business requirements and logical models into a technical application design.
5. Knowledge of how to run applications for organizations; ability to implement application software within an organization and help end-users perform specific tasks.
...",no,
Loss Mitigation Quality Assurance Specialist,2025-08-19,https://jobright.ai/jobs/info/68a4fad133dd7158bbc964fe?utm_source=1100&utm_campaign=Software Engineering,Hybrid,"Lone Tree, CO",Canvas Credit Union,501-1000,"Banking,Financial Services",$21-$27 /hr,"1. Demonstrated knowledge of compliance requirements, quality control in the financial services industry.
2. Strong verbal, written and interpersonal communication skills with the ability to explain credit union products and programs, loan terms, features, policies and benefits to members and prospective members.
3. Strong attention to detail and excellent organizational skills; ability to manage multiple priorities and deadlines.
4. Strong analytical and problem solving skills.
5. Strong relationship building and teamwork skills.
...",not sure,
Application Analyst I - Epic Radiant,2025-08-19,https://jobright.ai/jobs/info/68a5413633dd7158bbc9854e?utm_source=1100&utm_campaign=Software Engineering,On Site,"New York, NY",Memorial Sloan Kettering Cancer Center,10000+,"Education,Health Care",$91K-$145K /yr,"1. Active certification in EPIC Radiant required
2. Proven ability to work independently while contributing within cross-functional teams.
3. Strong understanding of business process analysis and system design.
4. Ability to work in a high volume environment with limited supervision
5. Ability to clarify ambiguous problems and deliver innovative solutions.
...",not sure,
"Software Engineer, Global Payment Privacy",2025-08-19,https://jobright.ai/jobs/info/68a4e9af758f2e4ac3fdad4f?utm_source=1100&utm_campaign=Software Engineering,On Site,"San Jose, CA",ByteDance,10000+,"Content,Data Mining",$119K-$259K /yr,"1. BS or higher degree (PhD preferred) in Computer Science, Computer Engineering, or a related field.
2. Strong programming skills in one or more languages: Go, Java, Python, C/C++, etc.
3. Familiarity with distributed systems, backend API development, or cloud computing.
4. Basic understanding of data privacy regulations (e.g., PCI-DSS, GDPR, CCPA).
5. Passion for building privacy-first applications.
...",not sure,
Application Analyst I - Epic Radiant,2025-08-19,https://jobright.ai/jobs/info/68a4ddd0541cc3479840ec7d?utm_source=1100&utm_campaign=Software Engineering,On Site,"New York, NY",Memorial Sloan Kettering Cancer Center,10000+,"Education,Health Care","$90,700-$145,300 /yr","1. Active certification in EPIC Radiant required
2. Proven ability to work independently while contributing within cross-functional teams.
3. Strong understanding of business process analysis and system design.
4. Ability to work in a high volume environment with limited supervision
5. Ability to clarify ambiguous problems and deliver innovative solutions.
...",not sure,
Software Engineer III,2025-08-19,https://jobright.ai/jobs/info/68a57c7633dd7158bbc9af3d?utm_source=1100&utm_campaign=Software Engineering,On Site,"Denver, CO",Audubon Companies,1001-5000,"Consulting,Energy",$15-$15 /hr,"1. Available at least one weekend day
2. Comfortable working in an outdoor environment
3. Aged 16 or older",not sure,
Associate Full Stack Engineer I,2025-08-19,https://jobright.ai/jobs/info/68a4c53d2d2a252445cd901a?utm_source=1100&utm_campaign=Software Engineering,Remote,United States,Origami Risk,501-1000,"Insurance,Risk Management",$67K-$85K /yr,"1. Bachelor’s Degree in Computer Science or related field.
2. Technology expertise ideally includes ASP.NET, MVC, SQL Server, C#, HTML/CSS, and JavaScript or other OOP experience.",not sure,
"Amazon Dedicated Cloud Engineer I, ADC Security Services (A2SE)",2025-08-19,https://jobright.ai/jobs/info/68a4a9092d2a252445cd8329?utm_source=1100&utm_campaign=Software Engineering,On Site,"Denver, Colorado, USA",Amazon,10000+,"Delivery,E-Commerce","$81,900-$152,000 /yr","1. 1+ years of systems administration experience (Linux/Windows).
2. Experience working with scripting languages.
3. Excellent communication skills and the ability to work well in a team.
4. In lieu of above relevant work experience, degree in Computer Science, Engineering or a related field.
5. Current, active US Government Security Clearance of TS/SCI with Polygraph",no,
QA Analyst I,2025-08-19,https://jobright.ai/jobs/info/68ae52b0758f2e4ac3012bea?utm_source=1100&utm_campaign=Software Engineering,Hybrid,US-CO-Denver,Vertafore,1001-5000,"Business Development,Information Technology",$24.04-$24.04 /hr,"1. Maintain knowledge of current applications
2. Use available tools to provide project tracking, documentation, and status
3. Ensure timely and effective delivery of the solution from one phase to the next
4. Analyze business specs to plan, develop, and implement detailed test strategies
5. Adaptable to changing priorities and can quickly get things done and 'figure it out' with minimal requirements and guidance
...",no,
Member of Technical Staff 2,2025-08-19,https://jobright.ai/jobs/info/68ae06db758f2e4ac30107af?utm_source=1100&utm_campaign=Software Engineering,Hybrid,"San Jose, California",Nutanix,5001-10000,"Data Center,Enterprise Software","$145,600-$218,000 /yr","1. Bachelor's degree ONLY in Computer Science or related field.
2. 1-4 years overall experience in building and shipping production-grade services.
3. Deep experience with application and services development in a cloud environment, distributed systems design, API design and API backend frameworks.
4. Solid understanding of operating systems and hypervisor concepts.
5. Strong understanding of API nomenclatures and service-oriented architecture.
...",no,
"Amazon Dedicated Cloud Engineer, EC2, VPN, TGW, IP Management",2025-08-19,https://jobright.ai/jobs/info/68a4b829e9f1c744da1238d1?utm_source=1100&utm_campaign=Software Engineering,On Site,"Herndon, VA",Amazon Web Services (AWS),10000+,"Consulting,DevOps",$82K-$152K /yr,"1. A+ or CND (Certified Network Defender) or Network+ or Security+
2. 1+ years of systems administration experience (Linux/Windows or Networking)
3. Strong debugging and systems analysis skills to be able to identify and quickly resolve/mitigate issues
4. Experience working with at least one scripting language
5. Current, active US Government Security Clearance of TS/SCI with Polygraph",no,
Epic Analyst I - EpicCare Ambulatory and Bones,2025-08-19,https://jobright.ai/jobs/info/68a382d137d3cc6b0d577c8c?utm_source=1100&utm_campaign=Software Engineering,On Site,"Greater Birmingham, Alabama Area",UAB Medicine,1001-5000,"Biotechnology,Health Care",$58K-$94K /yr,"1. Bachelor's degree in Information Technology or a related field required. Work experience may substitute for education requirement.
2. Epic certification in area of support or certification obtained within 12 weeks of completing Epic training with no more than two (2) testing attempts required.
3. EpicCare Ambulatory certification and Bones certification",not sure,
QA Engineer II,2025-08-19,https://jobright.ai/jobs/info/68a4a875e9f1c744da1231ae?utm_source=1100&utm_campaign=Software Engineering,Hybrid,"Chicago, IL",Strata Decision Technology,251-500,"Accounting,Advice",$70000-$90000 /yr,"1. 1-2 years of professional experience in software quality assurance.
2. Excellent problem solving and analytical skills
3. Strong experience with QA methodology
4. Experience with one of the leading test automation tools and frameworks
5. Experience with at least one object-oriented programming language
...",not sure,
Software Dev Engineer III - AMZ9442498,2025-08-19,https://jobright.ai/jobs/info/68a89afb6acf96396f7212e7?utm_source=1100&utm_campaign=Software Engineering,On Site,"Boston, Massachusetts, USA",Amazon,10000+,"Delivery,E-Commerce","$168,100-$227,400 /yr","1. Master's degree or foreign equivalent degree in Computer Science, Engineering, Mathematics, or a related field and one year of experience in the job offered, or as a Software Engineer, Software Developer, or a related occupation.
2. Employer will accept a Bachelor's degree or foreign equivalent degree in Computer Science, Engineering, Mathematics, or a related field and five years of progressive post-baccalaureate experience in the job offered or a related occupation as equivalent to the Master's degree and one year of experience.
3. Must have one year of experience in the following skill(s): (1) providing technical leadership and project management for all aspects of the software development lifecycle; and (2) designing and developing large-scale, multi-tiered, distributed software applications, tools, systems or services using: (i.) Object Oriented Design, (ii.) distributed programming, and (iii.) C#, C++, or Java.",not sure,
Development Engineer I,2025-08-19,https://jobright.ai/jobs/info/68a49c9ce9f1c744da122d59?utm_source=1100&utm_campaign=Software Engineering,Hybrid,"Aliso Viejo, CA",LG Electronics North America,1001-5000,,$62K-$77K /yr,"1. Bachelor’s degree in Computer Science, Electric Engineering, or a related field
2. 0+ years or equivalent experience in automotive component development or test.
3. 3+ years or equivalent engineering experience with developing and/or testing an automotive component
4. 5+ years or equivalent experience delivering high-quality products or services to automotive companies
5. Prior experience and/or knowledge of Vehicle Infotainment features & Telematics and Vehicle interface technology products knowledge
...",not sure,yes
Quality Assurance Engineer,2025-08-19,https://jobright.ai/jobs/info/68a49c72e9f1c744da122d2e?utm_source=1100&utm_campaign=Software Engineering,On Site,"Huntsville, AL",LG Electronics North America,1001-5000,,$65K-$75K /yr,"1. Bachelor’s degree (or equivalent) in engineering or related field with 1-3 years of experience in Quality
2. Bilingual (English and Korean) – a must
3. Attention to detail
4. Great communication skills
5. Working knowledge of quality assurance terminology, methods, and tools
...",not sure,
Senior Engineer - Firmware Engineer,2025-08-19,https://jobright.ai/jobs/info/6887cc4dfbbf032d00076979?utm_source=1100&utm_campaign=Software Engineering,On Site,"Santa Clara, CA",Marvell Technology,5001-10000,"DSP,Internet of Things","$89,360-$133,900 /yr","1. Bachelor’s or master’s degree in computer engineering or electrical engineering; other majors may be considered if your background demonstrates strong knowledge in the area
2. 0-2 years of relevant experience
3. Strong proficiency in C and Python and a fundamental understanding of firmware and software architecture
4. Willingness to learn and work effectively in a collaborative team environment",not sure,yes
"Amazon Dedicated Cloud Engineer, EC2, VPN, TGW, IP Management",2025-08-19,https://jobright.ai/jobs/info/68a48b252d2a252445cd7712?utm_source=1100&utm_campaign=Software Engineering,On Site,"Herndon, Virginia, USA",Amazon,10000+,"Delivery,E-Commerce",$81900-$152000 /yr,"1. A+ or CND (Certified Network Defender) or Network+ or Security+
2. 1+ years of systems administration experience (Linux/Windows or Networking)
3. Strong debugging and systems analysis skills to be able to identify and quickly resolve/mitigate issues
4. Experience working with at least one scripting language
5. Current, active US Government Security Clearance of TS/SCI with Polygraph",no,
"Associate Director, Software Development - Model Development - New York",2025-08-19,https://jobright.ai/jobs/info/68a483b52d2a252445cd734a?utm_source=1100&utm_campaign=Software Engineering,Hybrid,"New York, NY",Fitch Ratings,1001-5000,"Financial Services,Information Services",$110K-$130K /yr,"1. Bachelor’s Degree or higher in Computer Science or any Engineering discipline
2. Solid knowledge in Python or any other object-oriented programming language (e.g., JAVA, C++, C#)
3. Excellent working experience in developing highly scalable, reliable and functional back-end systems
4. Excellent quantitative aptitude & problem-solving skills
5. Strong team player & great work ethic
...",not sure,
Software Engineer - Ads Supply,2025-08-19,https://jobright.ai/jobs/info/67bf99eac68ad3fcea38e0c7?utm_source=1100&utm_campaign=Software Engineering,On Site,"San Francisco, CA",Twitch,1001-5000,"Gaming,Media and Entertainment",$100K-$200K /yr,"1. 1+ Years experience developing software in a professional environment
2. Prior experience building consumer-facing products at scale
3. Proficient coding skills in modern languages and frameworks
4. Proven ability with algorithms, data structures, data modeling, and schema design
5. Minimum of Bachelor’s degree in Computer Science or equivalent experience",not sure,
Software Development Engineer I - Frontend & Mobile,2025-08-19,https://jobright.ai/jobs/info/6888166f73e3e13cbd9422f6?utm_source=1100&utm_campaign=Software Engineering,On Site,"San Francisco, CA",Twitch,1001-5000,"Gaming,Media and Entertainment",$100K-$200K /yr,"1. 1+ Years experience developing software in a professional environment
2. Prior experience building consumer-facing products at scale
3. Proficient coding skills in modern languages and frameworks such as React, Kotlin, Swift, Objective-C etc
4. Proven ability with thinking though and delivering quality user experiences.
5. Minimum of Bachelor’s degree in Computer Science or equivalent experience",not sure,
"Business Analyst/Quality Assurance Tester, Agency IT Specialist II (NCS) - Department of Finance",2025-08-19,https://jobright.ai/jobs/info/6887ed834174df41e0fa1a94?utm_source=1100&utm_campaign=Software Engineering,On Site,"Baltimore, MD",City of Baltimore,10000+,"Government,News",$75K-$120K /yr,"1. Have a Bachelor of Science degree.
2. Have one year of related specialty IT experience (for example, but not limited to: system engineering, network engineering, information security, application programming, systems design, hierarchical/relational database management, GIS experience, custom report writing, or developing and supporting cloud-based software integrations).
3. Excellent verbal and written communication skills.
4. Ability to perform Quality Assurance (Testing) on any new features installed on the Tyler Technologies MUNIS System.
5. Experience managing software release updates; including coordinating with stakeholders, developing and conducting testing on release modifications.
...",not sure,
"Software Engineer, New Grad - Infrastructure",2025-08-19,https://jobright.ai/jobs/info/68a457382d2a252445cd6979?utm_source=1100&utm_campaign=Software Engineering,Hybrid,"Palo Alto, CA",Palantir Technologies,1001-5000,"Analytics,Big Data",$145000-$155000 /yr,"1. Engineering background in fields such as Computer Science, Mathematics, Software Engineering, or Physics.
2. Familiarity with data structures, storage systems, cloud infrastructure, frontend frameworks, and other technical tools.
3. Experience coding in programming languages, such as Java, C++, Python, TypeScript, JavaScript, or similar languages.
4. Active US Security clearance, or eligibility and willingness to obtain a US Security clearance.
5. Ability to communicate and collaborate with a variety of individuals, including engineers, users and non-technical team members.
...",no,yes
"Software Engineer, New Grad - Production Infrastructure",2025-08-19,https://jobright.ai/jobs/info/68a4572be9f1c744da121974?utm_source=1100&utm_campaign=Software Engineering,Hybrid,"Multi Location
Washington, D.C.
Seattle, WA
New York, NY",Palantir Technologies,1001-5000,"Analytics,Big Data",$145000-$155000 /yr,"1. Engineering background in fields such as Computer Science, Mathematics, Software Engineering, and Physics.
2. Familiarity with data structures, storage systems, cloud infrastructure, front-end frameworks, and other technical tools.
3. Experience coding in programming languages, such as Java, C++, Python, JavaScript, or similar languages.
4. Ability to communicate and collaborate with a variety of individuals, including engineers, users and non-technical team members.
5. Willingness to learn and make decisions independently, and the ability to ask questions effectively.
...",no,yes
Single Family Software Developer Analyst,2025-08-19,https://jobright.ai/jobs/info/6887529d73e3e13cbd93d214?utm_source=1100&utm_campaign=Software Engineering,On Site,"McLean, VA",Freddie Mac,5001-10000,"Finance,Financial Services",$77K-$115K /yr,"1. Bachelor’s degree in computer science, Computer Engineering or related software development experience and coursework
2. Graduating in December 2025 or May 2026 with availability to begin full time employment in January 2026 or June 2026 as a full-time employee
3. College-level experience with coding practices and languages (such as Java, C/C++, Python, Angular/Springboot, or others)
4. Effective communication skills, both written and verbal
5. Ability to interact and work in individual and/or team basis
...",not sure,
Software Engineer,2025-08-19,https://jobright.ai/jobs/info/68a42228541cc3479840abd5?utm_source=1100&utm_campaign=Software Engineering,Remote,"Redwood City, CA",Synthego,101-250,"Artificial Intelligence (AI),Biotechnology","$120,000-$140,000 /yr","1. Bachelor's degree in engineering or science, or equivalent work experience
2. Experience with Python, Git, Linux, and containers
3. Excellent writer and speaker",not sure,
"Software Engineer I (Java, AWS, JSF)",2025-08-19,https://jobright.ai/jobs/info/687f3bb4764c3d7411c4a456?utm_source=1100&utm_campaign=Software Engineering,Hybrid,"St Paul, MN",Travelers,10000+,"Auto Insurance,Insurance",$96K-$159K /yr,"1. Experience with Java required.
2. Bachelor’s degree or its equivalent in work experience.
3. One year of programming/development experience.
4. Intermediate delivery skills including the ability to deliver work at a steady, predictable pace to achieve commitments, decompose work assignments into small batch releases and contribute to tradeoff and negotiation discussions.
5. Demonstrated track record of domain expertise including the ability to understand technical concepts necessary to do the job effectively, demonstrate willingness, cooperation, and concern for business issues and possess in-depth knowledge of immediate systems worked on.
...",not sure,
Java Web Developer,2025-08-18,https://jobright.ai/jobs/info/68a81a37d627244576e31026?utm_source=1100&utm_campaign=Software Engineering,On Site,"Utah, United States",Systems Implementers Inc.,51-100,Professional Services,$75K-$80K /yr,"1. Expertise in Java EE, specifically Spring
2. Experience with Angular 5+ to develop large-scale applications
3. Experience with Oracle or Postgres in an enterprise environment
4. Experience with web development using HTML/CSS/JavaScript/TypeScript
5. Experience troubleshooting skills and the ability to problem solve
...",no,
Programmer Analyst,2025-08-18,https://jobright.ai/jobs/info/68ad4f29daf1431824c9c0fe?utm_source=1100&utm_campaign=Software Engineering,On Site,"Boca Raton, FL",Florida Atlantic University,1001-5000,"Education,Higher Education",$72000-$77000 /yr,1. Bachelor's Degree from an accredited institution and one year of appropriate experience; or HS Diploma and 4 years of appropriate experience required.,not sure,
Quality Assurance Analyst Associate,2025-08-18,https://jobright.ai/jobs/info/68ad3ba9daf1431824c9b674?utm_source=1100&utm_campaign=Software Engineering,On Site,"Ann Arbor, MI",University of Michigan Information and Technology Services,251-500,,$51K-$56K /yr,"1. Bachelor's degree, preferably in computer science, business computing or a related field or equivalent combination of education, certification, and experience.
2. Minimum 1 year working in a role providing end user technical support.
3. Knowledge of some or all of the following technologies: Mac and Windows operating systems, Windows deployment systems, Group Policy, the Windows Registry, Powershell, and desktop backup software.
4. Ability to perform day-to-day administration tasks, troubleshooting, root-cause analysis, and service restoration.
5. Attention to detail and the ability to get things done quickly and properly.
...",not sure,
Software Engineer 1,2025-08-18,https://jobright.ai/jobs/info/68a6937a33dd7158bbca0ca2?utm_source=1100&utm_campaign=Software Engineering,On Site,"Conklin, NY",Universal Instruments Corporation,251-500,Manufacturing,$70K-$75K /yr,"1. BS in Computer Science, BSEE or equivalent combination of software development experience and relevant education (ex. AAS and 2 years)
2. Codes well defined software modules
3. Handles routine product development, support issues and customer interaction
4. Uses accepted software tools and methods to test, debug and document applications
5. Develops small to medium software applications and utilities
...",not sure,
Front Server,2025-08-18,https://jobright.ai/jobs/info/68ad2433daf1431824c9aaeb?utm_source=1100&utm_campaign=Software Engineering,On Site,"Detroit, MI",Oak and Reel,11-50,,$30-$50 /hr,"1. A warm, positive, and professional demeanor
2. Strong food and beverage knowledge with a desire to learn
3. Ability to multitask and stay organized in a fast-paced setting
4. Effective communication and teamwork skills
5. Availability to work Friday-Sunday",not sure,
"Software Engineer I, VRBE",2025-08-18,https://jobright.ai/jobs/info/68a3d6341ab5f8579e8a8ced?utm_source=1100&utm_campaign=Software Engineering,Hybrid,"Seattle, WA",Axon,1001-5000,"Electronics,GovTech",$106K-$170K /yr,"1. 1-3 years of software development experience in a collaborative team setting
2. Well-developed programming fundamentals with proficiency in a modern programming language (Java, C#, Python, JavaScript, TypeScript etc) and familiarity with frontend frameworks (React, Vue etc)
3. Experience with RESTful APIs, databases (SQL or NoSQL), and cloud technologies (AWS, GCP or Azure)
4. Ability to deliver clear, maintainable, and testable code
5. Are a team player, with strong communication skills, and willingness to seek clarity and direction when requirements are ambiguous
...",not sure,
Scheduler - Kiewit Infrastructure Engineers,2025-08-18,https://jobright.ai/jobs/info/68a3c3be1ab5f8579e8a8191?utm_source=1100&utm_campaign=Software Engineering,On Site,"Lone Tree, CO",Kiewit,10000+,"Building Material,Construction",$83000-$89000 /yr,"1. Bachelor's degree in Engineering, Construction Management or related degree required
2. 0-2 years of scheduling experience preferred
3. Ability to read and interpret construction drawings and specifications
4. The ability to freely access all points of a construction site in wide-ranging climates and environment
5. Working knowledge of computers and experience with Microsoft Excel
...",not sure,yes
Software Engineer Associate,2025-08-18,https://jobright.ai/jobs/info/68a9bbff6acf96396f728c7a?utm_source=1100&utm_campaign=Software Engineering,On Site,"Multi Location
Huntsville Alabama
Possible",Lockheed Martin,10000+,"Aerospace,Cyber Security","$60,200-$106,030 /yr","1. Experience writing software in C++ or Python
2. Good understanding of software development practices and software process
3. Good interpersonal skills and good communication skills, both written and oral
4. Must have an active DoD Secret clearance or higher
5. Bachelor’s Degree in a STEM related discipline from an accredited university
...",no,
QA Analyst (Temp),2025-08-18,https://jobright.ai/jobs/info/68a3b3371ab5f8579e8a79e1?utm_source=1100&utm_campaign=Software Engineering,On Site,"Austin, TX",Daybreak Game Company LLC,501-1000,"Gamification,Gaming",$14-$17 /hr,"1. Proficient in QA Methodologies and best practices
2. Excellent written and verbal communication
3. Raises visibility on high severity issues
4. 1 year of quality assurance experience
5. Passion for games and Quality Assurance",not sure,
"Software Engineer, 2025 New Grad,  Notifications Platform",2025-08-18,https://jobright.ai/jobs/info/68a3b07837d3cc6b0d578cf4?utm_source=1100&utm_campaign=Software Engineering,On Site,"Multi Location
Los Angeles, CA
San Francisco, CA
New York, NY",Whatnot,501-1000,"Collectibles,E-Commerce",$130K-$140K /yr,"1. Graduated with a CS or Software Engineering degree in Dec 2024 or by Summer 2025
2. Some industry software engineering experience
3. Problem solver and out-of-the-box thinker
4. Willing to take risks and build product and systems for 1M+ users
5. Capable of building scalable systems
...",not sure,yes
Software Engineer,2025-08-18,https://jobright.ai/jobs/info/68a3a8db403ad4363b1c2cb4?utm_source=1100&utm_campaign=Software Engineering,On Site,"Durham, NC",General Atomics Integrated Intelligence,,,$62K-$106K /yr,"1. Typically requires a bachelors degree in computer science, information systems or related discipline. May substitute equivalent experience in lieu of education.
2. Familiarity with Java, Scala, or similar programming languages
3. Understanding of basic software development principles and version control systems (e.g., Git)
4. Strong desire to learn and grow in a mission-focused engineering environment
5. Excellent written and verbal communication skills",not sure,
Software Engineer II,2025-08-18,https://jobright.ai/jobs/info/68a3a7871ab5f8579e8a7455?utm_source=1100&utm_campaign=Software Engineering,On Site,"New York, NY, US",Pinterest,1001-5000,"Internet,Social Bookmarking",$188870.85-$244872 /yr,"1. Master’s degree (or its foreign degree equivalent) in Computer Science, Engineering (any field), or closely related quantitative discipline
2. one (1) year of experience in the job offered or in any occupation in related field
3. (1) AB Testing
4. (2) Hadoop
5. (3) Airflow
...",no,
Quality Assurance Specialist,2025-08-18,https://jobright.ai/jobs/info/68a408ab2d2a252445cd508c?utm_source=1100&utm_campaign=Software Engineering,On Site,"Irvine, CA","GIT AMERICA, INC",11-50,,$50K-$60K /yr,"1. Computer proficiency including MS Office Suite
2. Fluency in English and Korean
3. US citizenship preferred for port entry
4. Strong analytical aptitude and problem-solving skills
5. Exceptional communication and interpersonal abilities
...",not sure,
IT Software Engineer -EMS,2025-08-18,https://jobright.ai/jobs/info/68a88f28d627244576e338f6?utm_source=1100&utm_campaign=Software Engineering,Hybrid,RBJ Health Center,City of Austin,10000+,Association,$33.49-$42.71 /hr,"1. Graduation with a Bachelor’s degree from an accredited college or university with major course work in a field related to the job, plus one (1) year experience
2. Experience may substitute for education up to four (4) years
3. Knowledge of software design concepts, application servers, middleware applications and other software-related tools and concepts.
4. Knowledge of programming languages like Javascript, C++, Python, Java etc.
5. Knowledge of software development lifecycles and agile development methodologies.
...",not sure,
"Software Engineer I, VRBE",2025-08-18,https://jobright.ai/jobs/info/68a3923e1ab5f8579e8a6ef8?utm_source=1100&utm_campaign=Software Engineering,Hybrid,"Atlanta, Georgia, United States",Axon,1001-5000,"Electronics,GovTech",,"1. 1-3 years of software development experience in a collaborative team setting
2. Well-developed programming fundamentals with proficiency in a modern programming language (Java, C#, Python, JavaScript, TypeScript etc) and familiarity with frontend frameworks (React, Vue etc)
3. Experience with RESTful APIs, databases (SQL or NoSQL), and cloud technologies (AWS, GCP or Azure)
4. Ability to deliver clear, maintainable, and testable code
5. Are a team player, with strong communication skills, and willingness to seek clarity and direction when requirements are ambiguous
...",not sure,
"Software Developer II, Site Reliability",2025-08-18,https://jobright.ai/jobs/info/68a38c9637d3cc6b0d57800d?utm_source=1100&utm_campaign=Software Engineering,On Site,"Multi Location
Raleigh, NC
Durham, NC",Google,10000+,"Apps,Artificial Intelligence (AI)",$118K-$170K /yr,"1. Bachelor’s degree in Computer Science, a related field, or equivalent practical experience.
2. 1 year of experience with software development in one or more programming languages during coursework/projects, research, internships, or practical experience in school, work, or Open Source projects.
3. 1 year of experience with data structures or algorithms.",not sure,
Mobile Software Engineer - Android (Remote),2025-08-18,https://jobright.ai/jobs/info/6880ec28f4f06100f3a220c5?utm_source=1100&utm_campaign=Software Engineering,Remote,"Arizona, United States",Jenius Bank,101-250,"Banking,FinTech",$88K-$105K /yr,"1. Bachelor’s degree in computer science or equivalent.
2. 1+ years of experience Android 6.0 (API level 23) +, GitHub examples, or an application on Google Play
3. 1+ years of experience with Kotlin or Java
4. Understanding of UI and Unit testing
5. Understanding of dependency injection
...",not sure,
"Senior Associate, Software Engineer",2025-08-18,https://jobright.ai/jobs/info/68acc0a0d627244576e48d40?utm_source=1100&utm_campaign=Software Engineering,On Site,"New York, NY",Capital One,10000+,"Banking,Credit Cards",$145100-$165600 /yr,"1. Bachelor’s Degree
2. At least 1.5 years of experience in software engineering (Internship experience does not apply)",no,
Technology Analyst - Software Developer/Programmer,2025-08-18,https://jobright.ai/jobs/info/68a37cba403ad4363b1c193d?utm_source=1100&utm_campaign=Software Engineering,On Site,"McLean, VA",Freddie Mac,5001-10000,"Finance,Financial Services",$67K-$101K /yr,"1. Undergraduate degree in Computer Science, Computer Engineering or related, relevant experience and coursework
2. College-level experience with coding practices and languages (such as Java, C/C++, Python, Automation/AI/ML, AWS/Cloud Stack, Networking, Data Analytics or others)
3. Graduation no more than 18 months prior to January to June 2026 start date
4. Demonstrated analytical ability and problem-solving skills
5. Excellent verbal and written communication
...",not sure,
Temporary Full Stack Developer,2025-08-18,https://jobright.ai/jobs/info/68a37c8b1ab5f8579e8a63c0?utm_source=1100&utm_campaign=Software Engineering,On Site,"Raleigh, NC",North Carolina State University,5001-10000,"Education,Non Profit",$27-$40 /hr,"1. A Bachelor’s degree or more in Computer Science with at least 1 year experience of computer programming
2. Knowledge of SQL database, GitHub, Adobe ColdFusion, Python, Angular and JavaScript",not sure,
Production Software Engineer II,2025-08-18,https://jobright.ai/jobs/info/689db43583d13d1f5b6b3a3b?utm_source=1100&utm_campaign=Software Engineering,Remote,United States,Oracle,10000+,"Data Governance,Data Management",$29-$67 /hr,"1. Must have the ability to obtain and maintain federal security clearance necessary for this role, which requires being a US citizen.
2. Bachelor of Science degree in Computer Science, Computer Engineering, Software Engineering, Computer Information Systems, Information Systems, Information Technology or related field, or equivalent, relevant work experience
3. 1-8 years of professional experience programming or troubleshooting Java code (or equivalent such as C++ or C#)
4. Databases, data models, and schema (ex: Oracle MySQL)
5. Linux OS via command line
...",no,
"Sr. Associate, Software Engineer, Back End",2025-08-18,https://jobright.ai/jobs/info/68a378cd1ab5f8579e8a6111?utm_source=1100&utm_campaign=Software Engineering,On Site,"San Francisco,  CA",Capital One,10000+,"Banking,Credit Cards",$145100-$165600 /yr,"1. Bachelor’s Degree
2. At least 1.5 years of professional software engineering experience (Internship experience does not apply)",no,
Junior R&D Software Engineer,2025-08-18,https://jobright.ai/jobs/info/689ea59179a9f9666254e738?utm_source=1100&utm_campaign=Software Engineering,On Site,"Mountain View, CA",Baidu USA,101-250,,$112K-$146K /yr,"1. Excellent coding skills underpinned by a strong grasp of algorithms, data structures, and libraries
2. Proven ability to troubleshoot and debug within complex software environments
3. Proficiency with backend development languages, cloud infrastructure, data frameworks (e.g., Spark), and database systems (SQL/NoSQL)
4. Solid software engineering practices including version control, unit testing, modular design, and clean interfaces
5. Self-starter mentality: resourceful, analytical, and comfortable with ambiguity
...",not sure,
Junior Software Development Engineer,2025-08-18,https://jobright.ai/jobs/info/689fd0f383d13d1f5b6cb2e4?utm_source=1100&utm_campaign=Software Engineering,Hybrid,"San Diego, CA","Veracyte, Inc.",501-1000,"Biotechnology,Health Care",$113K-$131K /yr,"1. Bachelor’s degree in Computer Science, Engineering, or a related field.
2. 1-2 years of experience in software development.
3. Proficiency in Python programming.
4. Experience with core AWS services such as EC2, S3, Lambda, or ECS.
5. Excellent problem-solving skills and the ability to work independently or as part of a team.
...",not sure,
Full-Stack Software Engineer (Jr/Mid level),2025-08-18,https://jobright.ai/jobs/info/68a2628afaa4e875e8295eee?utm_source=1100&utm_campaign=Software Engineering,On Site,"San Francisco, CA",Teambridge,51-100,,$120K-$180K /yr,"1. A degree in Computer Science or a related field, or equivalent hands-on experience.
2. 1–4 years of experience building web applications (backend, frontend, or both).
3. Exposure to backend languages like Java, Go, Python, or Node.js.
4. Familiarity with frontend frameworks (ideally React and TypeScript).
5. A collaborative mindset and an eagerness to learn from and support teammates.
...",not sure,
Publishing Product Engineer I - ArcGIS Enterprise,2025-08-18,https://jobright.ai/jobs/info/68a36eeb37d3cc6b0d576ba5?utm_source=1100&utm_campaign=Software Engineering,Hybrid,"Redlands, CA",Esri,5001-10000,"3D Technology,Analytics",$69K-$104K /yr,"1. 1+ years of professional experience in a similar engineering environment
2. Experience applying analytical problem-solving skills to deliver innovative and effective solutions
3. Proven ability to analyze complex challenges and develop actionable strategies
4. Exceptional time management and organizational skills to meet deadlines without compromising quality
5. Thrives in highly collaborative, team-oriented environments while contributing individual expertise
...",not sure,
Application Developer,2025-08-18,https://jobright.ai/jobs/info/68a36ec31ab5f8579e8a583e?utm_source=1100&utm_campaign=Software Engineering,On Site,"Redlands, CA",Esri,5001-10000,"3D Technology,Analytics",$69K-$107K /yr,"1. 1+ years of experience in software development, preferably with Python
2. Interest in or exposure to LLMs, AI agents, RAG pipelines, or vector databases
3. Proficiency in OOP languages and working with REST APIs
4. Knowledge of relational databases, such as SQL, and NoSQL databases such as MongoDB
5. Experience with version control systems, such as Git
...",no,
Software Engineer (Modeling &amp; Simulation) Early Career,2025-08-18,https://jobright.ai/jobs/info/68aa0b8d6acf96396f729812?utm_source=1100&utm_campaign=Software Engineering,On Site,Possible,Lockheed Martin,10000+,"Aerospace,Cyber Security","$20,904-$67,288 /yr","1. BS Degree in Computer Science, Software Engineering, Computer Engineering, or equivalent STEM field with 2 years experience or 0 years with a Masters Degree
2. Demonstrated knowledge of Java and GIT
3. Demonstrated knowledge of Linux commands
4. Demonstrated knowledge of software design and testing experience
5. Demonstrated written and verbal communication skills
...",no,yes
Geothermal Software Developer/Analyst (Fixed-Term),2025-08-18,https://jobright.ai/jobs/info/689279504c7e851b90ad6131?utm_source=1100&utm_campaign=Software Engineering,On Site,"Austin, TX",The University of Texas at Austin,501-1000,"Corporate Training,Education",$60000 /yr,"1. Bachelor's degree or Graduate degree in computer engineering/sciences, industrial/systems engineering, economics, or related field.
2. Proven capabilities in Object-Oriented Programing.
3. Demonstrated ability to write professional-level codes in Python/JavaScript/C++, or other similar platforms.
4. At least one year of experience in simulation and/or modeling, and in particular experience in conducting analytical research, software design/development, and development of modeling/simulation tools.
5. Excellent data gathering and management skills.
...",no,
Associate ITS Specialist,2025-08-18,https://jobright.ai/jobs/info/68a35c4037d3cc6b0d576259?utm_source=1100&utm_campaign=Software Engineering,Hybrid,"Vista, CA","SWARCO McCain, Inc.",501-1000,"Automotive,Information Technology",$50K-$75K /yr,"1. Minimum of a high school diploma.
2. Excellent verbal and written communication skills.
3. Excellent organizational skills and attention to detail.
4. Strong analytical and problem-solving skills.
5. Proficient with Microsoft Office Suite or related software.",not sure,
Temporary Power Platform Developer,2025-08-18,https://jobright.ai/jobs/info/68a3537f1ab5f8579e8a49de?utm_source=1100&utm_campaign=Software Engineering,Hybrid,"West Greenwich, RI",Brightstar Lottery,1001-5000,,$58K-$122K /yr,"1. Experience in developing solutions with the latest low-code technologies included in Microsoft´s Power Platform: Power Apps, Power Automate, CoPilot Studio / Power Virtual Agent, Power BI
2. Experience in PowerShell, C#, SQL, .Net, etc.
3. Experience in creating custom APIs to connect to 3rd party applications.
4. Experience and working knowledge using AI to optimize and automate processes.",not sure,
Publishing Product Engineer I - ArcGIS Enterprise,2025-08-18,https://jobright.ai/jobs/info/68a35350403ad4363b1c008f?utm_source=1100&utm_campaign=Software Engineering,On Site,"Redlands, CA",Esri,5001-10000,"3D Technology,Analytics","$68,640-$104,000 /yr","1. 1+ years of professional experience in a similar engineering environment
2. Experience applying analytical problem-solving skills to deliver innovative and effective solutions
3. Proven ability to analyze complex challenges and develop actionable strategies
4. Exceptional time management and organizational skills to meet deadlines without compromising quality
5. Thrives in highly collaborative, team-oriented environments while contributing individual expertise
...",not sure,
Application Developer,2025-08-18,https://jobright.ai/jobs/info/68a353111ab5f8579e8a498c?utm_source=1100&utm_campaign=Software Engineering,On Site,"Redlands, CA",Esri,5001-10000,"3D Technology,Analytics",$68640-$107120 /yr,"1. 1+ years of experience in software development, preferably with Python
2. Interest in or exposure to LLMs, AI agents, RAG pipelines, or vector databases
3. Proficiency in OOP languages and working with REST APIs
4. Knowledge of relational databases, such as SQL, and NoSQL databases such as MongoDB
5. Experience with version control systems, such as Git
...",no,
Graphics Programmer,2025-08-18,https://jobright.ai/jobs/info/67f1bd8323adf4fd68e22fbc?utm_source=1100&utm_campaign=Software Engineering,On Site,"Carlsbad, CA",Rockstar Games,1001-5000,"Gaming,PC Games",$87K-$129K /yr,"1. A degree in Computer Science / related discipline or equivalent experience.
2. 1+ years of PC or console graphics development experience.
3. Experience with C/C++ programming
4. Experience with HLSL or other vendor specific shader programming language.
5. Experience with 3D graphics APIs (Direct3D 11+, OpenGL, Vulkan and/or vendor specific).
...",not sure,
Software Dev Engineer II - AMZ9082623,2025-08-18,https://jobright.ai/jobs/info/68ac7576daf1431824c95350?utm_source=1100&utm_campaign=Software Engineering,On Site,"Seattle, Washington, USA",Amazon,10000+,"Delivery,E-Commerce","$143,700-$194,400 /yr","1. Bachelor's degree or foreign equivalent in Computer Science, Engineering, Mathematics, or a related field
2. one year of experience in the job offered or a related occupation
3. one year of experience in designing and developing large-scale, multi-tiered, multi-threaded, embedded or distributed software applications, tools, systems, and services using: C#, C++, Java, Perl, Rust, or Python
4. Object Oriented Design",not sure,
Game Tester,2025-08-18,https://jobright.ai/jobs/info/68a3221537d3cc6b0d57496f?utm_source=1100&utm_campaign=Software Engineering,On Site,Folsom,UST,10000+,"Consulting,Information Services",$48000-$72000 /yr,"1. 1+ years of experience in PC Platform and mother board architecture.
2. Experience with computer peripherals and motherboard components (PCIe, USB, USB-C, TBT, SATA, PCH, ICH, BIOS, UEFI, RAM, CPU, GPU).
3. Knowledge of different power states of system and devices (ACPI – S-states, C-states, D-states).
4. Experience with driver and firmware deployment on a system.
5. Familiarity with subsystems like Multimedia, communications, sensors, etc.
...",not sure,
Backend Software Engineer,2025-08-18,https://jobright.ai/jobs/info/6830ab999892f4d7b5b0be3f?utm_source=1100&utm_campaign=Software Engineering,On Site,"Palo Alto, CA",Wing,251-500,"Delivery,Delivery Service",$96K-$200K /yr,"1. 1-6 years of experience designing and developing backend software.
2. A Bachelor's Degree in Computer Science, Software Engineering, or a similar degree (or equivalent experience).
3. Proficiency in C++, or ability to quickly pick up C++ with experience in similar languages like Java, or C.
4. Excellent written and verbal skills and experience working in a collaborative team.
5. Ability to identify challenging problems and potential solutions with guidance from a mentor, and work toward them with a high degree of independence.
...",not sure,
Software Engineer,2025-08-18,https://jobright.ai/jobs/info/68ac3b85daf1431824c94198?utm_source=1100&utm_campaign=Software Engineering,On Site,"Chicago, IL",Echo Global Logistics,1001-5000,"Consulting,Logistics",$98K-$144K /yr,"1. 1-3 years developing commercial-grade business applications leveraging the following: Writing code in an OO programming language, Build or maintain fault tolerant systems, Data structure and algorithms, SOA architecture
2. 1-3 years developing front end applications leveraging: Javascript, HTML, CSS
3. Proven track record in working in a fast paced environment",not sure,
"Software Engineer, Test Infrastructure",2025-08-17,https://jobright.ai/jobs/info/689505514ed2ea559ca52b88?utm_source=1100&utm_campaign=Software Engineering,On Site,"Mountain View, CA",Applied Intuition,501-1000,"Artificial Intelligence (AI),Autonomous Vehicles",$130K-$300K /yr,"1. A Bachelor's in Computer Science, Software, Electrical, Physics, Mathematics, or similar engineering field
2. Good communication, organizational skills, and proactiveness
3. High level of professionalism to nurture an ego-free culture",not sure,
Software Engineer (Full-Stack),2025-08-17,https://jobright.ai/jobs/info/682e383c29b3aaa08e0c3812?utm_source=1100&utm_campaign=Software Engineering,On Site,"New York, NY",Harmonic,51-100,"Business Information Systems,Information Technology",$120K-$180K /yr,"1. 1-3 years of full-stack software engineering experience, with flexibility for exceptional candidates.
2. A record of shipping high-quality product. We're excited to hear about the major releases you've driven over the past several years.
3. Experience quickly turning ambiguity into clarity - building scalable, performant, and observable frontend and backend systems from first principles while balancing technical, product, and organizational tradeoffs.
4. An interest in venture capital and the startup ecosystem.",not sure,
Software Engineer (C++ or Python) – 2026 Grads,2025-08-17,https://jobright.ai/jobs/info/6894eac873b3a600fe8834ea?utm_source=1100&utm_campaign=Software Engineering,On Site,"Multi Location
New York, NY
New York, NY, United States",Hudson River Trading,1001-5000,Financial Services,$300000-$300000 /yr,"1. You are a full-time undergraduate student studying computer science or a related field who is eligible for full-time roles in 2026.
2. Excellent design, debugging, and problem solving skills
3. Working experience with C/C++ or Python is required, as are good CS fundamentals
4. Knowledge of UNIX operating systems (we use Linux), system/processor performance, and network communication",not sure,
Software Engineer,2025-08-17,https://jobright.ai/jobs/info/68971c471b9e81727f1939a9?utm_source=1100&utm_campaign=Software Engineering,On Site,"New York, NY","Persistent Systems, LLC",51-100,Computer,$140000-$180000 /yr,"1. Bachelor’s degree in computer science, computer engineering, or equivalent
2. 1 or more years of experience with programming in C/C++
3. 1 or more years of experience with programming in Java
4. 1 or more years of experience with programming in Python
5. Experience developing embedded software
...",no,
Software Engineer (Full-Stack),2025-08-17,https://jobright.ai/jobs/info/688471defbbf032d00069568?utm_source=1100&utm_campaign=Software Engineering,On Site,"Seattle, WA",Runpod,51-100,"Artificial Intelligence (AI),Cloud Infrastructure",$130K-$200K /yr,"1. Some experience with Python and/or Typescript, with a passion for learning and growing in a full-stack role.
2. Familiarity with Go Lang or other strict-type language is a plus.
3. Basic knowledge of frontend technologies (HTML, CSS, JavaScript frameworks) and backend frameworks (e.g., React, Express, FastAPI, Pydantic, etc).
4. Enthusiasm for open-source projects and contributions is a strong plus.
5. Eager to tackle challenges, learn from feedback, and work collaboratively within a dynamic team environment.
...",no,
Quality Assurance Associate,2025-08-17,https://jobright.ai/jobs/info/68a2ac51468ac21d6fab9e94?utm_source=1100&utm_campaign=Software Engineering,On Site,"Palo Alto, CA",Ampa,11-50,,$55000-$65000 /yr,"1. Attention to Detail: You spot inconsistencies and edge cases others miss
2. Persistence: You can execute repetitive tests without losing focus
3. Clear Communicator: You can write bugs and explain repro steps concisely
4. Curiosity: You want to understand how the app, hardware, and workflows fit together
5. Reliability: You take ownership of your work and follow through
...",not sure,
Software Engineer – Product,2025-08-17,https://jobright.ai/jobs/info/685b115ca27f4987774511c4?utm_source=1100&utm_campaign=Software Engineering,On Site,"Menlo Park, CA",Meta,10000+,"Artificial Intelligence (AI),Augmented Reality","US$185,644-US$200,200 /yr","1. Requires a Bachelor's degree (or foreign degree equivalent) in Computer Science, Engineering, Information Systems, Analytics, Mathematics, Statistics, or a related field
2. Requires completion of a university-level course, research project, or internship involving the following:
3. 1. Coding in C, C++, Java, or C#
4. 2. Creating web applications using Python, PHP, or Ruby
5. 3. Relational databases and SQL
...",not sure,
Quality Assurance Specialist,2025-08-17,https://jobright.ai/jobs/info/68a2ab77ff570d7ffd65ceb7?utm_source=1100&utm_campaign=Software Engineering,On Site,"Multi Location
1300 S Litchfield Rd Ste 220-N Goodyear, Az 85338
Litchfield Park, AZ",Serene Health,11-50,"Health Care,Hospital",$18-$22 /hr,"1. High school diploma or GED required
2. Minimum 1 year of experience in quality assurance or a healthcare role required
3. Proficiency in Microsoft Office Suite and quality management software
4. Effective and professional communication skills, both written and verbal
5. Excellent analytical and problem-solving skills
...",not sure,
Software Developer Associate - TS/SCI w/Poly,2025-08-17,https://jobright.ai/jobs/info/68a6a31b758f2e4ac3fe646e?utm_source=1100&utm_campaign=Software Engineering,On Site,"Annapolis Junction, MD",General Dynamics Information Technology,10000+,"Artificial Intelligence (AI),Cloud Computing",$85K-$115K /yr,"1. Top Secret SCI + Polygraph clearance
2. 0+ years of related experience
3. Software Systems and Software Updates technical skills
4. Application Development and Software Development skills
5. US Citizenship
...",no,yes
Software Engineer,2025-08-17,https://jobright.ai/jobs/info/689e4dbf79a9f9666254aaaf?utm_source=1100&utm_campaign=Software Engineering,Remote,"Rochester, MN, United States",Mayo Clinic,10000+,"Biotechnology,Health Care","$100,339.20-$140,462.40 /yr","1. Design and build back-end services that support a portfolio of data-centric clinical and analytic applications.
2. Leverage cloud and on-premises computing, big data, mobile, data science, data warehousing, machine learning using state of the art software development applications and frameworks.
3. Ensure cloud and on-premises based micro-services adhere to uptime and accuracy targets, are resilient, and scale as data volumes and traffic increase.
4. Work closely with the data engineering, platform, and solutions teams to develop applications as required to benefit our practice and patients.
5. Translate requirements into code.
...",no,
Analyst / Programmer - Mainframe (All Levels),2025-08-17,https://jobright.ai/jobs/info/687e4c40764c3d7411c4271a?utm_source=1100&utm_campaign=Software Engineering,On Site,"San Diego, CA",General Dynamics,10000+,"Aerospace,National Security",$71K-$174K /yr,"1. A Bachelor’s degree in Computer Science or equivalent combination of education/experience is required.
2. Professional experience in an Analyst/Programmer role is required.
3. Experience with developing technical solutions using COBOL and JCL is required.
4. Ability to work effectively in a highly collaborative development environment is required.
5. Positive attitude toward customer service is required.
...",no,
SOC Architect - Automotive,2025-08-17,https://jobright.ai/jobs/info/689b415183d13d1f5b69f2fb?utm_source=1100&utm_campaign=Software Engineering,Remote,United States,Tenstorrent,501-1000,"Application Specific Integrated Circuit (ASIC),Artificial Intelligence (AI)",$100K-$500K /yr,"1. Approach design with a systems mindset, always thinking in trade-offs—not just specs and block diagrams.
2. Bring deep knowledge of SoC architecture, from interconnects and I/O to memory and CPUs.
3. Confident working within performance, power, and reliability constraints.
4. Familiar with (or eager to dive into) functional safety, ISO 26262, and automotive-grade design challenges.
5. Experience translating high-level requirements into detailed architectural direction.
...",not sure,
Front-End Engineer II - AMZ9083259,2025-08-17,https://jobright.ai/jobs/info/68a90e65758f2e4ac3ff6ea1?utm_source=1100&utm_campaign=Software Engineering,On Site,"Sunnyvale, California, USA",Amazon,10000+,"Delivery,E-Commerce","$165,200-$223,600 /yr","1. Bachelor’s degree or foreign equivalent degree in Computer Science, Engineering (any), Mathematics, or a related field
2. one year of experience in the job offered or a related occupation
3. one year of experience in building web applications
4. experience with JavaScript frameworks including React, Angular, Vue, or Backbone
5. developing applications with JavaScript, HTML, CSS, and integrating with REST APIs",not sure,
"Software Engineer, Infrastructure, Early Career",2025-08-17,https://jobright.ai/jobs/info/68a36fac37d3cc6b0d576c49?utm_source=1100&utm_campaign=Software Engineering,On Site,"San Francisco, California",Notion,501-1000,"Apps,Collaboration",,"1. BS or MS in Computer Science or related field, or equivalent practical experience
2. Proficiency in at least one general‑purpose programming language such as Typescript, Python, Rust, Go, Java, Python, or C++.
3. Solid CS fundamentals in data structures, algorithms, systems, and networking.
4. Experience from internships or projects building backend services, infrastructure, or full stack products.
5. Strong communication skills and a collaborative, product‑minded approach.",not sure,
Software Engineer,2025-08-17,https://jobright.ai/jobs/info/68a23d96cc9ee94dc912485c?utm_source=1100&utm_campaign=Software Engineering,On Site,"Colorado Springs, CO",Bluestaq,51-100,"Database,Information Technology",$85K-$120K /yr,"1. Programming Expertise: Proficient in Java, Python, or other major programming languages.
2. Build Systems Proficiency: Hands-on experience with Java build tools like Maven and Gradle.
3. Security and Cloud Knowledge: Strong background in applied security principles and cloud infrastructures, particularly AWS.
4. Data Solutions Mastery: Experience with big data technologies and modern data storage solutions.
5. Full-Stack Development Skills: Proven ability in both front-end and back-end development.
...",no,
Software Engineer,2025-08-17,https://jobright.ai/jobs/info/68a0d9c4cc9ee94dc9120a9e?utm_source=1100&utm_campaign=Software Engineering,Hybrid,"New York, NY",BlackRock,10000+,"Asset Management,Crowdfunding",$145000-$162000 /yr,"1. Bachelor’s degree (or foreign equivalent) in Computer Science, or a related field
2. 24 months of experience in the job offered or in a related occupation
3. 2 years of experience involving design, develop, maintain and support enterprise level scalable, extensible, and high performing applications using languages including JavaScript, Typescript, HTML, and CSS
4. Experience with frameworks and technologies: Angular and React
5. Experience with methodologies including test driven development, various design patterns, and software development best practices by testing architecture and design
...",not sure,
R&D Software Engineer,2025-08-17,https://jobright.ai/jobs/info/681b825f4d8693e370afeb32?utm_source=1100&utm_campaign=Software Engineering,On Site,"Minneapolis, MN",WEG Electric Corp. (USA),,,$70000-$90000 /yr,"1. 1-2+ years’ experience in the design or development of custom software for front end applications or other app design of stand-alone devices
2. BS degree in Computer Science or related field required
3. Demonstrated experience with architecture of modern programs in order to integrate stand-alone devices to existing user systems
4. Demonstrated ability to understand, evaluate, and solve complex issues of technical content
5. Experimentation, coding, or analytical design experience required
...",no,
Software Engineer,2025-08-17,https://jobright.ai/jobs/info/6884b59bfbbf032d0006adfe?utm_source=1100&utm_campaign=Software Engineering,On Site,"Multi Location
New York, NY
San Francisco, CA",Valon,251-500,"Financial Services,FinTech",$120K-$200K /yr,"1. Bachelor’s degree in Computer Science or related field.
2. Requires 1 year of software engineering experience building quality software applications at scale, including ability to work cross-functionally to balance product and technical requirements, building scalable systems from scratch with a fast turnaround.
3. Experience with one of the following: web application development, mobile application development, building large-scale distributed systems, or infrastructure management.
4. Must have legal authority to work in the U.S.",no,
Social Programmer - BR Open Ice (Temporary),2025-08-17,https://jobright.ai/jobs/info/684b91878f47e35d61faebc5?utm_source=1100&utm_campaign=Software Engineering,Remote,"Multi Location
Illinois, United States
Georgia, United States
New York, United States",Warner Bros. Discovery,10000+,,$42K-$78K /yr,"1. 1-2+ years experience in digital media, social media or content curation
2. Extensive knowledge of hockey and hockey culture
3. Extensive knowledge of all social platforms, functionality and audience growth best practices.
4. Experience in working with teams on projects/events
5. Deep understanding of current media and digital content space
...",not sure,
"Software Engineer - Pricing, Fullstack (Go, SQL, Typescript )",2025-08-17,https://jobright.ai/jobs/info/68a1aefccc9ee94dc9123c40?utm_source=1100&utm_campaign=Software Engineering,Remote,United States,Opendoor,1001-5000,"Marketplace,Property Development",$143K-$197K /yr,"1. 1+ years Fullstack software development (production experience)
2. 1+ years Golang (backend/API development)
3. 1+ years SQL (query optimization, database design)
4. 1+ years TypeScript (application logic, React components)
5. 1+ years React (UI development)",not sure,
Software Engineer,2025-08-16,https://jobright.ai/jobs/info/68a6bb0d758f2e4ac3fe742e?utm_source=1100&utm_campaign=Software Engineering,Hybrid,"Pittsfield, MA",General Dynamics Mission Systems,10000+,"Aerospace,Business Information Systems",,"1. Requires a Bachelor’s degree in Software Engineering, or a related Science, Engineering or Mathematics field.
2. Due to the nature of work performed within our facilities, U.S. citizenship is required.
3. Applicants selected will be subject to a U.S. Government security investigation and must meet eligibility requirements for access to classified information.",no,
"Application Analyst I, Cogito Business Intelligence Developer",2025-08-16,https://jobright.ai/jobs/info/68850a26fbbf032d0006bba8?utm_source=1100&utm_campaign=Software Engineering,On Site,"Oceanport, NJ",RWJBarnabas Health,10000+,"Diabetes,Health Care",$80K-$120K /yr,"1. Minimum: One (1) year relevant experience in large-scale project management.
2. Experience with analytical tools, visualization tools, scripting tools, and processes.
3. Applicant is expected to maintain certification as current by completing New Version Training (NVT), as applicable.
4. Minimum: Obtaining applicable Cogito certifications is an expectation of the role as applicable; 0-2 years preferred experience.
5. For certain clinical applications, clinical licensure is preferred and may be required as specified in Job Aid.",not sure,
Graduate Software Engineer (2026 Start - Chicago),2025-08-16,https://jobright.ai/jobs/info/68aa7dc3758f2e4ac3ffcba4?utm_source=1100&utm_campaign=Software Engineering,On Site,"Chicago, IL",Optiver,501-1000,"Financial Services,FinTech",$175000-$175000 /yr,"1. A student pursuing a bachelor’s, master’s, or PhD in Computer Science or Computer Engineering
2. On track to graduate between December 2025 to June 2026
3. Passionate for writing clean code, well-architected systems, and continuous improvement
4. Proficient in coding languages such as C++, Python, or Java
5. A student with strong engineering instincts and a solid understanding of computer science fundamentals
...",not sure,yes
Founding Content Engineer,2025-08-16,https://jobright.ai/jobs/info/68a0d1bffaa4e875e8291b7a?utm_source=1100&utm_campaign=Software Engineering,On Site,"New York, NY, US",Yarn (YC W24),1-10,"Artificial Intelligence (AI),Video",,"1. Experience in video production and storytelling.
2. Ability to storyboard, script, and produce content.
3. Familiarity with generative workflows and AI models.
4. Strong creative skills and ability to produce high-retention content.
5. Experience working in a fast-paced, collaborative environment.
...",not sure,
"Software Engineer (Associate, Experienced, or Senior)",2025-08-16,https://jobright.ai/jobs/info/68a0d1b7cc9ee94dc91209a6?utm_source=1100&utm_campaign=Software Engineering,On Site,"Mesa, AZ",Boeing,1001-5000,"Aerospace,Industrial",$86700-$172500 /yr,"1. 1 plus year of experience in programming languages like Python, C, C++, C#, Rust, Java, or Ada
2. 1 plus year of experience in software development, testing, or any part of the software lifecycle
3. Ability to obtain a Secret U.S. Security Clearance for which the US Government requires U.S. Citizenship
4. Ability to obtain Secret U.S. Security clearance (Post-Start)",no,
Software Engineer II,2025-08-16,https://jobright.ai/jobs/info/68a1cfeecc9ee94dc9123f1c?utm_source=1100&utm_campaign=Software Engineering,Hybrid,"Springfield, Illinois Metropolitan Area",Progressive Data Jobs,1-10,,$91K-$114K /yr,"1. 1–2 years experience or more with implementation and delivery of front-end code, written in React, Svelte, or other similar technologies
2. 1–3 years experience or more with NodeJS, Python, Elixir, Sveltekit, or similar full stack development environments and toolsets
3. You have implemented work within a microservices architecture through Amazon Web Services, Google Cloud Platform, or Microsoft Azure
4. You have been working within an agile product engineering team, and have facility with working on sprint iterations and shipping MVPs that can be expanded on incrementally with continuous feature deliveries.
5. You thrive in diverse, self-starting, collaborative settings, and are passionate about building highly responsive and broadly accessible applications for a common good
...",not sure,
High-Performance Computing Future Opportunities,2025-08-16,https://jobright.ai/jobs/info/68a5a638b6a3617d7fa72cb1?utm_source=1100&utm_campaign=Software Engineering,On Site,"Washington, DC",General Dynamics Information Technology,10000+,"Artificial Intelligence (AI),Cloud Computing",$109K-$147K /yr,"1. Computing
2. HPC
3. Supercomputing
4. 0 + years of related experience",no,yes
Software Engineer,2025-08-16,https://jobright.ai/jobs/info/68759819299cbc74b87562eb?utm_source=1100&utm_campaign=Software Engineering,Hybrid,"Chicago, IL",ProSight Financial Association,51-100,,$75K-$95K /yr,"1. 1-3 years of professional experience in software engineering
2. Strong experience with Microsoft Azure, including services like Azure Functions, Azure App Services, and Azure DevOps
3. Proficiency in C# and other .NET-based languages, with experience maintaining both legacy and modern applications
4. Solid understanding of front-end technologies including HTML, CSS, JavaScript, and React.JS
5. Familiarity with containerization technologies such as Docker and orchestration tools like Kubernetes
...",no,
Entry Level Software Engineer,2025-08-15,https://jobright.ai/jobs/info/68a6b59433dd7158bbca210b?utm_source=1100&utm_campaign=Software Engineering,Hybrid,"Pittsburgh, PA",General Dynamics Mission Systems,10000+,"Aerospace,Business Information Systems",$82K-$84K /yr,"1. Requires a Bachelor’s degree in Software Engineering, or a related Science, Engineering or Mathematics field.
2. Ability to obtain a Department of Defense TS/SCI security clearance is required at time of hire.
3. U.S. citizenship is required.",no,
Tester III,2025-08-15,https://jobright.ai/jobs/info/68a947df6acf96396f72602f?utm_source=1100&utm_campaign=Software Engineering,On Site,"Multi Location
Los Angeles, CA
Los Angeles,California,United States",Epic Games,1001-5000,"Developer Platform,Gaming","$65,747-$109,578 /yr","1. Technical software or troubleshooting skills (degree in Computer Science or equivalent, self-taught, or relevant experience)
2. 18+ months of testing similar products
3. Excellent written and verbal communication skills
4. Experience encountering issues/bugs in software, and communicating those issues in a clear and concise way
5. Experience logging defects in bug tracking systems such as Jira
...",not sure,
International Infrastructure Engineer (Starlink),2025-08-15,https://jobright.ai/jobs/info/682cb9d6f0851451c38a40c4?utm_source=1100&utm_campaign=Software Engineering,On Site,"Redmond, WA",SpaceX,1001-5000,"Advanced Materials,Aerospace",$95000-$115000 /yr,"1. Bachelor’s degree in engineering or STEM discipline
2. 1+ years of professional experience in an engineering role
3. Willingness to travel to domestic and international ground station sites
4. Must be willing to work long hours and occasional weekends when necessary to support launch and critical project timelines
5. To conform to U.S. Government export regulations, applicant must be a (i) U.S. citizen or national, (ii) U.S. lawful, permanent resident (aka green card holder), (iii) Refugee under 8 U.S.C. 1157, or (iv) Asylee under 8 U.S.C. 1158, or be eligible to obtain the required authorizations from the U.S. Department of State.",no,
Software Engineer I/II,2025-08-15,https://jobright.ai/jobs/info/6892c5214c7e851b90ad84a6?utm_source=1100&utm_campaign=Software Engineering,Remote,United States,"Multi Media, LLC",101-250,"Information Technology,Video Streaming",$130K-$165K /yr,"1. Bachelor’s degree in Computer Science or a related field (or equivalent practical experience).
2. Proven knowledge in web development and basic system design.
3. You’re eager to learn and grow your skills, taking initiative on tasks and showing ownership from start to finish.
4. Curious problem-solver, comfortable investigating and debugging issues with guidance from more experienced teammates.
5. You are a collaborative team player who is comfortable receiving/giving feedback, as well as discussing solutions with peers.",not sure,
Associate Salesforce Developer,2025-08-15,https://jobright.ai/jobs/info/689fd56dcc9ee94dc911a282?utm_source=1100&utm_campaign=Software Engineering,Hybrid,"Concord, CA",AssetMark,1001-5000,"Advice,Consulting",$115000-$130000 /yr,"1. Understanding of OOP concepts and web development (HTML, CSS, JavaScript).
2. Familiarity with database concepts and SQL.
3. Strong problem-solving and teamwork skills.
4. Willingness to learn Salesforce platform and technologies.
5. Bachelor's degree in Computer Science, Software Engineering, or related field.
...",no,yes
Application Engineer,2025-08-15,https://jobright.ai/jobs/info/689fc9a2cc9ee94dc9119d82?utm_source=1100&utm_campaign=Software Engineering,On Site,"Multi Location
Lubbock, TX
Charlotte, NC",Xylem,10000+,"Commercial,Mechanical Engineering",$75K-$100K /yr,"1. Bachelor’s degree in engineering required.
2. One to Five years+ related experience with rotating equipment preferred.
3. Knowledge of pump hydraulics, mechanics and construction.
4. Excellent interpersonal relationship building skills with strong verbal and written communication skills.
5. Experience with a Customer Relationship Management (CRM), Configure Price Quote (CPQ), and/or Enterprise Resource Planning (ERP) tools.",no,
Junior Software Development Engineer,2025-08-15,https://jobright.ai/jobs/info/689fb3a883d13d1f5b6ca6f6?utm_source=1100&utm_campaign=Software Engineering,Hybrid,"San Diego, California, United States","Veracyte, Inc.",501-1000,"Biotechnology,Health Care","$113,000-$131,000 /yr","1. Bachelor’s degree in Computer Science, Engineering, or a related field.
2. 1-2 years of experience in software development.
3. Proficiency in Python programming.
4. Experience with core AWS services such as EC2, S3, Lambda, or ECS.
5. Excellent problem-solving skills and the ability to work independently or as part of a team.
...",not sure,
Word Press Developer,2025-08-15,https://jobright.ai/jobs/info/680cd9f154b4a3388032bf17?utm_source=1100&utm_campaign=Software Engineering,Remote,Remote job,FoodMe Global / Dine Palace ,1-10,,INR20000-INR20000 /yr,"1. Strong communication skills and the ability to build good working relationships with team members and leadership
2. Practical experience and coding skills
3. The ability to multitask while keeping to the company’s timing and budget limitations
4. Strong problem-solving and debugging skills
5. Experience with CMS (Content Management Systems) such as WordPress, Joomla, and Drupal
...",not sure,
Word Press Developer - Ahmedabad,2025-08-15,https://jobright.ai/jobs/info/6834b6780233b849a4186961?utm_source=1100&utm_campaign=Software Engineering,Remote,Remote job,FoodMe Global / Dine Palace ,1-10,,INR20000-INR20000 /mon,"1. Strong communication skills and the ability to build good working relationships with team members and leadership
2. Practical experience and coding skills
3. The ability to multitask while keeping to the company’s timing and budget limitations
4. Strong problem-solving and debugging skills
5. Experience with CMS (Content Management Systems) such as WordPress, Joomla, and Drupal
...",not sure,
Desarrollador Fullstack (.Net/Angular),2025-08-15,https://jobright.ai/jobs/info/68121c44b3b83e4ab118174c?utm_source=1100&utm_campaign=Software Engineering,Remote,Remote job,Softgic,101-250,"Information Technology,Service Industry",,"1. 3+ años de experiencia en desarrollo con .NET Framework/Core y Angular.
2. Experiencia con C#, Entity Framework y servicios web REST API.
3. Conocimientos avanzados en HTML5, CSS3, y TypeScript.
4. Familiaridad con SQL Server y la creación de consultas, procedimientos almacenados y optimización de bases de datos.
5. Conocimientos en control de versiones (Git).
...",not sure,
Web Developer (Pakistan),2025-08-15,https://jobright.ai/jobs/info/683a53e010b95a64a2751108?utm_source=1100&utm_campaign=Software Engineering,Remote,Remote job,SRR Group,101-250,,$4-$4 /hr,"1. 1-3 years of work experience
2. Capable of creating high ranking websites
3. Professional communication practices in a remote work environment
4. Extensive experience in analyzing and documenting different system flows, processes and work flows
5. Excellent English skills both written and verbal
...",not sure,
Web Developer (India),2025-08-15,https://jobright.ai/jobs/info/68107b7fbe083aef43b043d3?utm_source=1100&utm_campaign=Software Engineering,Remote,Remote job,SRR Group,101-250,,$4-$4 /hr,"1. 1-3 years of work experience
2. Capable of creating high ranking websites
3. Professional communication practices in a remote work environment
4. Extensive experience in analyzing and documenting different system flows, processes and work flows
5. Excellent English skills both written and verbal
...",not sure,
"Software Engineer (Remote, LATAM)",2025-08-15,https://jobright.ai/jobs/info/689097a6f47efe211394e609?utm_source=1100&utm_campaign=Software Engineering,Remote,United States,Rutter,11-50,"Data Integration,Developer APIs",,"1. 1-3 years of experience in software engineering.
2. Business fluency in English (reading, writing, and speaking) with strong communication skills.
3. Passion for building developer-centric solutions and improving the developer experience.
4. Proficiency in TypeScript, Node.js, React, and PostgreSQL.",not sure,
"Software Engineer, IOS",2025-08-15,https://jobright.ai/jobs/info/686c48e935584b6542d99593?utm_source=1100&utm_campaign=Software Engineering,On Site,"Bellevue, WA",Meta,10000+,"Artificial Intelligence (AI),Augmented Reality",US$176361-US$200200 /yr,"1. Master’s degree (or foreign degree equivalent) in Computer Science, Engineering, Information Systems, Analytics, Mathematics, Physics, Applied Sciences, or a related field and completion of one graduate-level coursework, research project or internship.
2. Completion of one graduate-level coursework, research project or internship must include experience in the following: Object-oriented software development.
3. Completion of one graduate-level coursework, research project or internship must include experience in the following: Building maintainable and testable code bases, including API design and unit testing techniques.
4. Completion of one graduate-level coursework, research project or internship must include experience in the following: Multithreading programming and mobile memory management.
5. Completion of one graduate-level coursework, research project or internship must include experience in the following: Experience in both Objective-C and Swift.
...",not sure,
Software Engineer - Product,2025-08-15,https://jobright.ai/jobs/info/685db0ade59184cc07334280?utm_source=1100&utm_campaign=Software Engineering,On Site,"Bellevue, WA",Meta,10000+,"Artificial Intelligence (AI),Augmented Reality","US$173,921-US$200,200 /yr","1. Requires a Master's degree in Computer Science, Engineering, or a related field (or foreign equivalent) and 1 yr experience in the job offered or in a related occupation.
2. Requires 12 months of experience involving the following skills:
3. 1. Coding in at least one of the following industry-standard languages: C, C++, Java, or C#
4. 2. Building large-scale infrastructure applications
5. 3. Creating web applications using at least one of the following: Python, PHP, or Ruby
...",not sure,
"Test Engineer, Mid",2025-08-15,https://jobright.ai/jobs/info/6882c666b54cac0f1e732b0c?utm_source=1100&utm_campaign=Software Engineering,On Site,"Warner Robins, GA",Booz Allen Hamilton,10000+,"Consulting,Cyber Security",$62K-$141K /yr,"1. Experience with testing software modules and software packages
2. Knowledge of regression and functional testing
3. Knowledge of the software development life cycle
4. TS/SCI clearance
5. Bachelor’s degree and 1+ year of experience with software development or testing, or 6+ years of experience with software development or testing in lieu of a degree",no,
Backend Software Developer,2025-08-15,https://jobright.ai/jobs/info/689f51ef83d13d1f5b6c5b12?utm_source=1100&utm_campaign=Software Engineering,Remote,United States,Hagerty Consulting,101-250,Consulting,$60K-$75K /yr,"1. 1-2+ years of coding, software development, cloud technologies, or related experience required
2. Bachelor’s degree or higher in Computer Science, Information Technology, or a related field
3. Demonstrated experience and aptitude with at least one backend programming language, such as JavaScript, and strong understanding of API development/utilization
4. Knowledgeable with cloud platforms, such as AWS, GCP, or Azure",not sure,
"Junior IT Governance Analyst - Hybrid (New York, Jersey City, or Raleigh)",2025-08-15,https://jobright.ai/jobs/info/689f8c45faa4e875e8289ac8?utm_source=1100&utm_campaign=Software Engineering,Hybrid,"Multi Location
Triad Area
Raleigh, NC
Jersey City, NJ
NYC Metro Area",Arch Capital Group Ltd.,5001-10000,"Finance,Financial Services",$65K-$95K /yr,"1. Prior experience in Agile methodology and Product-Oriented IT framework is a benefit.
2. Excellent analytical and problem-solving skills, with attention to detail, and ability to plan and execute activities with limited direction.
3. Strong time management, planning, and organizational skills.
4. Ability to work with a sense of urgency and adapt easily to change.
5. Strong collaboration and teamwork skills.
...",not sure,
Siri NL Platform Software Engineer,2025-08-15,https://jobright.ai/jobs/info/689f8b6cb3e889632cf088da?utm_source=1100&utm_campaign=Software Engineering,On Site,"Cupertino, California, United States",Apple,10000+,"Artificial Intelligence (AI),Consumer Electronics","$147,400-$272,100 /yr","1. Currently pursuing or recently completed an M.S./B.S. degree in Computer Science, Electrical Engineering, or a related technical field, or equivalent practical experience.
2. Strong programming skills in one or more languages, such as Swift, C++ or Objective-C.
3. Proficient in Python programming.
4. Solid understanding of computer science fundamentals: data structures, algorithms, system design, concurrency, and object-oriented programming.
5. Demonstrated ability to learn new technologies and development environments quickly.
...",not sure,
"Software Engineers (Associate, Experienced, Senior)",2025-08-15,https://jobright.ai/jobs/info/689f853a83d13d1f5b6c910d?utm_source=1100&utm_campaign=Software Engineering,On Site,"Berkeley, MO",Boeing,1001-5000,"Aerospace,Industrial",$90100-$121900 /yr,"1. 1+ years of experience with Software Development lifecycle (including Requirements Analysis, Design, Code, Integration & Test)
2. 1+ years of experience in Object-Oriented Development",no,
Software Development Engineer I – Early Career 2025 University Grad,2025-08-15,https://jobright.ai/jobs/info/68830543835a903aa07f2b74?utm_source=1100&utm_campaign=Software Engineering,On Site,"Multi Location
Huntsville, AL
Los Angeles, CA
Van Horn, TX
Merritt Island, FL
Denver, CO
Seattle, WA",Blue Origin,10000+,"Aerospace,Manufacturing",$91K-$139K /yr,"1. Must be a U.S. citizen or national, U.S. permanent resident (current Green Card holder), or lawfully admitted into the U.S. as a refugee or granted asylum.
2. Minimum of a BS Degree in computer science, computer engineering, electrical engineering, or a related field.
3. Will have earned their degree within the last year and able to start by Fall 2025.
4. Experience with a modern, object-oriented language such as Java, C#, C++, Python, etc.
5. Applying computer science fundamentals like data structures and algorithms.
...",no,
High-Performance Computing Future Opportunities,2025-08-15,https://jobright.ai/jobs/info/689f8247faa4e875e8288d52?utm_source=1100&utm_campaign=Software Engineering,On Site,USA DC Washington,General Dynamics Information Technology,10000+,"Artificial Intelligence (AI),Cloud Computing","$94,676-$128,092 /yr","1. Computing
2. HPC
3. Supercomputing
4. 0 + years of related experience",no,yes
Quality Assurance Specialist,2025-08-15,https://jobright.ai/jobs/info/6882c51a835a903aa07f0a8e?utm_source=1100&utm_campaign=Software Engineering,On Site,"Moorpark, CA",Ensign-Bickford Aerospace & Defense Company (EBAD),501-1000,"Aerospace,Energy",$60K-$85K /yr,"1. High School Diploma or GED equivalent
2. 1 - 2 years of related work experience or equivalent combination of education, training, and experience
3. Solid ability to read and understand drawing requirements including a solid understanding of Geometric Dimensioning and Tolerance to ANSI Y14.5
4. Good knowledge of engineering drawings and specification systems
5. Strong computer skills and is proficient in MS Office Suite (Word, Access, PowerPoint, Excel)
...",not sure,
Software Development Engineer I- NGA,2025-08-15,https://jobright.ai/jobs/info/689f7ae1faa4e875e8288a10?utm_source=1100&utm_campaign=Software Engineering,On Site,"St Louis, MO",Esri,5001-10000,"3D Technology,Analytics",$76K-$129K /yr,"1. 1+ years of Javascript experience
2. Professional experience in a similar position supporting similar responsibilities
3. Strong foundation in object-oriented software principles
4. Ability to analyze software/algorithms and identify improvements
5. Defense and Intel domain experience
...",no,
Software Development Engineer I- National Geospatial-Intelligence Agency,2025-08-15,https://jobright.ai/jobs/info/689f7a21b3e889632cf07893?utm_source=1100&utm_campaign=Software Engineering,On Site,"St Louis, MO",Esri,5001-10000,"3D Technology,Analytics",$76K-$129K /yr,"1. 1+ years of Javascript experience
2. Professional experience in a similar position supporting similar responsibilities
3. Strong foundation in object-oriented software principles
4. Ability to analyze software/algorithms and identify improvements
5. Defense and Intel domain experience
...",no,
"Software Engineer (Associate, Experienced, or Senior)",2025-08-15,https://jobright.ai/jobs/info/689f6e0d79a9f96662556d4d?utm_source=1100&utm_campaign=Software Engineering,On Site,"USA - Mesa, AZ",Boeing,1001-5000,"Aerospace,Industrial",$86700-$117300 /yr,"1. 1 plus year of experience in programming languages like Python, C, C++, C#, Rust, Java, or Ada
2. 1 plus year of experience in software development, testing, or any part of the software lifecycle
3. This position requires the ability to obtain a Secret U.S. Security Clearance for which the US Government requires U.S. Citizenship
4. Ability to obtain Secret U.S. Security clearance (Post-Start)",no,
Web Developer I,2025-08-15,https://jobright.ai/jobs/info/689f659efaa4e875e8286813?utm_source=1100&utm_campaign=Software Engineering,On Site,"Philadelphia, PA","CrossTech Consulting Group, Inc. ",1-10,,$38-$40 /hr,"1. BA/BS in Mathematics, Computer Science, Information Systems, or related field, or equivalent knowledge acquired by work experience and training.
2. Development skills in Java, Angular, React/React Native, JavaScript, HTML, CSS
3. Familiar with SQL Server
4. Familiar with performance, scalability, security, and testing applications.
5. Familiar with various design and architectural patterns.
...",not sure,
"Junior IT Governance Analyst - Hybrid (New York, Jersey City, or Raleigh)",2025-08-15,https://jobright.ai/jobs/info/689f6387faa4e875e828660d?utm_source=1100&utm_campaign=Software Engineering,Hybrid,"Multi Location
New York, NY United States of America
Jersey City, NJ United States of America
Greensboro, NC United States of America
Raleigh, NC",Arch Insurance Group Inc.,1001-5000,"Finance,Financial Services",$65000-$95000 /yr,"1. Prior experience in Agile methodology and Product-Oriented IT framework is a benefit.
2. Excellent analytical and problem-solving skills, with attention to detail, and ability to plan and execute activities with limited direction.
3. Strong time management, planning, and organizational skills.
4. Ability to work with a sense of urgency and adapt easily to change.
5. Strong collaboration and teamwork skills.
...",not sure,
Junior Software Engineer,2025-08-15,https://jobright.ai/jobs/info/689f61c6faa4e875e82864fb?utm_source=1100&utm_campaign=Software Engineering,Hybrid,"Annapolis Junction, MD","Visionist, Inc.",51-100,"Analytics,Consulting",$80K-$120K /yr,"1. Active Top Secret (TS/SCI) Clearance With Polygraph Is Required.
2. Bachelor's degree in a technical discipline. (Additional 4 years of experience may substitute degree)
3. Experience using Java
4. Experience with Modern JavaScript frameworks such as VueJS, React, Angular, etc.
5. Experience with Spring Boot Rest APIs and Spring Libraries such as Spring Security, Spring Data, etc.
...",no,
Web Operations Specialist,2025-08-15,https://jobright.ai/jobs/info/689f5ea879a9f9666255665a?utm_source=1100&utm_campaign=Software Engineering,Hybrid,"Norman, Oklahoma",OU Education Services,51-100,,$50000-$60000 /yr,"1. Bachelor’s degree
2. 1 to 3 years of experience in a digital project coordination, web operations, project management or similar role
3. Hands-on experience with WordPress - comfortable reviewing page structures, plugins, and general CMS organization
4. Familiar with Google Tag Manager & GA4
5. Monday.com or similar project management tools
...",no,
Transformation Engineer,2025-08-15,https://jobright.ai/jobs/info/689f4cff79a9f96662555d81?utm_source=1100&utm_campaign=Software Engineering,Hybrid,"Parsippany, NJ",Avis Budget Group,10000+,"Property Management,Real Estate",$66K-$90K /yr,"1. Bachelor’s Degree in an engineering field such as Computer Science, Data Science, Operations Research, Physics
2. 1+ years of programming experience with languages such as Python, Java, TypeScript/JavaScript and a strong understanding of object oriented programming concepts
3. 1+ years of experience in a customer-facing environment, with proven ability to engage and collaborate with stakeholders outside of your immediate team
4. Experience building applications to efficiently collect, manage, and process large data sets for analytics, ensuring fast performance and user-friendly interfaces
5. Comfortable in a fast-paced, high-demand environment with ever-evolving objectives
...",not sure,
Software Engineer (Storage),2025-08-15,https://jobright.ai/jobs/info/685d4c1739196a6016d23cb3?utm_source=1100&utm_campaign=Software Engineering,On Site,"San Jose, CA","Super Micro Computer Spain, S.L.",1001-5000,"Data Storage,Internet of Things",$100K-$125K /yr,"1. BS in EE/CC/CE
2. Experience in building storage products
3. Excellent problem-solving and analytical skills
4. Ability to multi-task against disparate projects and timelines
5. Extensive experience in Linux OS and Windows
...",not sure,
"Software Engineer, Product",2025-08-15,https://jobright.ai/jobs/info/685e91a7dab85c734ed90a72?utm_source=1100&utm_campaign=Software Engineering,On Site,"New York, NY",Meta,10000+,"Artificial Intelligence (AI),Augmented Reality",US$178360-US$200200 /yr,"1. Bachelor's degree (or foreign degree equivalent) in Computer Science, Engineering, Information Systems, Analytics, Mathematics, Physics, Applied Sciences, or a related field and completion of one graduate-level coursework, research project or internship
2. Completion of one graduate-level coursework, research project or internship must include experience in the following:
3. 1. Coding in at least one of the following industry-standard languages: C, C++, Java, or C#
4. 2. Building large-scale infrastructure applications
5. 3. Creating web applications using at least one of the following: Python, PHP, or Ruby
...",not sure,
"Senior Associate, Quality Assurance",2025-08-15,https://jobright.ai/jobs/info/682e71d0a356a58cf6607206?utm_source=1100&utm_campaign=Software Engineering,Hybrid,"Chicago, IL",The Options Clearing Corporation (OCC),1001-5000,"Finance,Financial Services",$81200-$137200 /yr,"1. Basic knowledge of a development lifecycle under Waterfall and/or Agile methodologies.
2. Broad based knowledge of Lifecyle development, change control management, test planning management.
3. Strong analytical skills with potential to display methods of testing highly sophisticated systems, progressively diagnose system defects, and clearly communicate project constituents, key findings, and learnings.
4. Strong communication skills, written and oral, sound judgement and time management skills, ability to work effectively with clients (users), management and staff.
5. Highly motivated self-starter with creative problem-solving skills.
...",no,
Software Engineer (C++),2025-08-15,https://jobright.ai/jobs/info/68725f1ba5ae807a59d0656e?utm_source=1100&utm_campaign=Software Engineering,Hybrid,"Los Angeles, CA (On-site)",Freeform,11-50,"3D Technology,Electronics",$100000-$145000 /yr,"1. Bachelor's degree in computer science or computer engineering
2. Internship experience programming in C++ or Rust",not sure,
Software Engineer,2025-08-15,https://jobright.ai/jobs/info/689e87e183d13d1f5b6bd6a9?utm_source=1100&utm_campaign=Software Engineering,Remote,"Rochester, MN",Mayo Clinic Healthcare,251-500,,$100K-$140K /yr,"1. Bachelor's Degree in Computer Science/Engineering or related field; Or an Associates’ degree in Computer Science/Engineering or related field with an additional 2 years of experience as described below.
2. Have working knowledge and experience of Software Engineering with a minimum of internships and a minimum of 1 yr. of experience, or 2yrs of experience coding applications or services in a high-level language (C, C++, Golang, Java, C# etc.).
3. Demonstrated problem solving and time management skills.
4. Possesses strong technical aptitude for designing and implementing software solutions.
5. Experience with modern application development frameworks.
...",no,
Software Development Engineer I- National Geospatial-Intelligence Agency,2025-08-15,https://jobright.ai/jobs/info/689f76c4faa4e875e82886fa?utm_source=1100&utm_campaign=Software Engineering,On Site,"St. Louis, MO - Globe",Esri,5001-10000,"3D Technology,Analytics",$75920-$129480 /yr,"1. 1+ years of Javascript experience
2. Professional experience in a similar position supporting similar responsibilities
3. Strong foundation in object-oriented software principles
4. Ability to analyze software/algorithms and identify improvements
5. Defense and Intel domain experience
...",no,
Applications Engineer I,2025-08-15,https://jobright.ai/jobs/info/682fd353105316571cf2080e?utm_source=1100&utm_campaign=Software Engineering,Hybrid,"Los Angeles, CA",Silvus Technologies,101-250,"Information Technology,Robotics",$70K-$90K /yr,"1. Bachelor of Science in Electrical Engineering, Engineering Technology, or related technical field.
2. Proficiency in instruments such as spectrum analyzers, multimeters, signal generators, and other RF and data network test equipment and testing.
3. Must possess an ability to work independently, take initiative, multitask, and effectively interact with cross-functional teams and customers.
4. Strong verbal and written communication skills are a must to effectively communicate with customers and internally across the entire organization.
5. Excellent organizational skills and attentiveness to details.
...",no,
Business Applications Owner I,2025-08-15,https://jobright.ai/jobs/info/687ea878764c3d7411c45454?utm_source=1100&utm_campaign=Software Engineering,Hybrid,"Buffalo Grove, IL",Onbe,251-500,"Finance,Financial Services",$85K-$100K /yr,"1. Bachelor’s degree in Computer Science or Accounting/Finance
2. At least 1 year of experience in product development, technology, business analysis, or related fields.
3. Experience with delivering data-driven solutions with a customer-first approach
4. Familiarity with prototyping, iterative development, and Agile methodologies.
5. Experience working on internal applications or enterprise systems, including data and intelligence solutions.
...",not sure,
Associate Software Engineer,2025-08-15,https://jobright.ai/jobs/info/689f34fd79a9f96662554f8d?utm_source=1100&utm_campaign=Software Engineering,Remote,United States,Evolent,1001-5000,"Health Care,Hospital",$65K-$70K /yr,"1. Bachelor’s degree in Computer Science, Software Engineering, or a related field.
2. Proficiency in at least one programming language such as C#, Java, or Python.
3. Familiarity with version control systems like Git.
4. Basic understanding of software development methodologies (e.g., Agile, Scrum).
5. Strong problem-solving skills and attention to detail.
...",not sure,
"Manager III, Software Dev - AMZ26552.1",2025-08-15,https://jobright.ai/jobs/info/6882fa46b54cac0f1e73418c?utm_source=1100&utm_campaign=Software Engineering,On Site,"Seattle, WA",Amazon Web Services (AWS),10000+,"Consulting,DevOps",$185K-$250K /yr,"1. Bachelor’s degree or foreign equivalent degree in Computer Science, Engineering, Mathematics, or a related field
2. one year of experience in the job offered, or as a Software Engineer, Software Developer, or a related occupation
3. one year of experience in providing technical leadership and project management for all aspects of the software development lifecycle
4. one year of experience in developing large-scale, multi-tiered distributed software systems using Java, C#, or C++
5. experience in service-oriented architecture
...",not sure,
Software Engineer,2025-08-15,https://jobright.ai/jobs/info/68827262835a903aa07ed978?utm_source=1100&utm_campaign=Software Engineering,On Site,"Hanover, MD","OPS Consulting, LLC",101-250,"Consulting,Information Technology",$50K-$290K /yr,"1. Bachelor's degree in computer science
2. A current government clearance, background investigation, and polygraph are required.",no,
"Software Engineer, Site Reliability",2025-08-15,https://jobright.ai/jobs/info/68830ce3b54cac0f1e7351c2?utm_source=1100&utm_campaign=Software Engineering,Hybrid,"San Mateo, CA",Roblox,1001-5000,"3D Technology,Gaming",$153K-$193K /yr,"1. BS degree (or equivalent professional experience) in Computer Science or related engineering field
2. At least 1-3 years of experience with added advantage working in the Site Reliability space in SRE or Software Engineering
3. Experience and good habits around building software and tools and getting them adopted
4. Experience writing common programming languages (Go, C#, Java)
5. Ability to organize work and overcome emergent issues
...",not sure,
Sr. Associate - Software Engineering,2025-08-15,https://jobright.ai/jobs/info/689a2dbe5574fd6bc0c805ed?utm_source=1100&utm_campaign=Software Engineering,On Site,"San Diego, CA","Midland Credit Management, an Encore Capital Group Company",1001-5000,Financial Services,$29.71-$36.06 /hr,"1. Bachelor of Technology/Engineering or equivalent degree.
2. 0–2 years of professional experience (internships and academic projects welcome).
3. Familiarity with relevant programming languages (e.g., Java, C#, Python, HTML, SQL).
4. Experience using Eclipse-based IDEs and working in Windows OS environments.
5. Strong adherence to coding standards and ability to identify and resolve basic software issues.
...",not sure,yes
"Software Engineer II, Proof of Concepts",2025-08-15,https://jobright.ai/jobs/info/6882c0e3835a903aa07f08ba?utm_source=1100&utm_campaign=Software Engineering,On Site,"San Diego, CA",Brain Corp,101-250,"Artificial Intelligence (AI),Autonomous Vehicles",$125K-$130K /yr,"1. BS or MS in Computer Science or applicable engineering discipline
2. 1-3 years of demonstrated experience in software development for complex function-based software that interacts with sensor inputs, control loops, redundancy, and visualization with a strong emphasis on rapid prototyping and iterative development.
3. Demonstrated proficiency with OO C++ and Python production level coding, with a proven ability to develop quickly for proof of concept needs.
4. Curiosity to rapidly gain subject matter expertise in specific functional areas while keeping aware of the larger landscape of customer use case and value, especially for rapid validation.
5. Excellent technical and analytical skills
...",not sure,
"Software Engineer, 2026 New Grad",2025-08-15,https://jobright.ai/jobs/info/68a46690e9f1c744da121c00?utm_source=1100&utm_campaign=Software Engineering,On Site,"Multi Location
Los Angeles, CA
San Francisco, CA
New York, NY",Whatnot,501-1000,"Collectibles,E-Commerce",$140K-$150K /yr,"1. Graduating with a CS or Software Engineering degree in Dec 2025 or by Summer 2026
2. Some industry software engineering experience
3. Problem solver and out-of-the-box thinker
4. Willing to take risks and build product and systems for 1M+ users
5. Capable of building scalable systems
...",not sure,yes
Software Engineer III – Backend – Personalization,2025-08-15,https://jobright.ai/jobs/info/689f0704faa4e875e82842fe?utm_source=1100&utm_campaign=Software Engineering,On Site,"San Mateo, CA",Fanatics,10000+,"eSports,Manufacturing",$193800-$193800 /yr,"1. Master’s degree in Computer Science, or closely related
2. 1 year of experience in the job offered or in backend development
3. 1 year of core experience in Java, REST, Spring, SQL, AWS, APIs, Git, Agile methodology and Kubernetes
4. 1 year of personalization-centric experience with data processing and ML technologies: streaming data (e.g. Apache Kafka, Apache Spark), NoSQL databases (e.g. MongoDB), experimentation platforms (e.g. LaunchDarkly, Eppo), cloud data warehousing (e.g. Snowflake, Databricks)",not sure,
"Software Engineer II, Backend (Loan Originations & Reporting)",2025-08-15,https://jobright.ai/jobs/info/6882adec835a903aa07f0023?utm_source=1100&utm_campaign=Software Engineering,Hybrid,"Multi Location
Detroit, MI
Boise, ID
Richmond, VA
St Louis, MO
Portland, OR
Denver, CO
Las Vegas, NV
San Jose, CA
San Diego, CA
Minneapolis, MN
Sioux Falls, SD
Washington, DC
Philadelphia, PA
Palo Alto, CA
Cleveland, OH
Raleigh, NC
Madison, WI
Nashville, TN
Baltimore, MD
Dallas, TX
Miami, FL
Houston, TX
Phoenix, AZ
Remote US",Affirm,1001-5000,"Financial Services,FinTech",$160000-$210000 /yr,"1. 1.5+ years of experience as a software engineer.
2. Experience designing, developing and launching backend systems.
3. Proficient in one of Python or Kotlin.
4. Familiar with the building blocks of distributed systems, and the technologies like AWS, MySQL and Kubernetes.
5. Mastered taking a simple problem or business scenario into a solution that interacts with multiple software components.
...",not sure,
Infrastructure Engineer,2025-08-14,https://jobright.ai/jobs/info/68a00d9d83d13d1f5b6ccf6c?utm_source=1100&utm_campaign=Software Engineering,On Site,"North Carolina, United States",University of North Carolina at Chapel Hill,501-1000,"Education,Higher Education",$52K-$82K /yr,"1. Advanced degree in Information Science, Computer Science, or a combination of related education and experience
2. Experience in a research support organization responsible for deploying research data management support technology and services
3. Experience in open source software communities
4. In-depth applied knowledge of systems administration, database engineering, and network management
5. Ability to effectively communicate with audiences of various backgrounds and professional levels including university administrators, faculty researchers, students, and other research stakeholders",not sure,yes
Firmware Engineer Graduate,2025-08-14,https://jobright.ai/jobs/info/689ea94ffaa4e875e827ec8b?utm_source=1100&utm_campaign=Software Engineering,Hybrid,"Spring, Texas, United States of America",Hewlett Packard Enterprise,10000+,"Data Center,Enterprise Software","$100,000-$128,500 /yr","1. Bachelor's or Master's degree in Computer Science, Electrical Engineering, Computer Engineering or equivalent.
2. Typically 0-2 years experience.
3. Experience or understanding of firmware design tools and languages.
4. Good analytical and problem-solving skills.
5. Understanding of firmware and hardware design principles.
...",not sure,yes
Software Engineering Graduate,2025-08-14,https://jobright.ai/jobs/info/689e99fd83d13d1f5b6be0a8?utm_source=1100&utm_campaign=Software Engineering,Hybrid,"Spring, Texas, United States of America",Hewlett Packard Enterprise,10000+,"Data Center,Enterprise Software","$100,000-$128,500 /yr","1. Bachelor's or Master's degree in Computer Science, Information Systems, or equivalent
2. Typically, 0-2 years experience
3. Experience or understanding of software systems design tools and languages.
4. Good analytical and problem-solving skills.
5. Understanding of design for software systems running on multiple platform types
...",not sure,yes
Engineer Software - Embedded and Real Time (Melbourne Florida),2025-08-14,https://jobright.ai/jobs/info/68a5ce75758f2e4ac3fe0a14?utm_source=1100&utm_campaign=Software Engineering,Hybrid,United States-Florida-Melbourne,Northrop Grumman Australia,251-500,,$77200-$115800 /yr,"1. Bachelor's degree in a STEM discipline (Science, Technology, Engineering or Math) with 2 years of related engineering experience; OR a Master’s degree in STEM with 0 years of related engineering experience
2. Knowledge with Agile Framework.
3. Knowledge developing software and scripts in C, Object Oriented C++, AND/OR Python for Safety/Mission Critical applications/Systems.
4. Knowledge with Software Change Control, Change Management, and CI/CD tools such as: Atlassian tool suite (Jira, Confluence, Bitbucket, Bamboo), AND/OR GitHub, GitLab, Jenkins, Docker, Kubernetes.
5. Knowledge architecting, Designing, Modeling (Rhapsody OR Cameo)
...",no,yes
"New College Grad Software Engineer, Software Engineering Development (Apps)",2025-08-14,https://jobright.ai/jobs/info/689e865e79a9f9666254dac6?utm_source=1100&utm_campaign=Software Engineering,On Site,"San Jose, CA",Western Digital,10000+,"Big Data,Computer",$107K-$142K /yr,"1. A recent MS or PhD grad in Computer Science, Computer Engineering, Data Science, or a related field. (Dec 2024 - Dec 2025 Graduates only)
2. Right to work in the US without requiring Western Digital to commence or sponsor an immigration case in order to employ you at any point in the future required.
3. Experience with Python (Jupyter), C/C++, and at least one ML or AI framework (e.g., PyTorch, TensorFlow).
4. Completed coursework or hands-on projects involving GenAI, LLMs, or machine learning.
5. Comfort working with both relational and non-relational databases.",no,
"New College Grad Software Engineer, Software Engineering Development (Apps)",2025-08-14,https://jobright.ai/jobs/info/689e857b79a9f9666254d72f?utm_source=1100&utm_campaign=Software Engineering,On Site,"San Jose, CA",Western Digital,10000+,"Big Data,Computer","$106,600-$142,100 /yr","1. A recent MS or PhD grad in Computer Science, Computer Engineering, Data Science, or a related field. (Dec 2024 - Dec 2025 Graduates only)
2. Right to work in the US without requiring Western Digital to commence or sponsor an immigration case in order to employ you at any point in the future required.
3. Experience with Python (Jupyter), C/C++, and at least one ML or AI framework (e.g., PyTorch, TensorFlow).
4. Completed coursework or hands-on projects involving GenAI, LLMs, or machine learning.
5. Comfort working with both relational and non-relational databases.",no,
Software Engineer,2025-08-14,https://jobright.ai/jobs/info/689e80e9faa4e875e827d15c?utm_source=1100&utm_campaign=Software Engineering,On Site,"Annapolis Junction, MD",Accenture Federal Services,10000+,"Consulting,Finance","$103,700-$120,100 /yr","1. Bachelor’s degree in Computer Science or a related discipline from an accredited college or university, or 4 years of software engineering experience on projects with similar software processes may be substituted for a bachelor’s degree.
2. 100% onsite work requirement.
3. Active TS/SCI with polygraph.
4. Strong problem-solving skills and the ability to think critically and analytically.
5. Excellent communication and teamwork skills.
...",no,
Software / CNO Developer,2025-08-14,https://jobright.ai/jobs/info/689ea5c383d13d1f5b6be53d?utm_source=1100&utm_campaign=Software Engineering,Hybrid,"Baltimore, MD",Parsons Corporation,10000+,"Building Material,Construction",$87K-$152K /yr,"1. Degree from an accredited college or university in Computer Science or a related discipline and one of the following: 1+ years of experience with a Master's degree, 2+ years of experience with a Bachelor's degree or 5+ years of experience with Associate's Degree or HS Diploma
2. Active TS/SCI + Polygraph
3. Active Security+
4. C/C++, Python experience
5. Assembly experience (any platform/processor)",no,
"Software Engineer, Full-Stack",2025-08-14,https://jobright.ai/jobs/info/689e557afaa4e875e827b23e?utm_source=1100&utm_campaign=Software Engineering,Remote,Remote (United States),Rescale,251-500,"Analytics,Artificial Intelligence (AI)",,"1. 2+ years of full-stack experience building performant, modern UIs using React and Typescript as well as backend web application development.
2. Expertise or strong interest in the following areas: web performance optimization (including ORM and DB profiling), deploying and scaling web applications using cloud services, application security.
3. High enthusiasm for supporting both rapid proof-of-concept prototypes as well as robust, mission critical components for both internal and external stakeholders.
4. Comfortable with ambiguity, strong user-first mindset, and ability to come up with non-regrettable technical solutions.
5. Flexibility and dedication to work with designers, product managers, and other engineers in a team to ship exceptional software.
...",not sure,
NSW Software Engineering Scientist Associate,2025-08-14,https://jobright.ai/jobs/info/689e649879a9f9666254bde9?utm_source=1100&utm_campaign=Software Engineering,On Site,PICKLE RESEARCH CAMPUS,The University of Texas at Austin,501-1000,"Corporate Training,Education",$88500-$120000+ /yr,"1. Bachelor’s degree in Computer Science, Computer Engineering, Software Engineering or other related discipline.
2. Demonstrated experience with C++.
3. Demonstrated experience with Python.
4. Thorough understanding of object-oriented programming concepts, data structures/design patterns/algorithm performance analysis.
5. Understanding of the software development lifecycle.
...",no,
Application Engineer I,2025-08-14,https://jobright.ai/jobs/info/689e518179a9f9666254adf5?utm_source=1100&utm_campaign=Software Engineering,Remote,"Folsom, CA",Inductive Automation,101-250,Software,$90000-$100000 /yr,"1. Bachelor’s degree in Computer Science, Engineering or similar subject (or equivalent experience)
2. 1-2 years as a developer or like experience
3. Good knowledge of SQL Databases and SQL language
4. Experienced in programming languages such as Python and Java
5. Knowledge of Windows and Linux
...",not sure,
Software / CNO Developer,2025-08-14,https://jobright.ai/jobs/info/68a5edc4758f2e4ac3fe17a2?utm_source=1100&utm_campaign=Software Engineering,Hybrid,US - MD (Field Location),ParsonsKellogg,11-50,"Advertising,Marketing","$86,700-$151,700 /yr","1. Degree from an accredited college or university in Computer Science or a related discipline and one of the following: 1+ years of experience with a Master's degree, 2+ years of experience with a Bachelor's degree or 5+ years of experience with Associate's Degree or HS Diploma
2. Active TS/SCI + Polygraph
3. Active Security+
4. C/C++, Python experience
5. Assembly experience (any platform/processor)",no,
Embedded Software Engineer,2025-08-14,https://jobright.ai/jobs/info/689e5deb79a9f9666254b76c?utm_source=1100&utm_campaign=Software Engineering,On Site,"Santa Maria, CA",Space Information Laboratories,11-50,"Information Technology,Manufacturing",$85K-$111K /yr,"1. 1-2 years of experience in VxWorks programming, FPGA and Microcontroller embedded software engineering, and analysis and interpretation of physical phenomena or engineering data.
2. Proficient in all phases of engineering development (requirements, design, test and production)
3. FPGA and Microcontroller (Atom, PIC, Atmel, etc.) and embedded software
4. Experience with real-time embedded operating system and communication ports (RS-232/422/485, USB, CAN, Ethernet, etc.) connected to navigation (GPS Rx, INS, IMU, etc.) and environmental sensors
5. Real-time Operating Systems (VxWorks, Linux, etc.) running multiple digital I/O
...",no,
Quality Assurance Analyst,2025-08-14,https://jobright.ai/jobs/info/68a7a70c33dd7158bbca8996?utm_source=1100&utm_campaign=Software Engineering,Remote,United States,U-Haul,10000+,"Logistics,Service Industry",$50K-$70K /yr,"1. 1-3 years of software development, testing, and/or technical support experience.
2. Must have excellent communications skills (verbal and written) and be detailed oriented.
3. Must have excellent time management skills, be able to multi-task, and have exceptional organizational skills.
4. Must have a strong interest in technology and its advancement and be able to translate technical terms and processes to the appropriate audience.
5. Knowledge of the practical application of engineering science and technology, including applied principles, techniques, procedures, and equipment, along with design techniques, tools, and principles is essential.
...",no,
Software Dev Engineer II - AMZ24351.1,2025-08-14,https://jobright.ai/jobs/info/68818e0629ad6b2744ae3016?utm_source=1100&utm_campaign=Software Engineering,On Site,"New York, NY",Amazon Web Services (AWS),10000+,"Consulting,DevOps",$158K-$214K /yr,"1. A Bachelor's degree or foreign equivalent in Computer Science, Engineering, Mathematics, or a related field
2. One year of experience in the job offered or a related occupation
3. One year of experience in designing and developing large-scale, multi-tiered, multi-threaded, embedded or distributed software applications, tools, systems, and services using: C#, C++, Java, or Perl
4. Experience in Object Oriented Design",not sure,
Software Engineer,2025-08-14,https://jobright.ai/jobs/info/689e3d1d79a9f96662548bbf?utm_source=1100&utm_campaign=Software Engineering,Hybrid,"Woonsocket, RI",CVS Health,10000+,"Health Care,Medical",$72K-$173K /yr,"1. 1+ years of work experience with designing and building software engineering solutions leveraging cloud.
2. 1+ years of experience in one or more modern languages, such as Python, Java, Node.Js, JavaScript, React, SQL, etc.
3. Experience with Fullstack development leveraging React.js.
4. Bachelor’s Degree or equivalent work experience in Computer Science, Information Systems, Data Engineering, Data Analytics, Machine Learning, or related field required.",no,
Programmer Analyst,2025-08-14,https://jobright.ai/jobs/info/689e3a7583d13d1f5b6b8230?utm_source=1100&utm_campaign=Software Engineering,Hybrid,Boca Raton,Schmidt College of Medicine at Florida Atlantic University,101-250,,$72000-$77000 /yr,"1. Bachelor's Degree from an accredited institution and one year of appropriate experience; or HS Diploma and 4 years of appropriate experience required.
2. Develops in Java and Groovy and maintains and extends systems built on Grails, Ruby on Rails, and ColdFusion.
3. Works with HTML, CSS, and JavaScript for maintaining or modifying front-end components as needed.
4. Follows and refines established software development lifecycle (SDLC) and migration processes.
5. Integrates systems using SnapLogic (a data integration and automation platform).
...",not sure,
"Engineering -New York - Associate, Software Engineering - 9658253",2025-08-14,https://jobright.ai/jobs/info/689e383b79a9f96662548264?utm_source=1100&utm_campaign=Software Engineering,On Site,"New York, NY",Goldman Sachs,10000+,"Banking,Finance",$138K-$171K /yr,"1. Master’s degree (U.S. or foreign equivalent) in Computer Science, Computer Engineering, Management Information Systems, Sustainability Management, or a relevant field and one (1) year of experience in job offered or a related role OR Bachelor’s degree (U.S. or foreign equivalent) in Computer Science, Computer Engineering, Management Information Systems, Sustainability Management, or a relevant field and three (3) years of experience in job offered or a related role.
2. Prior experience must include one (1) year of experience (with a Master’s degree) OR three (3) years of experience (with a Bachelor’s degree) with the following: full software development lifecycle, including requirements gathering, design, coding, testing, documentation, deployment, and production support.
3. Design and build high performance front-end application with JavaScript/TypeScript and advanced React Features.
4. Programming technologies including Java, JavaScript/TypeScript, Spring, React, CSS/SCSS, html and Ag-Grid.
5. Relational database management system (RDBMS) such as Sybase or Oracle.
...",no,
East Coast Junior Processor,2025-08-14,https://jobright.ai/jobs/info/689e32d3faa4e875e8277c4e?utm_source=1100&utm_campaign=Software Engineering,Remote,"Multi Location
Remote - New York
Remote - Maryland
Remote - Delaware
Remote - North Carolina
Remote - New Hampshire
Remote - Vermont
Remote - Maine
Remote - DC
Remote - Open","Pretium Enterprise Services, India",,,$20-$25 /hr,"1. 1+ years of mortgage or financial services experience preferred.
2. Strong attention to detail and organizational skills.
3. Ability to manage multiple priorities in a fast-paced environment.
4. Strong communication skills and a collaborative mindset.",not sure,
"Technical Associate- GIS Analyst, IT GIS Team",2025-08-14,https://jobright.ai/jobs/info/689e329579a9f96662547e79?utm_source=1100&utm_campaign=Software Engineering,On Site,"Pearl River, NY, United States",Con Edison,,,$72000-$75000 /yr,"1. Contributing to the analysis of system problems and the formulation of system changes.
2. Developing code and/or assisting with implementation of vendor packages.
3. Performing testing and updates of documentation.
4. General knowledge of distributed (multi-tiered) systems.
5. Understanding of algorithms.
...",not sure,
"Martech Engineer 2, Adobe",2025-08-14,https://jobright.ai/jobs/info/689e3256faa4e875e8277aeb?utm_source=1100&utm_campaign=Software Engineering,Hybrid,United States,"Adswerve, Inc.",251-500,"Advertising,Analytics",$115K-$145K /yr,"1. 1–3 years of consulting or implementation experience with Adobe Target, Adobe Journey Optimizer or Adobe Campaign
2. Familiarity with HTML, CSS, JavaScript, or similar web technologies.
3. Experience with Adobe Launch and Adobe Experience Platform.
4. Experience leading client engagements from discovery to deployment.
5. Proficiency with APIs, JavaScript, and web technologies relevant to platform integrations.",not sure,
Software Engineer,2025-08-14,https://jobright.ai/jobs/info/689e323b83d13d1f5b6b7ae6?utm_source=1100&utm_campaign=Software Engineering,Hybrid,RI - Woonsocket,CVS Health,10000+,"Health Care,Medical",$72100-$173040 /yr,"1. 1+ years of work experience with designing and building software engineering solutions leveraging cloud.
2. 1+ years of experience in one or more modern languages, such as Python, Java, Node.Js, JavaScript, React, SQL, etc.
3. Experience with Fullstack development leveraging React.js.
4. Bachelor’s Degree or equivalent work experience in Computer Science, Information Systems, Data Engineering, Data Analytics, Machine Learning, or related field required.",no,
Cloud Engineer,2025-08-14,https://jobright.ai/jobs/info/689e315c83d13d1f5b6b76cb?utm_source=1100&utm_campaign=Software Engineering,Hybrid,"Jersey City, NJ",Brown Brothers Harriman,5001-10000,"Banking,Financial Services",$100K-$145K /yr,"1. Experience managing Microsoft Azure IaaS, PaaS services and infrastructure.
2. Familiarity with Azure services such as virtual machines, storage, networking & Express Route.
3. Strong problem-solving skills and the ability to troubleshoot technical issues.
4. Excellent communication and teamwork skills, with a willingness to learn and adapt in a collaborative environment.",not sure,
"Web Services Back End Development Specialist II (Information Services Specialist II, Opt. A)",2025-08-14,https://jobright.ai/jobs/info/689e29b1faa4e875e82773e0?utm_source=1100&utm_campaign=Software Engineering,Hybrid,"Springfield, IL",Illinois Department of Innovation & Technology (DoIT),1001-5000,"Government,Information Technology",$6242-$9021 /mon,"1. Requires knowledge, skill, and mental development equivalent to completion of two (2) years of college with course work in computer science or directly related fields.
2. Requires one (1) year of Application Services or related Information Technology experience.
3. Requires the ability to verify identity and self-disclosure of criminal history.
4. Requires employment authorization to accept permanent full-time position with the State of Illinois.
5. Requires the ability to pass a position specific, agency required background check.
...",no,
Embedded Software Engineer - Early Career,2025-08-14,https://jobright.ai/jobs/info/689ed85d83d13d1f5b6c2bcc?utm_source=1100&utm_campaign=Software Engineering,Hybrid,"Multi Location
Possible
Owego New York",Lockheed Martin,10000+,"Aerospace,Cyber Security",$84300-$146165 /yr,"1. BS Computer Engineering, Software Engineering, Computer Science, or equivalent STEM computing field with 2 years related professional experience or no experience required with a related Masters degree
2. Experience using C, C++ or similar programming languages
3. Experience with full software life-cycle development, processes and tools
4. Must be a US Citizen; this position will require a government security clearance at the Secret level. This position is located at a facility that requires special access.",no,yes
Application Engineer III,2025-08-14,https://jobright.ai/jobs/info/68817b8c16ea5743a373967b?utm_source=1100&utm_campaign=Software Engineering,On Site,"Reno, NV",Arrow Electronics,10000+,"Consulting,Electrical Distribution",$99K-$142K /yr,"1. 1-2 FTZ Implementations
2. 1-2 years of Warehouse Experience
3. Transportation Management (TMS) Experience
4. Experience debugging Oracle PL/SQL and writing advanced level queries, specifically in Oracle PL/SQL
5. Ability to work as part of a cross-cultural team including flexibility to support multiple locations when necessary
...",not sure,
Software Engineer,2025-08-14,https://jobright.ai/jobs/info/689ebdb283d13d1f5b6c0b13?utm_source=1100&utm_campaign=Software Engineering,On Site,"San Francisco, CA",Orbit,1-10,Web Development,$125K-$200K /yr,"1. Strong fundamentals in software engineering with a track record of delivering robust, maintainable systems
2. Comfortable working across the stack — from data pipelines and simulation tooling to user-facing applications
3. Interested in real-time data processing, scientific computing, and working close to cutting-edge neuroimaging hardware
4. Able to quickly learn new technologies, dive deep into unfamiliar problem spaces, and contribute in multiple areas
5. Excited to learn neuroimaging and neuroscience context (we will support you in getting up to speed)",not sure,
Quality Assurance Tech I - Nights,2025-08-14,https://jobright.ai/jobs/info/68816ef229ad6b2744ae21d2?utm_source=1100&utm_campaign=Software Engineering,On Site,"Louisville, KY",Dawn Foods Global,1001-5000,"Food and Beverage,Manufacturing",$20.50-$20.75 /hr,"1. 1 year of experience and/or equivalent education in supporting plants and assessing the effectiveness of plant quality and food safety programs
2. Ability to read and interpret documents such as safety rules, operating and maintenance instructions and procedure manuals
3. Ability to problem solve in variable situations
4. Must be able to work well with others and independently
5. Knowledge of basic lab equipment such as water activity, viscometers, etc.
...",not sure,
"Martech Engineer 2, Adobe",2025-08-14,https://jobright.ai/jobs/info/689e129483d13d1f5b6b67ab?utm_source=1100&utm_campaign=Software Engineering,Hybrid,United States - Remote,"Adswerve, Inc.",251-500,"Advertising,Analytics",$115000-$145000 /yr,"1. 1–3 years of consulting or implementation experience with Adobe Target, Adobe Journey Optimizer or Adobe Campaign
2. Familiarity with HTML, CSS, JavaScript, or similar web technologies.
3. Experience with Adobe Launch and Adobe Experience Platform.
4. Experience leading client engagements from discovery to deployment.
5. Proficiency with APIs, JavaScript, and web technologies relevant to platform integrations.",not sure,
Quality Assurance Engineer,2025-08-14,https://jobright.ai/jobs/info/689e0d28faa4e875e82765f1?utm_source=1100&utm_campaign=Software Engineering,On Site,"Huntsville, AL",LG Electronics,10000+,"Consumer Electronics,Electronics",$65000-$75000 /yr,"1. Bachelor’s degree (or equivalent) in engineering or related field with 1-3 years of experience in Quality
2. Bilingual (English and Korean) – a must
3. Attention to detail
4. Great communication skills
5. Working knowledge of quality assurance terminology, methods, and tools
...",not sure,
Software Engineer,2025-08-14,https://jobright.ai/jobs/info/68a74bd9758f2e4ac3feada3?utm_source=1100&utm_campaign=Software Engineering,Remote,"Chicago, IL",Echo Global Logistics,1001-5000,"Consulting,Logistics","$97,750-$143,600 /yr","1. 1-3 years developing commercial-grade business applications leveraging writing code in an OO programming language
2. 1-3 years developing commercial-grade business applications leveraging build or maintain fault tolerant systems
3. 1-3 years developing commercial-grade business applications leveraging data structure and algorithms
4. 1-3 years developing commercial-grade business applications leveraging SOA architecture
5. 1-3 years developing front end applications leveraging Javascript
...",not sure,
Client Application Specialist,2025-08-14,https://jobright.ai/jobs/info/689e09dbfaa4e875e827657c?utm_source=1100&utm_campaign=Software Engineering,Hybrid,"Mission, KS",GO2 Partners,51-100,"Advertising,Digital Marketing",$30-$40 /hr,"1. Experience with ecommerce platforms and related technologies (OrderForge, nopCommerce, Pressero, Chili Publish, Pageflex Studio, FusionPro).
2. Proficiency in HTML, CSS preferred.
3. Familiarity with Adobe Creative Cloud (Acrobat, InDesign, Illustrator).
4. Strong communication and interpersonal skills.
5. Excellent organization, time management, and prioritization.
...",not sure,
Quality Assurance Analyst,2025-08-14,https://jobright.ai/jobs/info/68a7a607d627244576e2dce7?utm_source=1100&utm_campaign=Software Engineering,Remote,"Phoenix, Arizona",U-Haul,10000+,"Logistics,Service Industry",$50000-$70000 /yr,"1. 1-3 years of software development, testing, and/or technical support experience.
2. Must have excellent communications skills (verbal and written) and be detailed oriented.
3. Must have excellent time management skills, be able to multi-task, and have exceptional organizational skills.
4. Must have a strong interest in technology and its advancement and be able to translate technical terms and processes to the appropriate audience.
5. Knowledge of the practical application of engineering science and technology, including applied principles, techniques, procedures, and equipment, along with design techniques, tools, and principles is essential.
...",no,
Software Engineer,2025-08-14,https://jobright.ai/jobs/info/689df9dafaa4e875e8275d52?utm_source=1100&utm_campaign=Software Engineering,On Site,"Multi Location
Seattle, WA
San Francisco, CA
Boca Raton, FL",Rokt,501-1000,"B2B,Big Data",$100K-$170K /yr,"1. Design & Build Innovative Products: Develop and iterate on next-generation ecommerce features and services, using AI and machine learning to create intelligent, personalized experiences.
2. Accelerate Development with AI: Leverage AI-driven tools and automation to speed up coding, testing, and deployment, allowing you to focus on creative problem-solving and quality.
3. Full-Stack Product Ownership: Work across the entire product lifecycle—from ideation and prototyping to implementation and continuous improvement—ensuring each feature delivers real value.
4. Collaborate & Innovate: Partner with product managers, designers, and other engineers to conceptualize and implement AI-driven solutions that enhance user experience and drive business outcomes.
5. Optimize & Scale: Identify performance bottlenecks and opportunities for improvement in our systems. Use data insights to refine user interfaces, optimize algorithms, and ensure our platform can scale to billions of transactions.
...",not sure,
"Engineering -New York - Associate, Software Engineering - 9658253",2025-08-14,https://jobright.ai/jobs/info/689df2bcfaa4e875e8275988?utm_source=1100&utm_campaign=Software Engineering,On Site,"New York, New York, United States",Goldman Sachs,10000+,"Banking,Finance",$138000-$171000 /yr,"1. Master’s degree (U.S. or foreign equivalent) in Computer Science, Computer Engineering, Management Information Systems, Sustainability Management, or a relevant field and one (1) year of experience in job offered or a related role OR Bachelor’s degree (U.S. or foreign equivalent) in Computer Science, Computer Engineering, Management Information Systems, Sustainability Management, or a relevant field and three (3) years of experience in job offered or a related role.
2. Prior experience must include one (1) year of experience (with a Master’s degree) OR three (3) years of experience (with a Bachelor’s degree) with the following: full software development lifecycle, including requirements gathering, design, coding, testing, documentation, deployment, and production support.
3. Design and build high performance front-end application with JavaScript/TypeScript and advanced React Features.
4. Programming technologies including Java, JavaScript/TypeScript, Spring, React, CSS/SCSS, html and Ag-Grid.
5. Relational database management system (RDBMS) such as Sybase or Oracle.
...",no,
Product Engineer I - Test (Server & Desktop Client),2025-08-14,https://jobright.ai/jobs/info/682cceecebdab74f4f0ffc7b?utm_source=1100&utm_campaign=Software Engineering,Hybrid,"Redlands, CA",Esri,5001-10000,"3D Technology,Analytics",$68640-$104000 /yr,"1. 1+ years of experience using testing frameworks such as JUnit or PyUnit
2. Hands-on experience with automation and deployment tools like Jenkins and Chef
3. Familiarity with web services and API development, including REST and SOAP
4. Experience working with cloud and web technologies such as AWS, Azure, and Kubernetes
5. Strong passion for learning new testing frameworks, writing effective tests, and identifying software weaknesses
...",not sure,
Full Stack Software Engineer,2025-08-14,https://jobright.ai/jobs/info/68816fe316ea5743a3739152?utm_source=1100&utm_campaign=Software Engineering,On Site,"Hawthorne, CA",SpaceX,1001-5000,"Advanced Materials,Aerospace",$15K-$145K /yr,"1. Bachelor's degree in computer science, engineering, math, or science discipline and 1+ years of experience in software development; OR 3+ years of professional experience building software in lieu of a degree
2. 1+ years of professional experience in full-stack development of production web applications
3. Experience with JavaScript libraries such as React and Redux
4. Professional experience developing Python applications",no,
Software Dev Engineer II - AMZ26498.1,2025-08-14,https://jobright.ai/jobs/info/68818fe016ea5743a3739ed5?utm_source=1100&utm_campaign=Software Engineering,On Site,"Hawthorne, CA",Amazon,10000+,"Delivery,E-Commerce",$144K-$194K /yr,"1. Bachelor's degree or foreign equivalent degree in Computer Science, Engineering, Mathematics, or a related field
2. One year of experience in the job offered or a related occupation
3. One year of experience in designing and developing large-scale, multi-tiered, multi-threaded, embedded or distributed software applications, tools, systems, and services using C#, C++, Java, or Perl
4. Experience in Object Oriented Design",not sure,
Software Developer,2025-08-14,https://jobright.ai/jobs/info/689441984c7e851b90ae4836?utm_source=1100&utm_campaign=Software Engineering,On Site,"Minneapolis, MN",Aspen Technology,1001-5000,"Industrial,Industrial Automation",$90K-$113K /yr,"1. Bachelor's or Master's degree in Computer Engineering, Electrical Engineering, Computer Science or related technical field.
2. Strong background in object-oriented programming
3. Strong understanding of graph-traversal algorithms
4. General knowledge of and ability to translate customer requirements into technical specifications and documentation.
5. Experience in identifying, communicating, and resolving problems in a collaborative, professional manner.
...",no,
Software Engineer I - Thermal Camera,2025-08-14,https://jobright.ai/jobs/info/6848ed5a61a808a7a2f37355?utm_source=1100&utm_campaign=Software Engineering,On Site,"Goleta, CA",Magna International,10000+,"Automotive,Industrial Engineering",$83K-$130K /yr,"1. Development of software for thermal imaging camera systems for ADAS and automotive applications.
2. Lead various aspects of software development relevant for Thermal Camera development such as GUI Interface, thermal sensor calibration software, image quality enhancement software algorithms, software traceability in server, and support testers used in production process.
3. Review and analyze product requirements (includes requirements from customer and supplier) and decompose the requirements to the lowest component level engineering.
4. Develop C++ engineering applications.
5. Design and development of SW used in the testing and validation of infrared Cameras.
...",not sure,
"Software Engineer, Platform Infrastructure",2025-08-14,https://jobright.ai/jobs/info/689dd705faa4e875e82748bd?utm_source=1100&utm_campaign=Software Engineering,On Site,"San Mateo, CA",Verkada,1001-5000,"Enterprise Software,Internet of Things",$120K-$220K /yr,"1. Must have a BS, MS, or PhD in Computer Science, or similar technical field of study
2. 1+ years of experience on cloud infrastructure or backend systems.
3. Strong problem solving and troubleshooting skills
4. Experience in Python and/or Go
5. Experience with one of the major cloud platforms (preferably AWS)
...",yes,
Application Analyst I - Epic Security,2025-08-14,https://jobright.ai/jobs/info/68a714af33dd7158bbca455a?utm_source=1100&utm_campaign=Software Engineering,On Site,"New York, NY",Memorial Sloan Kettering Cancer Center,10000+,"Education,Health Care",$91K-$145K /yr,"1. Active Epic certifications in Epic Security required
2. Active Epic Provider (SER) Administration Badge required
3. Experience with Epic Builds and Provisioning
4. Demonstrated ability to analyze requirements and translate them into technical designs.
5. Ability to contribute independently while collaborating within cross-functional teams.
...",not sure,
C++ Software Developer,2025-08-14,https://jobright.ai/jobs/info/686bd94035584b65420f3d37?utm_source=1100&utm_campaign=Software Engineering,On Site,"Chicago, IL",DRW,1001-5000,"Consulting,Finance",$175000-$175000 /yr,"1. A degree in Computer Science, Computer Engineering, or any related engineering discipline graduating between December 2025 and June 2026 (Bachelor's, Master's, PhD)
2. Excellent software development skills in modern C++
3. A strong understanding of object-oriented design, data structures and algorithms
4. A solid foundation in programming with the ability to think, communicate, and code clearly
5. An eagerness to learn and apply what you have learned, and to know the impact of your code
...",not sure,
Application System Developer I Atlassian Suite,2025-08-14,https://jobright.ai/jobs/info/689eb1a079a9f9666254efd3?utm_source=1100&utm_campaign=Software Engineering,Remote,United States,Navitus Health Solutions,501-1000,"Health Care,Information Technology",$68K-$81K /yr,"1. Associate college degree or University degree in the field of computer science or 1+ year equivalent work experience
2. Direct development experience in the Atlassian suite with automation focused around Jira Service Management, Jira Software, Confluence and Assets
3. Knowledge of programming languages and environments using structured techniques; system analysis and design principles K2 5, Dynamics CRM and/or SharePoint development and support experience
4. Hands on enterprise application troubleshooting experience
5. Proven analytical and problem-solving abilities
...",not sure,
"Software Engineer, C++ (New Grad)",2025-08-14,https://jobright.ai/jobs/info/68a6b659758f2e4ac3fe71ec?utm_source=1100&utm_campaign=Software Engineering,On Site,New York,Tower Research Capital,501-1000,,$150000-$180000 /yr,"1. A Bachelor’s, Master’s, or PhD degree in computer science or a related field
2. 0-1 years of experience
3. Deep knowledge of programming concepts and object-oriented programming
4. Proficiency in C++
5. Knowledge of SQL and relational databases
...",not sure,yes
Embedded Software Engineer (Web Interface Developer),2025-08-14,https://jobright.ai/jobs/info/689d8d2afaa4e875e82715e9?utm_source=1100&utm_campaign=Software Engineering,Hybrid,"Los Angeles, CA",Silvus Technologies,101-250,"Information Technology,Robotics",$43-$57 /hr,"1. Bachelor’s Degree in Electrical Engineering, Computer Science, or Computer Engineering.
2. Demonstrated expertise in JavaScript, HTML, and Python backend development.
3. Experience in mobile friendly web interface development.",no,
"Web Services Back End Development Specialist II (Information Services Specialist II, Opt. A)",2025-08-14,https://jobright.ai/jobs/info/689da6ae83d13d1f5b6b2ea0?utm_source=1100&utm_campaign=Software Engineering,Hybrid,"Springfield, IL",State of Illinois,10000+,"Association,Government",$6242-$9021 /mon,"1. Requires knowledge, skill, and mental development equivalent to completion of two (2) years of college with course work in computer science or directly related fields.
2. Requires one (1) year of Application Services or related Information Technology experience.
3. Requires the ability to verify identity and self-disclosure of criminal history.
4. Requires employment authorization to accept permanent full-time position with the State of Illinois.
5. Requires the ability to pass a position specific, agency required background check.
...",not sure,
Software Engineer I - Embedded Devices,2025-08-13,https://jobright.ai/jobs/info/68a6c6de758f2e4ac3fe7d62?utm_source=1100&utm_campaign=Software Engineering,On Site,"Chelmsford, MA",ZOLL Medical Corporation,11-50,"Health Care,Medical Device",$80K-$90K /yr,"1. BS degree required or Equivalent in Computer Science, Electrical/Computer Engineering or related engineering or science discipline required
2. Knowledge and Experience with one or more programming languages such as C, C++, C#, Python
3. Good written and verbal communication skills
4. Positive attitude and affinity for teamwork, logic, innovation, initiative and self sufficiency
5. Effective problem-solving skills",no,
Applicaton Analyst I - Epic Clinical Documentation,2025-08-13,https://jobright.ai/jobs/info/68a01f8983d13d1f5b6ce0d5?utm_source=1100&utm_campaign=Software Engineering,On Site,"New York, NY",Memorial Sloan Kettering Cancer Center,10000+,"Education,Health Care",$91K-$145K /yr,"1. Epic Clinical Documentation certification required
2. Working knowledge of HL7 and device integration
3. Demonstrated ability to analyze requirements and translate them into technical designs
4. Ability to contribute independently while collaborating within cross-functional teams
5. Strong understanding of Epic workflows
...",not sure,
Application Analyst I - Epic Beacon,2025-08-13,https://jobright.ai/jobs/info/68a022ddfaa4e875e828e648?utm_source=1100&utm_campaign=Software Engineering,On Site,"New York, NY",Memorial Sloan Kettering Cancer Center,10000+,"Education,Health Care",$91K-$145K /yr,"1. Certification in EPIC Beacon required
2. Proven ability to work independently while contributing within cross-functional teams.
3. Strong understanding of business process analysis and system design.
4. Ability to work in a high volume environment with limited supervision
5. Ability to clarify ambiguous problems and deliver innovative solutions.
...",not sure,
Embedded Software Engineer (Web Interface Developer),2025-08-13,https://jobright.ai/jobs/info/689d6d2f83d13d1f5b6b0005?utm_source=1100&utm_campaign=Software Engineering,Hybrid,Los Angeles CA,Silvus Technologies,101-250,"Information Technology,Robotics",$43.27-$57 /hr,"1. Bachelor’s Degree in Electrical Engineering, Computer Science, or Computer Engineering.
2. Demonstrated expertise in JavaScript, HTML, and Python backend development.
3. Experience in mobile friendly web interface development.",no,
Application Analyst I - Epic Ambulatory,2025-08-13,https://jobright.ai/jobs/info/68a00f2acc9ee94dc911bcf8?utm_source=1100&utm_campaign=Software Engineering,On Site,"New York, NY",Memorial Sloan Kettering Cancer Center,10000+,"Education,Health Care",$91K-$145K /yr,"1. Active certification in EPIC Ambulatory required
2. Proven ability to work independently while contributing within cross-functional teams.
3. Strong understanding of business process analysis and system design.
4. Ability to work in a high volume environment with limited supervision
5. Ability to clarify ambiguous problems and deliver innovative solutions.
...",not sure,
"Software Engineer, C++ (2026)",2025-08-13,https://jobright.ai/jobs/info/68793c7ded63844c94499cd3?utm_source=1100&utm_campaign=Software Engineering,On Site,"New York, United States",Tower Research Capital,501-1000,,$150K-$180K /yr,"1. A Bachelor’s, Master’s, or PhD degree in computer science or a related field
2. 0-1 years of experience
3. Deep knowledge of programming concepts and object-oriented programming
4. Proficiency in C++
5. Knowledge of SQL and relational databases
...",not sure,yes
Quality Assurance Tech I- Night Shift,2025-08-13,https://jobright.ai/jobs/info/687ffce99f72804245706528?utm_source=1100&utm_campaign=Software Engineering,On Site,"Denver, CO",Dawn Foods Global,1001-5000,"Food and Beverage,Manufacturing",$23-$25 /hr,"1. 1 year of experience supporting plants and assessing the effectiveness of plant quality and food safety programs
2. Ability to read and interpret documents such as safety rules, operating and maintenance instructions and procedure manuals
3. Ability to problem solve in variable situations
4. Must be able to work well with others and independently
5. Knowledge of basic lab equipment such as water activity, viscometers, etc.
...",not sure,
Software Dev Engineer III - AMZ26528.1,2025-08-13,https://jobright.ai/jobs/info/689d4c8183d13d1f5b6aea6b?utm_source=1100&utm_campaign=Software Engineering,On Site,"San Francisco, CA",Amazon,10000+,"Delivery,E-Commerce",$151K-$262K /yr,"1. Master's degree or foreign equivalent degree in Computer Science, Engineering, Mathematics, or a related field and one year of experience in the job offered, or as a Software Engineer, Software Developer, or a related occupation.
2. Employer will accept a Bachelor's degree or foreign equivalent degree in Computer Science, Engineering, Mathematics, or a related field and five years of progressive post-baccalaureate experience in the job offered or a related occupation as equivalent to the Master's degree and one year of experience.
3. Must have one year of experience in the following skill(s): (1) providing technical leadership and project management for all aspects of the software development lifecycle; and (2) designing and developing largescale, multi-tiered, distributed software applications, tools, systems or services using: (i.) Object Oriented Design, (ii.) distributed programming, and (iii.) C#, C++, or Java.",not sure,
FULL STACK DEVELOPER,2025-08-13,https://jobright.ai/jobs/info/689d60e3faa4e875e826f233?utm_source=1100&utm_campaign=Software Engineering,Remote,"Abbott Park, IL",Abbott,10000+,"Biotechnology,Emergency Medicine",$67K-$133K /yr,"1. Bachelor’s Degree in Computer Science (or related engineering discipline) and/or equivalent training & work experience.
2. 1-2+ YEARS of professional software development experience in an Agile environment, including internships.
3. Full stack software development experience in any of the following: Go, React, Node, Javascript, HTML, CSS and JSX.
4. Strong Computer Science fundamentals and experience with software development.
5. Highly motivated to learn new software development languages to meet goals and objectives.
...",not sure,
"Software Engineer II, Backend (Capital Risk)",2025-08-13,https://jobright.ai/jobs/info/68844fee4174df41e0f915dd?utm_source=1100&utm_campaign=Software Engineering,Hybrid,"Multi Location
San Jose, CA
Palo Alto, CA
Sioux Falls, SD
St Louis, MO
Cleveland, OH
Houston, TX
Miami, FL
Madison, WI
Charlotte, NC
Richmond, VA
Raleigh, NC
Boulder, CO
Boise, ID
Denver, CO
Baltimore, MD
Dallas, TX
Nashville, TN
Minneapolis, MN
Philadelphia, PA
Phoenix, AZ
San Diego, CA
Remote US",Affirm,1001-5000,"Financial Services,FinTech",$160000-$210000 /yr,"1. You have a total of 1.5+ years of experience as a software engineer.
2. You have a track record of developing highly available distributed systems using technologies like AWS, MySQL and Kubernetes.
3. You have experience defining a technical plan for the delivery of a significant feature or system component with an elegant, simple and extensible design.
4. You write high quality code that is easily understood and used by others.
5. You are proficient at making significant changes in a large code base, and have developed a suite of tools and practices that enable you and your team to do so safely.
...",not sure,
QA Analyst (Contract),2025-08-13,https://jobright.ai/jobs/info/689d361d79a9f9666253e532?utm_source=1100&utm_campaign=Software Engineering,Hybrid,LA Metro Area,Santa Monica Studio,251-500,Digital Entertainment,$24-$36 /hr,"1. Excellent gameplay skills
2. Excellent critical analysis skills
3. Excellent communication, organizational, time management, and interpersonal skills
4. High degree of emotional intelligence
5. Experience with current generation PlayStation platforms and peripherals
...",not sure,
Autonomous Vehicle Software Engineer,2025-08-13,https://jobright.ai/jobs/info/689d329f79a9f9666253e06f?utm_source=1100&utm_campaign=Software Engineering,On Site,"Multi Location
Manassas, VA
Cambridge, MA",Aurora Flight Sciences,501-1000,"Aerospace,Air Transportation",$62K-$134K /yr,"1. B.S.in one of the following Engineering Degrees or related disciplines: Aerospace Engineering or Computer Science.
2. Must be a US Citizen or Legal US Permanent Resident.
3. Relevant Discipline Interest and Working Knowledge Normally Include a Mix of: UAS or Autonomous Vehicles.
4. Robotic System Guidance.
5. Navigation and Control.
...",no,
Software Developer,2025-08-13,https://jobright.ai/jobs/info/689d2fdf79a9f9666253dfbe?utm_source=1100&utm_campaign=Software Engineering,On Site,"Huntsville, AL",Leidos,10000+,"Computer,Government",$55K-$100K /yr,"1. Must currently possess a bachelor's degree with a minimum 3.0 GPA in Computer Science, Software Development, Cyber Security Engineering, or a similar major from an accredited college or university.
2. Must be a US Citizen and eligible to obtain a Secret security clearance.
3. Resident of North Alabama area or willing to relocate in order to work on-site at the Huntsville, AL office.
4. Ability to work in both collaborative team environments and independently.
5. Experience with technical leadership on work or academic projects.
...",no,
Full Stack Developer,2025-08-13,https://jobright.ai/jobs/info/689d1f0e83d13d1f5b6ad443?utm_source=1100&utm_campaign=Software Engineering,Remote,United States - Illinois - Abbott Park,Abbott,10000+,"Biotechnology,Emergency Medicine","$66,700-$133,300 /yr","1. Bachelor’s Degree in Computer Science (or related engineering discipline) and/or equivalent training & work experience.
2. 1-2+ years of professional software development experience in an Agile environment, including internships.
3. Full stack software development experience in any of the following: Go, React, Node, Javascript, HTML, CSS and JSX.
4. Strong Computer Science fundamentals and experience with software development.
5. Highly motivated to learn new software development languages to meet goals and objectives.
...",not sure,
Software Engineer - Mission Sim,2025-08-13,https://jobright.ai/jobs/info/67f1c456ee915c106e6a746e?utm_source=1100&utm_campaign=Software Engineering,On Site,"Mountain View, CA",Applied Intuition,501-1000,"Artificial Intelligence (AI),Autonomous Vehicles",$125K-$222K /yr,"1. Experience developing software quickly (we use C++ and TypeScript + React, which you can learn on the job if you don’t have experience with them already)
2. A hunger to learn and grow into a position of ownership and impact on a new product team
3. U.S. citizenship (legally required)",no,
Quantitative Software Developer,2025-08-13,https://jobright.ai/jobs/info/689c0acb79a9f966625356df?utm_source=1100&utm_campaign=Software Engineering,Hybrid,"Baltimore, MD",Campbell,101-250,,$50K-$130K /yr,"1. Ability to understand and properly implement mathematical models using time series objects
2. Experience with basic statistics code
3. Proficiency in graphing functions
4. Experience with simulations
5. Ability to perform basic database queries
...",not sure,
"Engineer, Integrations",2025-08-13,https://jobright.ai/jobs/info/68455bc5a0ae857c2f42e026?utm_source=1100&utm_campaign=Software Engineering,On Site,"New York City, NY",Pinwheel,51-100,"Financial Services,FinTech",$92000-$115000 /yr,"1. Python proficiency (or transferrable scripting language experience).
2. A strong grasp of how the web works (HTTP, webservers).
3. Experience with processing, manipulating, and cleaning data.
4. A desire to focus on customer needs and solve real problems.
5. Strong listening, communication, and collaboration skills, providing and sharing timely and helpful information to others.
...",not sure,
"Associate, Software Engineer (Herndon, VA)",2025-08-13,https://jobright.ai/jobs/info/689cecbc79a9f9666253c3fe?utm_source=1100&utm_campaign=Software Engineering,On Site,"Herndon, VA",L3Harris Technologies,10000+,"Commercial,Information Technology",$74000-$138000 /yr,"1. Bachelor’s degree in Computer Science, Computer Engineering, Software Engineering, Electrical Engineering, Wireless Engineering, Information Security, Mathematics, Digital Arts & Sciences or related field",no,
"Associate, Software Engineer (Rochester, NY)",2025-08-13,https://jobright.ai/jobs/info/689cecad79a9f9666253c3c0?utm_source=1100&utm_campaign=Software Engineering,On Site,"Rochester, NY",L3Harris Technologies,10000+,"Commercial,Information Technology",$64K-$120K /yr,"1. Bachelor’s degree in Computer Science, Computer Engineering, Software Engineering, Electrical Engineering, Wireless Engineering, Information Security, Mathematics, Digital Arts & Sciences or related field",no,
Sys & Dev Analyst 1,2025-08-13,https://jobright.ai/jobs/info/689cde77faa4e875e826b32c?utm_source=1100&utm_campaign=Software Engineering,On Site,"Reno, NV, United States",BHE Compression Services,,,"$68,300-$80,300 /yr","1. Recent graduate passionate about technology
2. Eager to learn enterprise systems
3. Ready to take the next step in your career in IT
4. Ability to develop through mentorship
5. Willingness to undergo hands-on training
...",not sure,
Jr. Cloud Engineer,2025-08-13,https://jobright.ai/jobs/info/689cc874faa4e875e826a77e?utm_source=1100&utm_campaign=Software Engineering,Remote,United States,Sagitec Solutions,501-1000,"Employment,Government",$65K-$80K /yr,"1. 0-to-3-years’ experience.
2. Azure and/or AWS certifications.
3. Familiarity with VM’s and server builds.
4. Basic knowledge of firewalls and Active Directory.
5. Microsoft Office Suite proficiency.
...",not sure,yes
Back-End Engineer,2025-08-13,https://jobright.ai/jobs/info/689ae63b5574fd6bc0c875c8?utm_source=1100&utm_campaign=Software Engineering,Hybrid,"Denver, Colorado",Blissway,11-50,"Computer Vision,GovTech",,"1. 1+ years of experience
2. Studied at a Top 25 computer science school
3. Code really well. Which language you are most proficient is not important, as long as you learn fast. We mostly use Python and Typescript.
4. Excel at solving hard problems and take full ownership. We expect you to figure out what you need to get stuff done.
5. Have incredible eye for detail.",not sure,
Full Stack Engineer,2025-08-13,https://jobright.ai/jobs/info/689b8fb383d13d1f5b6a1184?utm_source=1100&utm_campaign=Software Engineering,On Site,"Palo Alto, CA",TabaPay,11-50,"Financial Services,FinTech",$125000-$125000 /yr,"1. Bachelor’s Degree in Computer Science
2. 1 to 5 years of experience in full-stack software engineering
3. Wants to code 90% of the time as an individual contributor
4. Solid understanding of RESTful API structures
5. Strong Python or Go experience
...",not sure,
Software Engineer I-NoSQL-International Card Services,2025-08-13,https://jobright.ai/jobs/info/68a74bc0758f2e4ac3fead67?utm_source=1100&utm_campaign=Software Engineering,Hybrid,"Sunrise, Florida, United States",American Express,10000+,"Credit Cards,Finance",$70000-$135000 /yr,"1. Experience in building large scale distributed applications with object-oriented design using java related stack.
2. Holds a masters or bachelor’s degree in Computer Science, Information Systems, or other related field (or has equivalent work experience).
3. Ability to implement scalable, high performing, secure, highly available solutions.
4. Proficient in developing solution architecture for business problems and communicating it to large teams.
5. Proficient in weighing pros and cons of different solution options and gaining alignment on the preferred option with multiple stakeholders.
...",no,
Datacenter Resiliency Architect - New College Grad 2025,2025-08-13,https://jobright.ai/jobs/info/6890326ff5ee707a15db4249?utm_source=1100&utm_campaign=Software Engineering,On Site,"Santa Clara, CA",NVIDIA,10000+,"Artificial Intelligence (AI),GPU",$120K-$236K /yr,"1. Pursuing or recently completed a Master’s or PhD degree in Computer Engineering, Electrical Engineering or closely related degree or equivalent experience.
2. Familiarity with GPU and Networking Architectures, Computer Architecture basics (including caches, coherence, buses, direct memory access, etc.); Machine Learning/Deep Learning concepts.
3. Proficiency in RAS concepts and in developing Architecture models.
4. Scripting and automation with Python or similar.
5. Proficiency in C/C++.
...",not sure,
Software Dev Engineer II - AMZ26514.1,2025-08-13,https://jobright.ai/jobs/info/68634c5c5b4837ff3abcf9b4?utm_source=1100&utm_campaign=Software Engineering,On Site,"Jersey City, NJ",Amazon,10000+,"Delivery,E-Commerce",$158K-$214K /yr,"1. Bachelor's degree or foreign equivalent degree in Computer Science, Engineering, Mathematics, or a related field
2. one year of experience in the job offered or a related occupation
3. one year of experience in designing and developing large-scale, multi-tiered, multi-threaded, embedded or distributed software applications, tools, systems, and services using: C#, C++, Java, or Perl
4. one year of experience in Object Oriented Design",not sure,
Software Engineer,2025-08-13,https://jobright.ai/jobs/info/689433b54c7e851b90ae3a17?utm_source=1100&utm_campaign=Software Engineering,On Site,"San Diego, CA",Cubic Corporation,5001-10000,"National Security,Training",$107K-$163K /yr,"1. Four-year college degree in computer science, computer engineering or other related technical discipline.
2. Knowledge of programming languages such as Java, Design Patterns, Spring Framework, SQL, Product Lifecycle Management, graphics or other developmental software.
3. Ability to use JIRA and GIT.
4. Ability to develop software in a Unix, Windows Server, Integrated Development Environments (IDEs), or other PC environment.
5. Effective written and oral communication skills.
...",not sure,
Software Engineer - Forward Deployed,2025-08-13,https://jobright.ai/jobs/info/6880890e764c3d7411c54424?utm_source=1100&utm_campaign=Software Engineering,Hybrid,San Francisco Bay Area,Invisible Technologies,251-500,"Data Center Automation,Information Technology",$88K-$176K /yr,"1. 1-4 years of professional experience in software engineering or ML engineering
2. Strong Python skills and familiarity with libraries like PyTorch, Hugging Face, LangChain, or OpenAI APIs
3. Solid understanding of data pipelines, APIs, and production deployment (e.g., Docker, FastAPI, GCP/AWS)
4. Experience building usable systems from messy data and ambiguous requirements
5. Strong communication skills — you can explain technical decisions to delivery teams and client stakeholders
...",not sure,
"Amazon Dedicated Cloud Engineer I, Builder Tools",2025-08-13,https://jobright.ai/jobs/info/689c7e1bfaa4e875e82689bf?utm_source=1100&utm_campaign=Software Engineering,On Site,"Arlington, VA",Amazon Web Services (AWS),10000+,"Consulting,DevOps",$82K-$152K /yr,"1. A+ or CND (Certified Network Defender) or Network+ or Security+
2. 1+ years of systems administration experience (Linux/Windows).
3. Experience working with scripting languages.
4. Excellent communication skills and the ability to work well in a team.
5. Current, active US Government Security Clearance of TS/SCI with Polygraph",no,
Software Engineer I,2025-08-13,https://jobright.ai/jobs/info/689c7776faa4e875e826880f?utm_source=1100&utm_campaign=Software Engineering,Remote,United States,"Coalition, Inc.",501-1000,"Cyber Security,Information Technology",$99K-$130K /yr,"1. API and service development in Python and/or Go
2. Production tested cloud-native development fundamentals including horizontal scaling, 12-factor application design, security fundamentals like OWASP, etc.
3. Assessing software errors with tools like Sentry, DataDog, Jaeger/Zipkin, GreyLog or Appdynamics
4. Container-based deployment and development with Docker
5. Experience using multiple transports and formats (e.g. REST, gRPC, GraphQL)
...",not sure,yes
"Associate, Software Engineer (Herndon, VA)",2025-08-13,https://jobright.ai/jobs/info/689c774679a9f96662538c09?utm_source=1100&utm_campaign=Software Engineering,On Site,"Herndon, VA",L3Harris Technologies,10000+,"Commercial,Information Technology",$74K-$138K /yr,"1. Bachelor’s degree in Computer Science, Computer Engineering, Software Engineering, Electrical Engineering, Wireless Engineering, Information Security, Mathematics, Digital Arts & Sciences or related field",no,
Applications Development Engineer,2025-08-13,https://jobright.ai/jobs/info/688025479f72804245707bcc?utm_source=1100&utm_campaign=Software Engineering,On Site,"Boise, ID",KLA,10000+,"Electronics,Information Technology",$98K-$166K /yr,"1. Doctorate (Academic) Degree and 0 years related work experience
2. Master's Level Degree and related work experience of 3 years
3. Bachelor's Level Degree and related work experience of 5 years
4. Excellent written and communication skills, including delivering technical presentations with clarity
5. Domestic and worldwide travel (may be 50%) is required",not sure,yes
Quality Assurance (Part - Time),2025-08-13,https://jobright.ai/jobs/info/687edf1edb19f31cf0d6da8a?utm_source=1100&utm_campaign=Software Engineering,On Site,"New York, NY",Major League Baseball (MLB),1001-5000,"Association,Baseball",$20-$20 /hr,"1. Comprehensive knowledge of baseball rules, culture, and terminology
2. Meticulous attention to detail, paired with the ability to rigorously implement test plans
3. Superior written and verbal communication capabilities
4. Hands-on experience with bug tracking software, preferably Jira
5. Solid understanding of diverse game development disciplines, including programming, art, and design
...",not sure,
C++ Software Engineer II - Graph Algorithms,2025-08-13,https://jobright.ai/jobs/info/684546c427e961ae145cc0ca?utm_source=1100&utm_campaign=Software Engineering,Hybrid,"Redlands, CA",Esri,5001-10000,"3D Technology,Analytics",$97760-$163280 /yr,"1. 1+ years of experience designing and implementing transportation network graph algorithms
2. Experience with C++11 and modern C++ style and idioms
3. Experience designing, analyzing, and implementing graph algorithms
4. Familiarity with basic data structures
5. Ability to clearly describe and analyze a problem and to articulate a solution
...",not sure,
Associate Software Quality Assurance Analyst,2025-08-13,https://jobright.ai/jobs/info/688afe9909808a6103e53596?utm_source=1100&utm_campaign=Software Engineering,On Site,"Pittsburgh, PA",Industrial Scientific,101-250,"Electronics,Enterprise Software","$37,700-$69,900 /yr","1. Experience: 0 – 2 years
2. Education & Certification: Minimum 2-year degree
3. Willingness to work in a lab-like environment
4. Strong analytical and problem-solving skills
5. Strong communication skills, both written and oral
...",no,yes
Embedded Software Engineer - New Grad,2025-08-13,https://jobright.ai/jobs/info/689997475574fd6bc0c7d49b?utm_source=1100&utm_campaign=Software Engineering,On Site,"Mountain View, CA",Applied Intuition,501-1000,"Artificial Intelligence (AI),Autonomous Vehicles",$120K-$140K /yr,"1. BS/BA, MS, or PhD in Computer Engineering, Computer Science, or related degree
2. Excellent C or C++ programming
3. Ability to do low-level debugging on hardware to ensure complete system operation",not sure,yes
Junior Front End Developer (Active TS/SCI w/Poly Required),2025-08-13,https://jobright.ai/jobs/info/689d90b4faa4e875e8271c58?utm_source=1100&utm_campaign=Software Engineering,Hybrid,"Annapolis Junction, MD",General Dynamics Information Technology,10000+,"Artificial Intelligence (AI),Cloud Computing",$85K-$115K /yr,"1. Active TS/SCI with Polygraph
2. Bachelor’s Degree in Computer Science, Computer Engineering or a related technical discipline
3. 0+ years of related experience
4. Familiarity with React or other similar Front End Frameworks
5. US Citizenship Required",no,yes
Software Engineer,2025-08-12,https://jobright.ai/jobs/info/689bc954faa4e875e82637e9?utm_source=1100&utm_campaign=Software Engineering,On Site,"Bellevue, WA",GE HealthCare,10000+,"Apps,Health Care",$80K-$150K /yr,"1. Bachelor’s degree in Computer Science or related discipline, or equivalent experience
2. 1+ year of work experience with building scalable, distributed systems using AWS, Azure or GCP",no,
Software Engineer I,2025-08-12,https://jobright.ai/jobs/info/689c25ccfaa4e875e82667e6?utm_source=1100&utm_campaign=Software Engineering,Hybrid,"Needham, MA",Advisor360°,251-500,"Information Technology,SaaS",$68K-$88K /yr,"1. BS in Computer Science, Engineering, and/or equivalent industry experience
2. Knowledge of software engineering best practices for the full software development life cycle
3. High threshold to work within highly complex and ambiguous situations
4. Ability to work and communicate effectively across disciplines and teams
5. Design, implementation, and testing skills
...",no,
"Software Engineer - Flex Hybrid in Chicago, IL",2025-08-12,https://jobright.ai/jobs/info/68a7ebaed627244576e2f824?utm_source=1100&utm_campaign=Software Engineering,Hybrid,"Chicago, IL",CBRE,10000+,"Commercial,Financial Services",$106250-$131250 /yr,"1. A Bachelor’s or Master’s degree in Computer Science or related discipline
2. A Bachelor’s or Master’s degree in another discipline with demonstrated experience (academic or professional) building generative AI applications.
3. 1-3 years of experience building applications in python
4. 1-3 years of experience with react and modern front end development
5. Experience building software in an enterprise setting
...",not sure,